time_s,I_xx,I_yy,I_zz,COM,density,speed_of_sound,z_engine,thrust,rocket_diameter,propellant_mass
0.0,2378.917808469899,424111.15594469267,424111.15594469267,11.908351590511018,0.4389003794754302,301.636004047549,0.0,0.0,1.2,8100.0
0.01,2378.917808469899,424111.15594469267,424111.15594469267,11.908351590511018,0.43887125864749926,301.6336527116043,0.0,0.0,1.2,8100.0
0.02,2378.917808469899,424111.15594469267,424111.15594469267,11.908351590511018,0.4388421919744353,301.63130561103685,0.0,0.0,1.2,8100.0
0.03,2378.917808469899,424111.15594469267,424111.15594469267,11.908351590511018,0.4388131794476799,301.6289627459051,0.0,0.0,1.2,8100.0
0.04,2378.917808469899,424111.15594469267,424111.15594469267,11.908351590511018,0.4387842210585399,301.6266241162553,0.0,0.0,1.2,8100.0
0.05,2378.917808469899,424111.15594469267,424111.15594469267,11.908351590511018,0.4387553167987365,301.6242897221658,0.0,0.0,1.2,8100.0
0.060000000000000005,2378.917808469899,424111.15594469267,424111.15594469267,11.908351590511018,0.4387264666593073,301.6219595636584,0.0,0.0,1.2,8100.0
0.07,2378.917808469899,424111.15594469267,424111.15594469267,11.908351590511018,0.4386976706321033,301.61963364081913,0.0,0.0,1.2,8100.0
0.08,2378.917808469899,424111.15594469267,424111.15594469267,11.908351590511018,0.43866892870854257,301.61731195369754,0.0,0.0,1.2,8100.0
0.09,2378.917808469899,424111.15594469267,424111.15594469267,11.908351590511018,0.43864024088000686,301.6149945023391,0.0,0.0,1.2,8100.0
0.09999999999999999,2378.917808469899,424111.15594469267,424111.15594469267,11.908351590511018,0.4386116071380449,301.61268128680103,0.0,0.0,1.2,8100.0
0.10999999999999999,2378.917808469899,424111.15594469267,424111.15594469267,11.908351590511018,0.4385830274742679,301.61037230714453,0.0,0.0,1.2,8100.0
0.11999999999999998,2378.917808469899,424111.15594469267,424111.15594469267,11.908351590511018,0.4385545018801048,301.6080675634145,0.0,0.0,1.2,8100.0
0.12999999999999998,2378.917808469899,424111.15594469267,424111.15594469267,11.908351590511018,0.43852603034724846,301.60576705567576,0.0,0.0,1.2,8100.0
0.13999999999999999,2378.917808469899,424111.15594469267,424111.15594469267,11.908351590511018,0.4384976128672561,301.6034707839808,0.0,0.0,1.2,8100.0
0.15,2378.917808469899,424111.15594469267,424111.15594469267,11.908351590511018,0.43846924943160276,301.6011787483741,0.0,0.0,1.2,8100.0
0.16,2378.917808469899,424111.15594469267,424111.15594469267,11.908351590511018,0.43844094003217526,301.59889094893185,0.0,0.0,1.2,8100.0
0.17,2378.917808469899,424111.15594469267,424111.15594469267,11.908351590511018,0.4384126846602781,301.5966073856821,0.0,0.0,1.2,8100.0
0.18000000000000002,2378.917808469899,424111.15594469267,424111.15594469267,11.908351590511018,0.4383844833077799,301.5943280586967,0.0,0.0,1.2,8100.0
0.19000000000000003,2378.917808469899,424111.15594469267,424111.15594469267,11.908351590511018,0.4383563359662144,301.59205296801946,0.0,0.0,1.2,8100.0
0.20000000000000004,2378.917808469899,424111.15594469267,424111.15594469267,11.908351590511018,0.43832824262733044,301.5897821137098,0.0,0.0,1.2,8100.0
0.21000000000000005,2378.917808469899,424111.15594469267,424111.15594469267,11.908351590511018,0.43830020328284264,301.58751549582314,0.0,0.0,1.2,8100.0
0.22000000000000006,2378.917808469899,424111.15594469267,424111.15594469267,11.908351590511018,0.43827221792432997,301.5852531144025,0.0,0.0,1.2,8100.0
0.23000000000000007,2378.917808469899,424111.15594469267,424111.15594469267,11.908351590511018,0.43824428654368675,301.58299496951514,0.0,0.0,1.2,8100.0
0.24000000000000007,2378.917808469899,424111.15594469267,424111.15594469267,11.908351590511018,0.4382164091325228,301.58074106120364,0.0,0.0,1.2,8100.0
0.25000000000000006,2378.917808469899,424111.15594469267,424111.15594469267,11.908351590511018,0.43818858568261204,301.57849138952275,0.0,0.0,1.2,8100.0
0.26000000000000006,2378.917808469899,424111.15594469267,424111.15594469267,11.908351590511018,0.4381608161857948,301.5762459545309,0.0,0.0,1.2,8100.0
0.2700000000000001,2378.917808469899,424111.15594469267,424111.15594469267,11.908351590511018,0.4381331006337758,301.5740047562744,0.0,0.0,1.2,8100.0
0.2800000000000001,2378.917808469899,424111.15594469267,424111.15594469267,11.908351590511018,0.4381054390183749,301.57176779480733,0.0,0.0,1.2,8100.0
0.2900000000000001,2378.917808469899,424111.15594469267,424111.15594469267,11.908351590511018,0.438077831331477,301.56953507018767,0.0,0.0,1.2,8100.0
0.3000000000000001,2378.917808469899,424111.15594469267,424111.15594469267,11.908351590511018,0.43805027756473264,301.5673065824531,0.0,0.0,1.2,8100.0
0.3100000000000001,2378.917808469899,424111.15594469267,424111.15594469267,11.908351590511018,0.43802277771025655,301.5650823316773,0.0,0.0,1.2,8100.0
0.3200000000000001,2378.917808469899,424111.15594469267,424111.15594469267,11.908351590511018,0.43799533175972966,301.5628623178976,0.0,0.0,1.2,8100.0
0.3300000000000001,2378.917808469899,424111.15594469267,424111.15594469267,11.908351590511018,0.4379679397050471,301.5606465411673,0.0,0.0,1.2,8100.0
0.34000000000000014,2378.917808469899,424111.15594469267,424111.15594469267,11.908351590511018,0.437940601538019,301.5584350015312,0.0,0.0,1.2,8100.0
0.35000000000000014,2378.917808469899,424111.15594469267,424111.15594469267,11.908351590511018,0.43791331725072175,301.55622769905455,0.0,0.0,1.2,8100.0
0.36000000000000015,2378.917808469899,424111.15594469267,424111.15594469267,11.908351590511018,0.4378860868349955,301.5540246337818,0.0,0.0,1.2,8100.0
0.37000000000000016,2378.917808469899,424111.15594469267,424111.15594469267,11.908351590511018,0.43785891028284596,301.55182580576957,0.0,0.0,1.2,8100.0
0.38000000000000017,2378.917808469899,424111.15594469267,424111.15594469267,11.908351590511018,0.4378317875860444,301.5496312150541,0.0,0.0,1.2,8100.0
0.3900000000000002,2378.917808469899,424111.15594469267,424111.15594469267,11.908351590511018,0.43780471873682636,301.5474408617077,0.0,0.0,1.2,8100.0
0.4000000000000002,2378.917808469899,424111.15594469267,424111.15594469267,11.908351590511018,0.4377777037269928,301.5452547457662,0.0,0.0,1.2,8100.0
0.4100000000000002,2378.917808469899,424111.15594469267,424111.15594469267,11.908351590511018,0.43775074254861,301.54307286728556,0.0,0.0,1.2,8100.0
0.4200000000000002,2378.917808469899,424111.15594469267,424111.15594469267,11.908351590511018,0.4377238351936091,301.54089522630926,0.0,0.0,1.2,8100.0
0.4300000000000002,2378.917808469899,424111.15594469267,424111.15594469267,11.908351590511018,0.43769698165408644,301.5387218228929,0.0,0.0,1.2,8100.0
0.4400000000000002,2378.917808469899,424111.15594469267,424111.15594469267,11.908351590511018,0.4376701819222023,301.53655265709574,0.0,0.0,1.2,8100.0
0.45000000000000023,2378.917808469899,424111.15594469267,424111.15594469267,11.908351590511018,0.43764343598978445,301.5343877289488,0.0,0.0,1.2,8100.0
0.46000000000000024,2378.917808469899,424111.15594469267,424111.15594469267,11.908351590511018,0.43761674384917265,301.5322270385231,0.0,0.0,1.2,8100.0
0.47000000000000025,2378.917808469899,424111.15594469267,424111.15594469267,11.908351590511018,0.43759010549222455,301.5300705858493,0.0,0.0,1.2,8100.0
0.48000000000000026,2378.917808469899,424111.15594469267,424111.15594469267,11.908351590511018,0.437563520911111,301.5279183709819,0.0,0.0,1.2,8100.0
0.49000000000000027,2378.917808469899,424111.15594469267,424111.15594469267,11.908351590511018,0.43753699009806873,301.5257703939796,0.0,0.0,1.2,8100.0
0.5000000000000002,2378.917808469899,424111.15594469267,424111.15594469267,11.908351590511018,0.437510513045149,301.5236266548843,0.0,0.0,1.2,8100.0
0.5100000000000002,2378.917808469899,424111.15594469267,424111.15594469267,11.908351590511018,0.43748408974456837,301.5214871537503,0.0,0.0,1.2,8100.0
0.5200000000000002,2378.917808469899,424111.15594469267,424111.15594469267,11.908351590511018,0.43745772018840884,301.5193518906193,0.0,0.0,1.2,8100.0
0.5300000000000002,2378.917808469899,424111.15594469267,424111.15594469267,11.908351590511018,0.4374314043689167,301.51722086554497,0.0,0.0,1.2,8100.0
0.5400000000000003,2378.917808469899,424111.15594469267,424111.15594469267,11.908351590511018,0.43740514227815436,301.51509407856486,0.0,0.0,1.2,8100.0
0.5500000000000003,2378.917808469899,424111.15594469267,424111.15594469267,11.908351590511018,0.4373789339085473,301.51297152974433,0.0,0.0,1.2,8100.0
0.5600000000000003,2378.917808469899,424111.15594469267,424111.15594469267,11.908351590511018,0.43735277925218785,301.5108532191205,0.0,0.0,1.2,8100.0
0.5700000000000003,2378.917808469899,424111.15594469267,424111.15594469267,11.908351590511018,0.43732667830143285,301.5087391467505,0.0,0.0,1.2,8100.0
0.5800000000000003,2378.917808469899,424111.15594469267,424111.15594469267,11.908351590511018,0.437300631048404,301.50662931267084,0.0,0.0,1.2,8100.0
0.5900000000000003,2378.917808469899,424111.15594469267,424111.15594469267,11.908351590511018,0.43727463748553763,301.5045237169424,0.0,0.0,1.2,8100.0
0.6000000000000003,2378.917808469899,424111.15594469267,424111.15594469267,11.908351590511018,0.4372486976050358,301.50242235960553,0.0,0.0,1.2,8100.0
0.6100000000000003,2378.917808469899,424111.15594469267,424111.15594469267,11.908351590511018,0.43722281139911623,301.5003252407005,0.0,0.0,1.2,8100.0
0.6200000000000003,2378.917808469899,424111.15594469267,424111.15594469267,11.908351590511018,0.437196978860309,301.49823236029135,0.0,0.0,1.2,8100.0
0.6300000000000003,2378.917808469899,424111.15594469267,424111.15594469267,11.908351590511018,0.43717119998086224,301.4961437184182,0.0,0.0,1.2,8100.0
0.6400000000000003,2378.917808469899,424111.15594469267,424111.15594469267,11.908351590511018,0.4371454747530871,301.4940593151245,0.0,0.0,1.2,8100.0
0.6500000000000004,2378.917808469899,424111.15594469267,424111.15594469267,11.908351590511018,0.43711980316941046,301.49197915046204,0.0,0.0,1.2,8100.0
0.6600000000000004,2378.917808469899,424111.15594469267,424111.15594469267,11.908351590511018,0.43709418522212473,301.48990322447,0.0,0.0,1.2,8100.0
0.6700000000000004,2378.917808469899,424111.15594469267,424111.15594469267,11.908351590511018,0.43706862090378595,301.48783153720785,0.0,0.0,1.2,8100.0
0.6800000000000004,2378.917808469899,424111.15594469267,424111.15594469267,11.908351590511018,0.4370431102067159,301.48576408871446,0.0,0.0,1.2,8100.0
0.6900000000000004,2378.917808469899,424111.15594469267,424111.15594469267,11.908351590511018,0.43701765312330204,301.48370087903265,0.0,0.0,1.2,8100.0
0.7000000000000004,2378.917808469899,424111.15594469267,424111.15594469267,11.908351590511018,0.4369922496460455,301.4816419082132,0.0,0.0,1.2,8100.0
0.7100000000000004,2378.917808469899,424111.15594469267,424111.15594469267,11.908351590511018,0.4369668997674631,301.4795871763065,0.0,0.0,1.2,8100.0
0.7200000000000004,2378.917808469899,424111.15594469267,424111.15594469267,11.908351590511018,0.4369416034799368,301.47753668335093,0.0,0.0,1.2,8100.0
0.7300000000000004,2378.917808469899,424111.15594469267,424111.15594469267,11.908351590511018,0.43691636077601326,301.47549042939664,0.0,0.0,1.2,8100.0
0.7400000000000004,2378.917808469899,424111.15594469267,424111.15594469267,11.908351590511018,0.4368911716482039,301.4734484144896,0.0,0.0,1.2,8100.0
0.7500000000000004,2378.917808469899,424111.15594469267,424111.15594469267,11.908351590511018,0.4368660360889853,301.4714106386716,0.0,0.0,1.2,8100.0
0.7600000000000005,2378.917808469899,424111.15594469267,424111.15594469267,11.908351590511018,0.4368409540909498,301.4693771019922,0.0,0.0,1.2,8100.0
0.7700000000000005,2378.917808469899,424111.15594469267,424111.15594469267,11.908351590511018,0.43681592564660304,301.4673478044929,0.0,0.0,1.2,8100.0
0.7800000000000005,2378.917808469899,424111.15594469267,424111.15594469267,11.908351590511018,0.43679095074851715,301.4653227462189,0.0,0.0,1.2,8100.0
0.7900000000000005,2378.917808469899,424111.15594469267,424111.15594469267,11.908351590511018,0.436766029389328,301.4633019272193,0.0,0.0,1.2,8100.0
0.8000000000000005,2378.917808469899,424111.15594469267,424111.15594469267,11.908351590511018,0.43674116156158793,301.461285347535,0.0,0.0,1.2,8100.0
0.8100000000000005,2378.917808469899,424111.15594469267,424111.15594469267,11.908351590511018,0.4367163472579626,301.45927300721473,0.0,0.0,1.2,8100.0
0.8200000000000005,2378.917808469899,424111.15594469267,424111.15594469267,11.908351590511018,0.43669158647103334,301.45726490629903,0.0,0.0,1.2,8100.0
0.8300000000000005,2378.917808469899,424111.15594469267,424111.15594469267,11.908351590511018,0.4366668791934473,301.4552610448323,0.0,0.0,1.2,8100.0
0.8400000000000005,2378.917808469899,424111.15594469267,424111.15594469267,11.908351590511018,0.43664222541791464,301.45326142286274,0.0,0.0,1.2,8100.0
0.8500000000000005,2378.917808469899,424111.15594469267,424111.15594469267,11.908351590511018,0.4366176251370625,301.4512660404303,0.0,0.0,1.2,8100.0
0.8600000000000005,2378.917808469899,424111.15594469267,424111.15594469267,11.908351590511018,0.4365930783436309,301.4492748975829,0.0,0.0,1.2,8100.0
0.8700000000000006,2378.917808469899,424111.15594469267,424111.15594469267,11.908351590511018,0.43656858503027707,301.4472879943601,0.0,0.0,1.2,8100.0
0.8800000000000006,2378.917808469899,424111.15594469267,424111.15594469267,11.908351590511018,0.4365441451897216,301.44530533080547,0.0,0.0,1.2,8100.0
0.8900000000000006,2378.917808469899,424111.15594469267,424111.15594469267,11.908351590511018,0.43651975881479943,301.4433269069703,0.0,0.0,1.2,8100.0
0.9000000000000006,2378.917808469899,424111.15594469267,424111.15594469267,11.908351590511018,0.4364954258982125,301.4413527228937,0.0,0.0,1.2,8100.0
0.9100000000000006,2378.917808469899,424111.15594469267,424111.15594469267,11.908351590511018,0.4364711464326271,301.4393827786106,0.0,0.0,1.2,8100.0
0.9200000000000006,2378.917808469899,424111.15594469267,424111.15594469267,11.908351590511018,0.43644692041097244,301.4374170741758,0.0,0.0,1.2,8100.0
0.9300000000000006,2378.917808469899,424111.15594469267,424111.15594469267,11.908351590511018,0.43642274782604507,301.43545560963196,0.0,0.0,1.2,8100.0
0.9400000000000006,2378.917808469899,424111.15594469267,424111.15594469267,11.908351590511018,0.4363986286705052,301.4334983850094,0.0,0.0,1.2,8100.0
0.9500000000000006,2378.917808469899,424111.15594469267,424111.15594469267,11.908351590511018,0.43637456293737853,301.43154540036636,0.0,0.0,1.2,8100.0
0.9600000000000006,2378.917808469899,424111.15594469267,424111.15594469267,11.908351590511018,0.43635055061935546,301.42959665573295,0.0,0.0,1.2,8100.0
0.9700000000000006,2378.917808469899,424111.15594469267,424111.15594469267,11.908351590511018,0.43632659170934157,301.42765215115503,0.0,0.0,1.2,8100.0
0.9800000000000006,2378.917808469899,424111.15594469267,424111.15594469267,11.908351590511018,0.4363026862003555,301.42571188668643,0.0,0.0,1.2,8100.0
0.9900000000000007,2378.917808469899,424111.15594469267,424111.15594469267,11.908351590511018,0.43627883408498463,301.4237758623444,0.0,0.0,1.2,8100.0
1.0000000000000007,2378.917808469899,424111.15594469267,424111.15594469267,11.908351590511018,0.43625503535642757,301.4218440781946,0.0,0.0,1.2,8100.0
1.0100000000000007,2378.917808469899,424111.15594469267,424111.15594469267,11.908351590511018,0.43623129000749905,301.41991653427,0.0,0.0,1.2,8100.0
1.0200000000000007,2378.917808469899,424111.15594469267,424111.15594469267,11.908351590511018,0.4362075980310798,301.4179932306077,0.0,0.0,1.2,8100.0
1.0300000000000007,2378.917808469899,424111.15594469267,424111.15594469267,11.908351590511018,0.43618395942011395,301.4160741672484,0.0,0.0,1.2,8100.0
1.0400000000000007,2378.917808469899,424111.15594469267,424111.15594469267,11.908351590511018,0.43616037416776093,301.4141593442489,0.0,0.0,1.2,8100.0
1.0500000000000007,2378.917808469899,424111.15594469267,424111.15594469267,11.908351590511018,0.43613684226674587,301.4122487616295,0.0,0.0,1.2,8100.0
1.0600000000000007,2378.917808469899,424111.15594469267,424111.15594469267,11.908351590511018,0.4361133637102579,301.4103424194467,0.0,0.0,1.2,8100.0
1.0700000000000007,2378.917808469899,424111.15594469267,424111.15594469267,11.908351590511018,0.4360899384912501,301.4084403177364,0.0,0.0,1.2,8100.0
1.0800000000000007,2378.917808469899,424111.15594469267,424111.15594469267,11.908351590511018,0.43606656660274323,301.40654245653866,0.0,0.0,1.2,8100.0
1.0900000000000007,2378.917808469899,424111.15594469267,424111.15594469267,11.908351590511018,0.436043248037671,301.4046488358851,0.0,0.0,1.2,8100.0
1.1000000000000008,2378.917808469899,424111.15594469267,424111.15594469267,11.908351590511018,0.43601998278933146,301.40275945583545,0.0,0.0,1.2,8100.0
1.1100000000000008,2378.917808469899,424111.15594469267,424111.15594469267,11.908351590511018,0.4359967708506392,301.4008743164171,0.0,0.0,1.2,8100.0
1.1200000000000008,2378.917808469899,424111.15594469267,424111.15594469267,11.908351590511018,0.43597361221467273,301.39899341766915,0.0,0.0,1.2,8100.0
1.1300000000000008,2378.917808469899,424111.15594469267,424111.15594469267,11.908351590511018,0.4359505068746246,301.39711675963866,0.0,0.0,1.2,8100.0
1.1400000000000008,2378.917808469899,424111.15594469267,424111.15594469267,11.908351590511018,0.43592745482345535,301.39524434235256,0.0,0.0,1.2,8100.0
1.1500000000000008,2378.917808469899,424111.15594469267,424111.15594469267,11.908351590511018,0.43590445605458505,301.3933761658736,0.0,0.0,1.2,8100.0
1.1600000000000008,2378.917808469899,424111.15594469267,424111.15594469267,11.908351590511018,0.4358815105609046,301.39151223022014,0.0,0.0,1.2,8100.0
1.1700000000000008,2378.917808469899,424111.15594469267,424111.15594469267,11.908351590511018,0.4358586183356654,301.3896525354386,0.0,0.0,1.2,8100.0
1.1800000000000008,2378.917808469899,424111.15594469267,424111.15594469267,11.908351590511018,0.4358357793718874,301.387797081555,0.0,0.0,1.2,8100.0
1.1900000000000008,2378.917808469899,424111.15594469267,424111.15594469267,11.908351590511018,0.4358129936631498,301.38594586863957,0.0,0.0,1.2,8100.0
1.2000000000000008,2378.917808469899,424111.15594469267,424111.15594469267,11.908351590511018,0.4357902612023523,301.3840988967059,0.0,0.0,1.2,8100.0
1.2100000000000009,2378.917808469899,424111.15594469267,424111.15594469267,11.908351590511018,0.4357675819827577,301.38225616579564,0.0,0.0,1.2,8100.0
1.2200000000000009,2378.917808469899,424111.15594469267,424111.15594469267,11.908351590511018,0.43574495599774177,301.3804176759583,0.0,0.0,1.2,8100.0
1.2300000000000009,2378.917808469899,424111.15594469267,424111.15594469267,11.908351590511018,0.43572238324034807,301.37858342721506,0.0,0.0,1.2,8100.0
1.2400000000000009,2378.917808469899,424111.15594469267,424111.15594469267,11.908351590511018,0.435699863703933,301.376753419611,0.0,0.0,1.2,8100.0
1.2500000000000009,2378.917808469899,424111.15594469267,424111.15594469267,11.908351590511018,0.4356773973819171,301.3749276531952,0.0,0.0,1.2,8100.0
1.260000000000001,2378.917808469899,424111.15594469267,424111.15594469267,11.908351590511018,0.4356549842675382,301.37310612800025,0.0,0.0,1.2,8100.0
1.270000000000001,2378.917808469899,424111.15594469267,424111.15594469267,11.908351590511018,0.4356326243539973,301.3712888440547,0.0,0.0,1.2,8100.0
1.280000000000001,2378.917808469899,424111.15594469267,424111.15594469267,11.908351590511018,0.4356103176348102,301.36947580141094,0.0,0.0,1.2,8100.0
1.290000000000001,2378.917808469899,424111.15594469267,424111.15594469267,11.908351590511018,0.43558806410310913,301.36766700008917,0.0,0.0,1.2,8100.0
1.300000000000001,2378.917808469899,424111.15594469267,424111.15594469267,11.908351590511018,0.435565863752389,301.36586244013733,0.0,0.0,1.2,8100.0
1.310000000000001,2378.917808469899,424111.15594469267,424111.15594469267,11.908351590511018,0.4355437165760114,301.3640621215915,0.0,0.0,1.2,8100.0
1.320000000000001,2378.917808469899,424111.15594469267,424111.15594469267,11.908351590511018,0.43552162256740085,301.3622660444911,0.0,0.0,1.2,8100.0
1.330000000000001,2378.917808469899,424111.15594469267,424111.15594469267,11.908351590511018,0.43549958171984854,301.3604742088637,0.0,0.0,1.2,8100.0
1.340000000000001,2378.917808469899,424111.15594469267,424111.15594469267,11.908351590511018,0.4354775940268095,301.35868661474854,0.0,0.0,1.2,8100.0
1.350000000000001,2378.917808469899,424111.15594469267,424111.15594469267,11.908351590511018,0.4354556594819028,301.3569032621969,0.0,0.0,1.2,8100.0
1.360000000000001,2378.917808469899,424111.15594469267,424111.15594469267,11.908351590511018,0.435433778078315,301.3551241512236,0.0,0.0,1.2,8100.0
1.370000000000001,2378.917808469899,424111.15594469267,424111.15594469267,11.908351590511018,0.4354119498097438,301.3533492818835,0.0,0.0,1.2,8100.0
1.380000000000001,2378.917808469899,424111.15594469267,424111.15594469267,11.908351590511018,0.4353901746695051,301.3515786541991,0.0,0.0,1.2,8100.0
1.390000000000001,2378.917808469899,424111.15594469267,424111.15594469267,11.908351590511018,0.43536845265117746,301.3498122682129,0.0,0.0,1.2,8100.0
1.400000000000001,2378.917808469899,424111.15594469267,424111.15594469267,11.908351590511018,0.4353467837482547,301.34805012395907,0.0,0.0,1.2,8100.0
1.410000000000001,2378.917808469899,424111.15594469267,424111.15594469267,11.908351590511018,0.435325167954197,301.3462922214677,0.0,0.0,1.2,8100.0
1.420000000000001,2378.917808469899,424111.15594469267,424111.15594469267,11.908351590511018,0.43530360526267625,301.3445385607847,0.0,0.0,1.2,8100.0
1.430000000000001,2378.917808469899,424111.15594469267,424111.15594469267,11.908351590511018,0.43528209566723114,301.3427891419438,0.0,0.0,1.2,8100.0
1.440000000000001,2378.917808469899,424111.15594469267,424111.15594469267,11.908351590511018,0.4352606391613657,301.3410439649744,0.0,0.0,1.2,8100.0
1.450000000000001,2378.917808469899,424111.15594469267,424111.15594469267,11.908351590511018,0.4352392357386974,301.339303029914,0.0,0.0,1.2,8100.0
1.460000000000001,2378.917808469899,424111.15594469267,424111.15594469267,11.908351590511018,0.43521788539271006,301.3375663367876,0.0,0.0,1.2,8100.0
1.470000000000001,2378.917808469899,424111.15594469267,424111.15594469267,11.908351590511018,0.4351965881172001,301.33583388564426,0.0,0.0,1.2,8100.0
1.480000000000001,2378.917808469899,424111.15594469267,424111.15594469267,11.908351590511018,0.4351753439058295,301.33410567652095,0.0,0.0,1.2,8100.0
1.490000000000001,2378.917808469899,424111.15594469267,424111.15594469267,11.908351590511018,0.4351541527521264,301.3323817094421,0.0,0.0,1.2,8100.0
1.500000000000001,2378.917808469899,424111.15594469267,424111.15594469267,11.908351590511018,0.43513301464978205,301.33066198444425,0.0,0.0,1.2,8100.0
1.5100000000000011,2378.917808469899,424111.15594469267,424111.15594469267,11.908351590511018,0.4351119295924047,301.3289465015556,0.0,0.0,1.2,8100.0
1.5200000000000011,2378.917808469899,424111.15594469267,424111.15594469267,11.908351590511018,0.4350908975737642,301.3272352608164,0.0,0.0,1.2,8100.0
1.5300000000000011,2378.917808469899,424111.15594469267,424111.15594469267,11.908351590511018,0.4350699185876964,301.3255282622705,0.0,0.0,1.2,8100.0
1.5400000000000011,2378.917808469899,424111.15594469267,424111.15594469267,11.908351590511018,0.4350489926277035,301.32382550593366,0.0,0.0,1.2,8100.0
1.5500000000000012,2378.917808469899,424111.15594469267,424111.15594469267,11.908351590511018,0.43502811968760113,301.3221269918453,0.0,0.0,1.2,8100.0
1.5600000000000012,2378.917808469899,424111.15594469267,424111.15594469267,11.908351590511018,0.4350072997611699,301.320432720041,0.0,0.0,1.2,8100.0
1.5700000000000012,2378.917808469899,424111.15594469267,424111.15594469267,11.908351590511018,0.43498653284220434,301.31874269055595,0.0,0.0,1.2,8100.0
1.5800000000000012,2378.917808469899,424111.15594469267,424111.15594469267,11.908351590511018,0.43496581892441527,301.3170569034171,0.0,0.0,1.2,8100.0
1.5900000000000012,2378.917808469899,424111.15594469267,424111.15594469267,11.908351590511018,0.4349451580016272,301.3153753586593,0.0,0.0,1.2,8100.0
1.6000000000000012,2378.917808469899,424111.15594469267,424111.15594469267,11.908351590511018,0.43492455006768,301.3136980563173,0.0,0.0,1.2,8100.0
1.6100000000000012,2378.917808469899,424111.15594469267,424111.15594469267,11.908351590511018,0.4349039951162782,301.31202499641347,0.0,0.0,1.2,8100.0
1.6200000000000012,2378.917808469899,424111.15594469267,424111.15594469267,11.908351590511018,0.4348834931415891,301.31035617900636,0.0,0.0,1.2,8100.0
1.6300000000000012,2378.917808469899,424111.15594469267,424111.15594469267,11.908351590511018,0.434863044137099,301.3086916040979,0.0,0.0,1.2,8100.0
1.6400000000000012,2378.917808469899,424111.15594469267,424111.15594469267,11.908351590511018,0.4348426480969048,301.3070312717381,0.0,0.0,1.2,8100.0
1.6500000000000012,2378.917808469899,424111.15594469267,424111.15594469267,11.908351590511018,0.4348223050148206,301.30537518195274,0.0,0.0,1.2,8100.0
1.6600000000000013,2378.917808469899,424111.15594469267,424111.15594469267,11.908351590511018,0.43480201488477416,301.3037233347755,0.0,0.0,1.2,8100.0
1.6700000000000013,2378.917808469899,424111.15594469267,424111.15594469267,11.908351590511018,0.4347817777006088,301.3020757302317,0.0,0.0,1.2,8100.0
1.6800000000000013,2378.917808469899,424111.15594469267,424111.15594469267,11.908351590511018,0.43476159345638116,301.3004323683627,0.0,0.0,1.2,8100.0
1.6900000000000013,2378.917808469899,424111.15594469267,424111.15594469267,11.908351590511018,0.43474146214601345,301.2987932491975,0.0,0.0,1.2,8100.0
1.7000000000000013,2378.917808469899,424111.15594469267,424111.15594469267,11.908351590511018,0.43472138376339386,301.297158372761,0.0,0.0,1.2,8100.0
1.7100000000000013,2378.917808469899,424111.15594469267,424111.15594469267,11.908351590511018,0.4347013583025239,301.2955277390859,0.0,0.0,1.2,8100.0
1.7200000000000013,2378.917808469899,424111.15594469267,424111.15594469267,11.908351590511018,0.4346813857574687,301.2939013482088,0.0,0.0,1.2,8100.0
1.7300000000000013,2378.917808469899,424111.15594469267,424111.15594469267,11.908351590511018,0.43466146612211104,301.29227920014995,0.0,0.0,1.2,8100.0
1.7400000000000013,2378.917808469899,424111.15594469267,424111.15594469267,11.908351590511018,0.4346415993905461,301.29066129494555,0.0,0.0,1.2,8100.0
1.7500000000000013,2378.917808469899,424111.15594469267,424111.15594469267,11.908351590511018,0.43462178555693376,301.2890476326358,0.0,0.0,1.2,8100.0
1.7600000000000013,2378.917808469899,424111.15594469267,424111.15594469267,11.908351590511018,0.43460202461520037,301.28743821324025,0.0,0.0,1.2,8100.0
1.7700000000000014,2378.917808469899,424111.15594469267,424111.15594469267,11.908351590511018,0.4345823165593858,301.2858330367867,0.0,0.0,1.2,8100.0
1.7800000000000014,2378.917808469899,424111.15594469267,424111.15594469267,11.908351590511018,0.4345626613836447,301.28423210331056,0.0,0.0,1.2,8100.0
1.7900000000000014,2378.917808469899,424111.15594469267,424111.15594469267,11.908351590511018,0.4345430590820466,301.2826354128391,0.0,0.0,1.2,8100.0
1.8000000000000014,2378.917808469899,424111.15594469267,424111.15594469267,11.908351590511018,0.4345235096486762,301.2810429653995,0.0,0.0,1.2,8100.0
1.8100000000000014,2378.917808469899,424111.15594469267,424111.15594469267,11.908351590511018,0.4345040130777317,301.2794547610266,0.0,0.0,1.2,8100.0
1.8200000000000014,2378.917808469899,424111.15594469267,424111.15594469267,11.908351590511018,0.43448456936332697,301.27787079974723,0.0,0.0,1.2,8100.0
1.8300000000000014,2378.917808469899,424111.15594469267,424111.15594469267,11.908351590511018,0.4344651784995406,301.27629108158385,0.0,0.0,1.2,8100.0
1.8400000000000014,2378.917808469899,424111.15594469267,424111.15594469267,11.908351590511018,0.4344458404807149,301.27471560657904,0.0,0.0,1.2,8100.0
1.8500000000000014,2378.917808469899,424111.15594469267,424111.15594469267,11.908351590511018,0.43442655530085883,301.27314437474683,0.0,0.0,1.2,8100.0
1.8600000000000014,2378.917808469899,424111.15594469267,424111.15594469267,11.908351590511018,0.4344073229542934,301.2715773861254,0.0,0.0,1.2,8100.0
1.8700000000000014,2378.917808469899,424111.15594469267,424111.15594469267,11.908351590511018,0.4343881434352067,301.27001464074044,0.0,0.0,1.2,8100.0
1.8800000000000014,2378.917808469899,424111.15594469267,424111.15594469267,11.908351590511018,0.4343690167378502,301.26845613862184,0.0,0.0,1.2,8100.0
1.8900000000000015,2378.917808469899,424111.15594469267,424111.15594469267,11.908351590511018,0.43434994285639034,301.2669018797909,0.0,0.0,1.2,8100.0
1.9000000000000015,2378.917808469899,424111.15594469267,424111.15594469267,11.908351590511018,0.43433092178525795,301.26535186428913,0.0,0.0,1.2,8100.0
1.9100000000000015,2378.917808469899,424111.15594469267,424111.15594469267,11.908351590511018,0.43431195351845114,301.26380609212146,0.0,0.0,1.2,8100.0
1.9200000000000015,2378.917808469899,424111.15594469267,424111.15594469267,11.908351590511018,0.4342930380505767,301.26226456334103,0.0,0.0,1.2,8100.0
1.9300000000000015,2378.917808469899,424111.15594469267,424111.15594469267,11.908351590511018,0.4342741753758122,301.26072727796463,0.0,0.0,1.2,8100.0
1.9400000000000015,2378.917808469899,424111.15594469267,424111.15594469267,11.908351590511018,0.4342553654884967,301.2591942360208,0.0,0.0,1.2,8100.0
1.9500000000000015,2378.917808469899,424111.15594469267,424111.15594469267,11.908351590511018,0.43423660838293593,301.257665437534,0.0,0.0,1.2,8100.0
1.9600000000000015,2378.917808469899,424111.15594469267,424111.15594469267,11.908351590511018,0.4342179040534485,301.2561408825284,0.0,0.0,1.2,8100.0
1.9700000000000015,2378.917808469899,424111.15594469267,424111.15594469267,11.908351590511018,0.434199252494468,301.2546205710362,0.0,0.0,1.2,8100.0
1.9800000000000015,2378.917808469899,424111.15594469267,424111.15594469267,11.908351590511018,0.4341806537003441,301.25310450308126,0.0,0.0,1.2,8100.0
1.9900000000000015,2378.917808469899,424111.15594469267,424111.15594469267,11.908351590511018,0.4341621076654889,301.25159267869117,0.0,0.0,1.2,8100.0
2.0000000000000013,2378.917808469899,424111.15594469267,424111.15594469267,11.908351590511018,0.4341436143843307,301.25008509789365,0.0,0.0,1.2,8100.0
2.010000000000001,2378.917808469899,424111.15594469267,424111.15594469267,11.908351590511018,0.4341251738512629,301.24858176071194,0.0,0.0,1.2,8100.0
2.020000000000001,2378.917808469899,424111.15594469267,424111.15594469267,11.908351590511018,0.43410678606079134,301.24708266717727,0.0,0.0,1.2,8100.0
2.0300000000000007,2378.917808469899,424111.15594469267,424111.15594469267,11.908351590511018,0.43408845100733895,301.24558781731264,0.0,0.0,1.2,8100.0
2.0400000000000005,2378.917808469899,424111.15594469267,424111.15594469267,11.908351590511018,0.4340701686852927,301.2440972111368,0.0,0.0,1.2,8100.0
2.0500000000000003,2378.917808469899,424111.15594469267,424111.15594469267,11.908351590511018,0.4340519390893024,301.24261084868857,0.0,0.0,1.2,8100.0
2.06,2378.917808469899,424111.15594469267,424111.15594469267,11.908351590511018,0.43403376221373535,301.2411287299822,0.0,0.0,1.2,8100.0
2.07,2378.917808469899,424111.15594469267,424111.15594469267,11.908351590511018,0.43401563805317167,301.2396508550481,0.0,0.0,1.2,8100.0
2.0799999999999996,2378.917808469899,424111.15594469267,424111.15594469267,11.908351590511018,0.4339975666022055,301.23817722391647,0.0,0.0,1.2,8100.0
2.0899999999999994,2378.917808469899,424111.15594469267,424111.15594469267,11.908351590511018,0.4339795478552483,301.236707836601,0.0,0.0,1.2,8100.0
2.099999999999999,2378.917808469899,424111.15594469267,424111.15594469267,11.908351590511018,0.43396158180697364,301.23524269313566,0.0,0.0,1.2,8100.0
2.109999999999999,2378.917808469899,424111.15594469267,424111.15594469267,11.908351590511018,0.4339436684518218,301.23378179353386,0.0,0.0,1.2,8100.0
2.1199999999999988,2378.917808469899,424111.15594469267,424111.15594469267,11.908351590511018,0.4339258077845451,301.2323251378331,0.0,0.0,1.2,8100.0
2.1299999999999986,2378.917808469899,424111.15594469267,424111.15594469267,11.908351590511018,0.43390799979971223,301.2308727260546,0.0,0.0,1.2,8100.0
2.1399999999999983,2378.917808469899,424111.15594469267,424111.15594469267,11.908351590511018,0.43389024449180785,301.22942455821124,0.0,0.0,1.2,8100.0
2.149999999999998,2378.917808469899,424111.15594469267,424111.15594469267,11.908351590511018,0.43387254185567764,301.22798063434414,0.0,0.0,1.2,8100.0
2.159999999999998,2378.917808469899,424111.15594469267,424111.15594469267,11.908351590511018,0.43385489188578524,301.2265409544617,0.0,0.0,1.2,8100.0
2.1699999999999977,2378.917808469899,424111.15594469267,424111.15594469267,11.908351590511018,0.43383729457695647,301.2251055186006,0.0,0.0,1.2,8100.0
2.1799999999999975,2378.917808469899,424111.15594469267,424111.15594469267,11.908351590511018,0.4338197499236851,301.22367432676907,0.0,0.0,1.2,8100.0
2.1899999999999973,2378.917808469899,424111.15594469267,424111.15594469267,11.908351590511018,0.43380225792082516,301.22224737900336,0.0,0.0,1.2,8100.0
2.199999999999997,2378.917808469899,424111.15594469267,424111.15594469267,11.908351590511018,0.43378481856309753,301.2208246753274,0.0,0.0,1.2,8100.0
2.209999999999997,2378.917808469899,424111.15594469267,424111.15594469267,11.908351590511018,0.4337674318451394,301.2194062157569,0.0,0.0,1.2,8100.0
2.2199999999999966,2378.917808469899,424111.15594469267,424111.15594469267,11.908351590511018,0.4337500977616995,301.21799200031546,0.0,0.0,1.2,8100.0
2.2299999999999964,2378.917808469899,424111.15594469267,424111.15594469267,11.908351590511018,0.4337328163076422,301.21658202903467,0.0,0.0,1.2,8100.0
2.239999999999996,2378.917808469899,424111.15594469267,424111.15594469267,11.908351590511018,0.43371558747759836,301.2151763019256,0.0,0.0,1.2,8100.0
2.249999999999996,2378.917808469899,424111.15594469267,424111.15594469267,11.908351590511018,0.43369841126636155,301.2137748190114,0.0,0.0,1.2,8100.0
2.259999999999996,2378.917808469899,424111.15594469267,424111.15594469267,11.908351590511018,0.43368128766878977,301.2123775803189,0.0,0.0,1.2,8100.0
2.2699999999999956,2378.917808469899,424111.15594469267,424111.15594469267,11.908351590511018,0.43366421667975613,301.21098458587494,0.0,0.0,1.2,8100.0
2.2799999999999954,2378.917808469899,424111.15594469267,424111.15594469267,11.908351590511018,0.4336471982939986,301.20959583569396,0.0,0.0,1.2,8100.0
2.289999999999995,2378.917808469899,424111.15594469267,424111.15594469267,11.908351590511018,0.43363023250637,301.2082113297983,0.0,0.0,1.2,8100.0
2.299999999999995,2378.917808469899,424111.15594469267,424111.15594469267,11.908351590511018,0.4336133193116874,301.2068310682061,0.0,0.0,1.2,8100.0
2.3099999999999947,2378.917808469899,424111.15594469267,424111.15594469267,11.908351590511018,0.43359645870498137,301.20545505095157,0.0,0.0,1.2,8100.0
2.3199999999999945,2378.917808469899,424111.15594469267,424111.15594469267,11.908351590511018,0.4335796506809001,301.2040832780362,0.0,0.0,1.2,8100.0
2.3299999999999943,2378.917808469899,424111.15594469267,424111.15594469267,11.908351590511018,0.4335628952346019,301.2027157495019,0.0,0.0,1.2,8100.0
2.339999999999994,2378.917808469899,424111.15594469267,424111.15594469267,11.908351590511018,0.43354619236086395,301.20135246535807,0.0,0.0,1.2,8100.0
2.349999999999994,2378.917808469899,424111.15594469267,424111.15594469267,11.908351590511018,0.43352954205472466,301.1999934256339,0.0,0.0,1.2,8100.0
2.3599999999999937,2378.917808469899,424111.15594469267,424111.15594469267,11.908351590511018,0.4335129443109903,301.1986386303386,0.0,0.0,1.2,8100.0
2.3699999999999934,2378.917808469899,424111.15594469267,424111.15594469267,11.908351590511018,0.4334963991247297,301.19728807950105,0.0,0.0,1.2,8100.0
2.3799999999999932,2378.917808469899,424111.15594469267,424111.15594469267,11.908351590511018,0.4334799064908265,301.19594177313394,0.0,0.0,1.2,8100.0
2.389999999999993,2378.917808469899,424111.15594469267,424111.15594469267,11.908351590511018,0.4334634664043295,301.1945997112619,0.0,0.0,1.2,8100.0
2.399999999999993,2378.917808469899,424111.15594469267,424111.15594469267,11.908351590511018,0.43344707886025086,301.19326189390534,0.0,0.0,1.2,8100.0
2.4099999999999926,2378.917808469899,424111.15594469267,424111.15594469267,11.908351590511018,0.43343074385356883,301.19192832108035,0.0,0.0,1.2,8100.0
2.4199999999999924,2378.917808469899,424111.15594469267,424111.15594469267,11.908351590511018,0.4334144613794246,301.19059899281507,0.0,0.0,1.2,8100.0
2.429999999999992,2378.917808469899,424111.15594469267,424111.15594469267,11.908351590511018,0.4333982314328748,301.18927390912944,0.0,0.0,1.2,8100.0
2.439999999999992,2378.917808469899,424111.15594469267,424111.15594469267,11.908351590511018,0.4333820540088917,301.1879530700349,0.0,0.0,1.2,8100.0
2.4499999999999917,2378.917808469899,424111.15594469267,424111.15594469267,11.908351590511018,0.4333659291025117,301.18663647554706,0.0,0.0,1.2,8100.0
2.4599999999999915,2378.917808469899,424111.15594469267,424111.15594469267,11.908351590511018,0.4333498567088352,301.18532412568516,0.0,0.0,1.2,8100.0
2.4699999999999913,2378.917808469899,424111.15594469267,424111.15594469267,11.908351590511018,0.43333383682322485,301.18401602048857,0.0,0.0,1.2,8100.0
2.479999999999991,2378.917808469899,424111.15594469267,424111.15594469267,11.908351590511018,0.43331786944051276,301.18271215995196,0.0,0.0,1.2,8100.0
2.489999999999991,2378.917808469899,424111.15594469267,424111.15594469267,11.908351590511018,0.4333019545560413,301.1814125441103,0.0,0.0,1.2,8100.0
2.4999999999999907,2378.917808469899,424111.15594469267,424111.15594469267,11.908351590511018,0.43328609216482117,301.18011717297003,0.0,0.0,1.2,8100.0
2.5099999999999905,2378.917808469899,424111.15594469267,424111.15594469267,11.908351590511018,0.4332702822621238,301.17882604655773,0.0,0.0,1.2,8100.0
2.5199999999999902,2378.917808469899,424111.15594469267,424111.15594469267,11.908351590511018,0.4332545248429892,301.1775391648795,0.0,0.0,1.2,8100.0
2.52999999999999,2378.917808469899,424111.15594469267,424111.15594469267,11.908351590511018,0.43323881990286667,301.1762565279735,0.0,0.0,1.2,8100.0
2.53999999999999,2378.917808469899,424111.15594469267,424111.15594469267,11.908351590511018,0.4332231674367261,301.17497813583753,0.0,0.0,1.2,8100.0
2.5499999999999896,2378.917808469899,424111.15594469267,424111.15594469267,11.908351590511018,0.43320756743999744,301.17370398850545,0.0,0.0,1.2,8100.0
2.5599999999999894,2378.917808469899,424111.15594469267,424111.15594469267,11.908351590511018,0.43319201990772804,301.1724340859786,0.0,0.0,1.2,8100.0
2.569999999999989,2378.917808469899,424111.15594469267,424111.15594469267,11.908351590511018,0.4331765248352777,301.17116842828233,0.0,0.0,1.2,8100.0
2.579999999999989,2378.917808469899,424111.15594469267,424111.15594469267,11.908351590511018,0.43316108221802097,301.169907015442,0.0,0.0,1.2,8100.0
2.5899999999999888,2378.917808469899,424111.15594469267,424111.15594469267,11.908351590511018,0.4331456920510492,301.1686498474583,0.0,0.0,1.2,8100.0
2.5999999999999885,2378.917808469899,424111.15594469267,424111.15594469267,11.908351590511018,0.4331303543298651,301.1673969243644,0.0,0.0,1.2,8100.0
2.6099999999999883,2378.917808469899,424111.15594469267,424111.15594469267,11.908351590511018,0.4331150690495892,301.1661482461606,0.0,0.0,1.2,8100.0
2.619999999999988,2378.917808469899,424111.15594469267,424111.15594469267,11.908351590511018,0.4330998362057533,301.16490381287963,0.0,0.0,1.2,8100.0
2.629999999999988,2378.917808469899,424111.15594469267,424111.15594469267,11.908351590511018,0.43308465579355676,301.16366362452555,0.0,0.0,1.2,8100.0
2.6399999999999877,2378.917808469899,424111.15594469267,424111.15594469267,11.908351590511018,0.4330695278083618,301.1624276811144,0.0,0.0,1.2,8100.0
2.6499999999999875,2378.917808469899,424111.15594469267,424111.15594469267,11.908351590511018,0.4330544522456944,301.1611959826744,0.0,0.0,1.2,8100.0
2.6599999999999873,2378.917808469899,424111.15594469267,424111.15594469267,11.908351590511018,0.4330394291007972,301.159968529209,0.0,0.0,1.2,8100.0
2.669999999999987,2378.917808469899,424111.15594469267,424111.15594469267,11.908351590511018,0.433024458369077,301.15874532073383,0.0,0.0,1.2,8100.0
2.679999999999987,2378.917808469899,424111.15594469267,424111.15594469267,11.908351590511018,0.4330095400460526,301.1575263572723,0.0,0.0,1.2,8100.0
2.6899999999999866,2378.917808469899,424111.15594469267,424111.15594469267,11.908351590511018,0.43299467412711073,301.1563116388356,0.0,0.0,1.2,8100.0
2.6999999999999864,2378.917808469899,424111.15594469267,424111.15594469267,11.908351590511018,0.43297986060770005,301.1551011654387,0.0,0.0,1.2,8100.0
2.709999999999986,2378.917808469899,424111.15594469267,424111.15594469267,11.908351590511018,0.43296509948323636,301.15389493709245,0.0,0.0,1.2,8100.0
2.719999999999986,2378.917808469899,424111.15594469267,424111.15594469267,11.908351590511018,0.4329503907493459,301.15269295382353,0.0,0.0,1.2,8100.0
2.7299999999999858,2378.917808469899,424111.15594469267,424111.15594469267,11.908351590511018,0.43293573440147337,301.1514952156425,0.0,0.0,1.2,8100.0
2.7399999999999856,2378.917808469899,424111.15594469267,424111.15594469267,11.908351590511018,0.43292113043502767,301.1503017225556,0.0,0.0,1.2,8100.0
2.7499999999999853,2378.917808469899,424111.15594469267,424111.15594469267,11.908351590511018,0.43290657884562955,301.1491124745849,0.0,0.0,1.2,8100.0
2.759999999999985,2378.917808469899,424111.15594469267,424111.15594469267,11.908351590511018,0.4328920796287669,301.14792747174033,0.0,0.0,1.2,8100.0
2.769999999999985,2378.917808469899,424111.15594469267,424111.15594469267,11.908351590511018,0.43287763277999103,301.1467467140357,0.0,0.0,1.2,8100.0
2.7799999999999847,2378.917808469899,424111.15594469267,424111.15594469267,11.908351590511018,0.43286323829496703,301.14557020149266,0.0,0.0,1.2,8100.0
2.7899999999999845,2378.917808469899,424111.15594469267,424111.15594469267,11.908351590511018,0.4328488961690775,301.14439793410844,0.0,0.0,1.2,8100.0
2.7999999999999843,2378.917808469899,424111.15594469267,424111.15594469267,11.908351590511018,0.4328346063982138,301.14322991192046,0.0,0.0,1.2,8100.0
2.809999999999984,2378.917808469899,424111.15594469267,424111.15594469267,11.908351590511018,0.43282036897773873,301.14206613492166,0.0,0.0,1.2,8100.0
2.819999999999984,2378.917808469899,424111.15594469267,424111.15594469267,11.908351590511018,0.43280618390342446,301.140906603137,0.0,0.0,1.2,8100.0
2.8299999999999836,2378.917808469899,424111.15594469267,424111.15594469267,11.908351590511018,0.43279205117085995,301.13975131657503,0.0,0.0,1.2,8100.0
2.8399999999999834,2378.917808469899,424111.15594469267,424111.15594469267,11.908351590511018,0.43277797077559943,301.13860027524026,0.0,0.0,1.2,8100.0
2.849999999999983,2378.917808469899,424111.15594469267,424111.15594469267,11.908351590511018,0.4327639427135576,301.13745347916523,0.0,0.0,1.2,8100.0
2.859999999999983,2378.917808469899,424111.15594469267,424111.15594469267,11.908351590511018,0.43274996698016965,301.1363109283418,0.0,0.0,1.2,8100.0
2.869999999999983,2378.917808469899,424111.15594469267,424111.15594469267,11.908351590511018,0.4327360435712805,301.13517262279413,0.0,0.0,1.2,8100.0
2.8799999999999826,2378.917808469899,424111.15594469267,424111.15594469267,11.908351590511018,0.4327221724825517,301.13403856252995,0.0,0.0,1.2,8100.0
2.8899999999999824,2378.917808469899,424111.15594469267,424111.15594469267,11.908351590511018,0.4327083537098074,301.13290874756893,0.0,0.0,1.2,8100.0
2.899999999999982,2378.917808469899,424111.15594469267,424111.15594469267,11.908351590511018,0.4326945872487878,301.13178317792256,0.0,0.0,1.2,8100.0
2.909999999999982,2378.917808469899,424111.15594469267,424111.15594469267,11.908351590511018,0.43268087309505016,301.1306618535859,0.0,0.0,1.2,8100.0
2.9199999999999817,2378.917808469899,424111.15594469267,424111.15594469267,11.908351590511018,0.43266721124456126,301.1295447745861,0.0,0.0,1.2,8100.0
2.9299999999999815,2378.917808469899,424111.15594469267,424111.15594469267,11.908351590511018,0.4326536016930547,301.1284319409301,0.0,0.0,1.2,8100.0
2.9399999999999813,2378.917808469899,424111.15594469267,424111.15594469267,11.908351590511018,0.43264004443632914,301.1273233526286,0.0,0.0,1.2,8100.0
2.949999999999981,2378.917808469899,424111.15594469267,424111.15594469267,11.908351590511018,0.4326265394701965,301.1262190096921,0.0,0.0,1.2,8100.0
2.959999999999981,2378.917808469899,424111.15594469267,424111.15594469267,11.908351590511018,0.43261308679058386,301.12511891213904,0.0,0.0,1.2,8100.0
2.9699999999999807,2378.917808469899,424111.15594469267,424111.15594469267,11.908351590511018,0.43259968639328195,301.1240230599756,0.0,0.0,1.2,8100.0
2.9799999999999804,2378.917808469899,424111.15594469267,424111.15594469267,11.908351590511018,0.4325863382740491,301.12293145320365,0.0,0.0,1.2,8100.0
2.9899999999999802,2378.917808469899,424111.15594469267,424111.15594469267,11.908351590511018,0.4325730424288541,301.1218440918411,0.0,0.0,1.2,8100.0
2.99999999999998,2378.917808469899,424111.15594469267,424111.15594469267,11.908351590511018,0.4325597988535824,301.1207609758976,0.0,0.0,1.2,8100.0
3.00999999999998,2378.917808469899,424111.15594469267,424111.15594469267,11.908351590511018,0.43254660754423163,301.1196821053906,0.0,0.0,1.2,8100.0
3.0199999999999796,2378.917808469899,424111.15594469267,424111.15594469267,11.908351590511018,0.43253346849651925,301.11860748031336,0.0,0.0,1.2,8100.0
3.0299999999999794,2378.917808469899,424111.15594469267,424111.15594469267,11.908351590511018,0.4325203817065206,301.117537100687,0.0,0.0,1.2,8100.0
3.039999999999979,2378.917808469899,424111.15594469267,424111.15594469267,11.908351590511018,0.432507347170229,301.11647096652445,0.0,0.0,1.2,8100.0
3.049999999999979,2378.917808469899,424111.15594469267,424111.15594469267,11.908351590511018,0.4324943648835522,301.11540907783046,0.0,0.0,1.2,8100.0
3.0599999999999787,2378.917808469899,424111.15594469267,424111.15594469267,11.908351590511018,0.4324814348424129,301.1143514346096,0.0,0.0,1.2,8100.0
3.0699999999999785,2378.917808469899,424111.15594469267,424111.15594469267,11.908351590511018,0.4324685570428463,301.1132980368742,0.0,0.0,1.2,8100.0
3.0799999999999783,2378.917808469899,424111.15594469267,424111.15594469267,11.908351590511018,0.43245573148090327,301.11224888463653,0.0,0.0,1.2,8100.0
3.089999999999978,2378.917808469899,424111.15594469267,424111.15594469267,11.908351590511018,0.43244295815254946,301.1112039779006,0.0,0.0,1.2,8100.0
3.099999999999978,2378.917808469899,424111.15594469267,424111.15594469267,11.908351590511018,0.4324302370539627,301.1101633166863,0.0,0.0,1.2,8100.0
3.1099999999999777,2378.917808469899,424111.15594469267,424111.15594469267,11.908351590511018,0.4324175681809903,301.1091269009852,0.0,0.0,1.2,8100.0
3.1199999999999775,2378.917808469899,424111.15594469267,424111.15594469267,11.908351590511018,0.4324049515298387,301.10809473081684,0.0,0.0,1.2,8100.0
3.1299999999999772,2378.917808469899,424111.15594469267,424111.15594469267,11.908351590511018,0.4323923870965804,301.1070668061885,0.0,0.0,1.2,8100.0
3.139999999999977,2378.917808469899,424111.15594469267,424111.15594469267,11.908351590511018,0.4323798748772056,301.10604312709944,0.0,0.0,1.2,8100.0
3.149999999999977,2378.917808469899,424111.15594469267,424111.15594469267,11.908351590511018,0.43236741486786506,301.1050236935604,0.0,0.0,1.2,8100.0
3.1599999999999766,2378.917808469899,424111.15594469267,424111.15594469267,11.908351590511018,0.4323550070648733,301.1040085055944,0.0,0.0,1.2,8100.0
3.1699999999999764,2378.917808469899,424111.15594469267,424111.15594469267,11.908351590511018,0.4323426514641634,301.1029975631918,0.0,0.0,1.2,8100.0
3.179999999999976,2378.917808469899,424111.15594469267,424111.15594469267,11.908351590511018,0.4323303480619303,301.10199086636317,0.0,0.0,1.2,8100.0
3.189999999999976,2378.917808469899,424111.15594469267,424111.15594469267,11.908351590511018,0.4323180968544331,301.10098841512274,0.0,0.0,1.2,8100.0
3.1999999999999758,2378.917808469899,424111.15594469267,424111.15594469267,11.908351590511018,0.43230589783769763,301.0999902094644,0.0,0.0,1.2,8100.0
3.2099999999999755,2378.917808469899,424111.15594469267,424111.15594469267,11.908351590511018,0.43229375100801165,301.09899624940215,0.0,0.0,1.2,8100.0
3.2199999999999753,2378.917808469899,424111.15594469267,424111.15594469267,11.908351590511018,0.4322816563616281,301.0980065349457,0.0,0.0,1.2,8100.0
3.229999999999975,2378.917808469899,424111.15594469267,424111.15594469267,11.908351590511018,0.43226961389481344,301.0970210661046,0.0,0.0,1.2,8100.0
3.239999999999975,2378.917808469899,424111.15594469267,424111.15594469267,11.908351590511018,0.4322576236036033,301.09603984286804,0.0,0.0,1.2,8100.0
3.2499999999999747,2378.917808469899,424111.15594469267,424111.15594469267,11.908351590511018,0.4322456854845402,301.09506286526533,0.0,0.0,1.2,8100.0
3.2599999999999745,2378.917808469899,424111.15594469267,424111.15594469267,11.908351590511018,0.43223379953368746,301.0940901332854,0.0,0.0,1.2,8100.0
3.2699999999999743,2378.917808469899,424111.15594469267,424111.15594469267,11.908351590511018,0.4322219657474197,301.09312164694103,0.0,0.0,1.2,8100.0
3.279999999999974,2378.917808469899,424111.15594469267,424111.15594469267,11.908351590511018,0.432210184121928,301.09215740622875,0.0,0.0,1.2,8100.0
3.289999999999974,2378.917808469899,424111.15594469267,424111.15594469267,11.908351590511018,0.43219845465371404,301.0911974111692,0.0,0.0,1.2,8100.0
3.2999999999999736,2378.917808469899,424111.15594469267,424111.15594469267,11.908351590511018,0.43218677733894956,301.0902416617545,0.0,0.0,1.2,8100.0
3.3099999999999734,2378.917808469899,424111.15594469267,424111.15594469267,11.908351590511018,0.4321751521740654,301.08929015799674,0.0,0.0,1.2,8100.0
3.319999999999973,2378.917808469899,424111.15594469267,424111.15594469267,11.908351590511018,0.4321635791554098,301.0883428998999,0.0,0.0,1.2,8100.0
3.329999999999973,2378.917808469899,424111.15594469267,424111.15594469267,11.908351590511018,0.43215205827934544,301.08739988746765,0.0,0.0,1.2,8100.0
3.3399999999999728,2378.917808469899,424111.15594469267,424111.15594469267,11.908351590511018,0.4321405895423469,301.08646112071153,0.0,0.0,1.2,8100.0
3.3499999999999726,2378.917808469899,424111.15594469267,424111.15594469267,11.908351590511018,0.43212917294065767,301.08552659962294,0.0,0.0,1.2,8100.0
3.3599999999999723,2378.917808469899,424111.15594469267,424111.15594469267,11.908351590511018,0.43211780847073233,301.084596324209,0.0,0.0,1.2,8100.0
3.369999999999972,2378.917808469899,424111.15594469267,424111.15594469267,11.908351590511018,0.4321064961291389,301.08367029448476,0.0,0.0,1.2,8100.0
3.379999999999972,2378.917808469899,424111.15594469267,424111.15594469267,11.908351590511018,0.4320952359122128,301.082748510445,0.0,0.0,1.2,8100.0
3.3899999999999717,2378.917808469899,424111.15594469267,424111.15594469267,11.908351590511018,0.43208402781640337,301.0818309720924,0.0,0.0,1.2,8100.0
3.3999999999999715,2378.917808469899,424111.15594469267,424111.15594469267,11.908351590511018,0.43207287183832144,301.08091767944154,0.0,0.0,1.2,8100.0
3.4099999999999713,2378.917808469899,424111.15594469267,424111.15594469267,11.908351590511018,0.4320617679742472,301.0800086324785,0.0,0.0,1.2,8100.0
3.419999999999971,2378.917808469899,424111.15594469267,424111.15594469267,11.908351590511018,0.4320507162208703,301.0791038312215,0.0,0.0,1.2,8100.0
3.429999999999971,2378.917808469899,424111.15594469267,424111.15594469267,11.908351590511018,0.432039716574648,301.0782032756685,0.0,0.0,1.2,8100.0
3.4399999999999706,2378.917808469899,424111.15594469267,424111.15594469267,11.908351590511018,0.43202876903210075,301.0773069658212,0.0,0.0,1.2,8100.0
3.4499999999999704,2378.917808469899,424111.15594469267,424111.15594469267,11.908351590511018,0.4320178735897642,301.0764149016811,0.0,0.0,1.2,8100.0
3.45999999999997,2378.917808469899,424111.15594469267,424111.15594469267,11.908351590511018,0.4320070302442865,301.0755270832577,0.0,0.0,1.2,8100.0
3.46999999999997,2378.917808469899,424111.15594469267,424111.15594469267,11.908351590511018,0.43199623899218265,301.07464351054824,0.0,0.0,1.2,8100.0
3.47999999999997,2378.917808469899,424111.15594469267,424111.15594469267,11.908351590511018,0.4319854998300309,301.07376418355364,0.0,0.0,1.2,8100.0
3.4899999999999696,2378.917808469899,424111.15594469267,424111.15594469267,11.908351590511018,0.4319748127544249,301.07288910227476,0.0,0.0,1.2,8100.0
3.4999999999999694,2378.917808469899,424111.15594469267,424111.15594469267,11.908351590511018,0.4319641777621195,301.07201826672434,0.0,0.0,1.2,8100.0
3.509999999999969,2378.917808469899,424111.15594469267,424111.15594469267,11.908351590511018,0.4319535948495884,301.07115167689085,0.0,0.0,1.2,8100.0
3.519999999999969,2378.917808469899,424111.15594469267,424111.15594469267,11.908351590511018,0.43194306401361604,301.0702893327866,0.0,0.0,1.2,8100.0
3.5299999999999687,2378.917808469899,424111.15594469267,424111.15594469267,11.908351590511018,0.43193258525075423,301.0694312344037,0.0,0.0,1.2,8100.0
3.5399999999999685,2378.917808469899,424111.15594469267,424111.15594469267,11.908351590511018,0.4319221585578164,301.06857738175415,0.0,0.0,1.2,8100.0
3.5499999999999683,2378.917808469899,424111.15594469267,424111.15594469267,11.908351590511018,0.4319117839313825,301.0677277748297,0.0,0.0,1.2,8100.0
3.559999999999968,2378.917808469899,424111.15594469267,424111.15594469267,11.908351590511018,0.43190146136819657,301.0668824136339,0.0,0.0,1.2,8100.0
3.569999999999968,2378.917808469899,424111.15594469267,424111.15594469267,11.908351590511018,0.43189119086491673,301.0660412981622,0.0,0.0,1.2,8100.0
3.5799999999999677,2378.917808469899,424111.15594469267,424111.15594469267,11.908351590511018,0.43188097241856266,301.065204428438,0.0,0.0,1.2,8100.0
3.5899999999999674,2378.917808469899,424111.15594469267,424111.15594469267,11.908351590511018,0.4318708060254755,301.064371804428,0.0,0.0,1.2,8100.0
3.5999999999999672,2378.917808469899,424111.15594469267,424111.15594469267,11.908351590511018,0.43186069168280156,301.06354342616345,0.0,0.0,1.2,8100.0
3.609999999999967,2378.917808469899,424111.15594469267,424111.15594469267,11.908351590511018,0.4318506293870114,301.0627192936188,0.0,0.0,1.2,8100.0
3.619999999999967,2378.917808469899,424111.15594469267,424111.15594469267,11.908351590511018,0.4318406191350824,301.0618994068086,0.0,0.0,1.2,8100.0
3.6299999999999666,2378.917808469899,424111.15594469267,424111.15594469267,11.908351590511018,0.4318306609237594,301.0610837657273,0.0,0.0,1.2,8100.0
3.6399999999999664,2378.917808469899,424111.15594469267,424111.15594469267,11.908351590511018,0.431820754750049,301.06027237038904,0.0,0.0,1.2,8100.0
3.649999999999966,2378.917808469899,424111.15594469267,424111.15594469267,11.908351590511018,0.43181090061052785,301.0594652207717,0.0,0.0,1.2,8100.0
3.659999999999966,2378.917808469899,424111.15594469267,424111.15594469267,11.908351590511018,0.4318010985021322,301.05866231688105,0.0,0.0,1.2,8100.0
3.6699999999999657,2378.917808469899,424111.15594469267,424111.15594469267,11.908351590511018,0.43179134842181355,301.0578636587229,0.0,0.0,1.2,8100.0
3.6799999999999655,2378.917808469899,424111.15594469267,424111.15594469267,11.908351590511018,0.43178165036643773,301.0570692462946,0.0,0.0,1.2,8100.0
3.6899999999999653,2378.917808469899,424111.15594469267,424111.15594469267,11.908351590511018,0.43177200433288637,301.0562790795934,0.0,0.0,1.2,8100.0
3.699999999999965,2378.917808469899,424111.15594469267,424111.15594469267,11.908351590511018,0.4317624103180049,301.05549315861236,0.0,0.0,1.2,8100.0
3.709999999999965,2378.917808469899,424111.15594469267,424111.15594469267,11.908351590511018,0.43175286831875287,301.0547114833523,0.0,0.0,1.2,8100.0
3.7199999999999647,2378.917808469899,424111.15594469267,424111.15594469267,11.908351590511018,0.4317433783322511,301.05393405382625,0.0,0.0,1.2,8100.0
3.7299999999999645,2378.917808469899,424111.15594469267,424111.15594469267,11.908351590511018,0.43173394035524126,301.0531608700145,0.0,0.0,1.2,8100.0
3.7399999999999642,2378.917808469899,424111.15594469267,424111.15594469267,11.908351590511018,0.4317245543847748,301.0523919319215,0.0,0.0,1.2,8100.0
3.749999999999964,2378.917808469899,424111.15594469267,424111.15594469267,11.908351590511018,0.4317152204177697,301.05162723953924,0.0,0.0,1.2,8100.0
3.759999999999964,2378.917808469899,424111.15594469267,424111.15594469267,11.908351590511018,0.43170593845125677,301.0508667928679,0.0,0.0,1.2,8100.0
3.7699999999999636,2378.917808469899,424111.15594469267,424111.15594469267,11.908351590511018,0.43169670848238,301.0501105919154,0.0,0.0,1.2,8100.0
3.7799999999999634,2378.917808469899,424111.15594469267,424111.15594469267,11.908351590511018,0.43168753050800185,301.04935863666526,0.0,0.0,1.2,8100.0
3.789999999999963,2378.917808469899,424111.15594469267,424111.15594469267,11.908351590511018,0.43167840452524586,301.04861092712093,0.0,0.0,1.2,8100.0
3.799999999999963,2378.917808469899,424111.15594469267,424111.15594469267,11.908351590511018,0.431669330531299,301.0478674632899,0.0,0.0,1.2,8100.0
3.8099999999999627,2378.917808469899,424111.15594469267,424111.15594469267,11.908351590511018,0.43166030852286974,301.0471282451388,0.0,0.0,1.2,8100.0
3.8199999999999625,2378.917808469899,424111.15594469267,424111.15594469267,11.908351590511018,0.43165133849746906,301.0463932726991,0.0,0.0,1.2,8100.0
3.8299999999999623,2378.917808469899,424111.15594469267,424111.15594469267,11.908351590511018,0.4316424204518842,301.04566254594124,0.0,0.0,1.2,8100.0
3.839999999999962,2378.917808469899,424111.15594469267,424111.15594469267,11.908351590511018,0.4316335543833596,301.0449360648719,0.0,0.0,1.2,8100.0
3.849999999999962,2378.917808469899,424111.15594469267,424111.15594469267,11.908351590511018,0.43162474028905545,301.04421382948937,0.0,0.0,1.2,8100.0
3.8599999999999617,2378.917808469899,424111.15594469267,424111.15594469267,11.908351590511018,0.43161597816604746,301.04349583978393,0.0,0.0,1.2,8100.0
3.8699999999999615,2378.917808469899,424111.15594469267,424111.15594469267,11.908351590511018,0.43160726801152516,301.0427820957536,0.0,0.0,1.2,8100.0
3.8799999999999613,2378.917808469899,424111.15594469267,424111.15594469267,11.908351590511018,0.43159860982274106,301.0420725974003,0.0,0.0,1.2,8100.0
3.889999999999961,2378.917808469899,424111.15594469267,424111.15594469267,11.908351590511018,0.43159000359681426,301.04136734471365,0.0,0.0,1.2,8100.0
3.899999999999961,2378.917808469899,424111.15594469267,424111.15594469267,11.908351590511018,0.4315814493308288,301.04066633767894,0.0,0.0,1.2,8100.0
3.9099999999999606,2378.917808469899,424111.15594469267,424111.15594469267,11.908351590511018,0.4315729470222287,301.03996957630983,0.0,0.0,1.2,8100.0
3.9199999999999604,2378.917808469899,424111.15594469267,424111.15594469267,11.908351590511018,0.43156449666817603,301.0392770605953,0.0,0.0,1.2,8100.0
3.92999999999996,2378.917808469899,424111.15594469267,424111.15594469267,11.908351590511018,0.4315560982658474,301.0385887905243,0.0,0.0,1.2,8100.0
3.93999999999996,2378.917808469899,424111.15594469267,424111.15594469267,11.908351590511018,0.4315477518124834,301.03790476608947,0.0,0.0,1.2,8100.0
3.9499999999999598,2378.917808469899,424111.15594469267,424111.15594469267,11.908351590511018,0.4315394573054368,301.03722498729155,0.0,0.0,1.2,8100.0
3.9599999999999596,2378.917808469899,424111.15594469267,424111.15594469267,11.908351590511018,0.43153121474207506,301.0365494541311,0.0,0.0,1.2,8100.0
3.9699999999999593,2378.917808469899,424111.15594469267,424111.15594469267,11.908351590511018,0.4315230241194846,301.035878166584,0.0,0.0,1.2,8100.0
3.979999999999959,2378.917808469899,424111.15594469267,424111.15594469267,11.908351590511018,0.4315148854351603,301.03521112465853,0.0,0.0,1.2,8100.0
3.989999999999959,2378.917808469899,424111.15594469267,424111.15594469267,11.908351590511018,0.43150679868636493,301.0345483283425,0.0,0.0,1.2,8100.0
3.9999999999999587,2378.917808469899,424111.15594469267,424111.15594469267,11.908351590511018,0.43149876387047387,301.0338897776317,0.0,0.0,1.2,8100.0
4.009999999999959,2378.917808469899,424111.15594469267,424111.15594469267,11.908351590511018,0.4314907809848279,301.0332354725175,0.0,0.0,1.2,8100.0
4.019999999999959,2378.917808469899,424111.15594469267,424111.15594469267,11.908351590511018,0.4314828500269304,301.03258541300346,0.0,0.0,1.2,8100.0
4.0299999999999585,2378.917808469899,424111.15594469267,424111.15594469267,11.908351590511018,0.43147497099395304,301.03193959906446,0.0,0.0,1.2,8100.0
4.039999999999958,2378.917808469899,424111.15594469267,424111.15594469267,11.908351590511018,0.43146714388357577,301.0312980307157,0.0,0.0,1.2,8100.0
4.049999999999958,2378.917808469899,424111.15594469267,424111.15594469267,11.908351590511018,0.431459368692901,301.0306607079238,0.0,0.0,1.2,8100.0
4.059999999999958,2378.917808469899,424111.15594469267,424111.15594469267,11.908351590511018,0.43145164541963654,301.0300276307035,0.0,0.0,1.2,8100.0
4.069999999999958,2378.917808469899,424111.15594469267,424111.15594469267,11.908351590511018,0.4314439740610612,301.02939879903323,0.0,0.0,1.2,8100.0
4.079999999999957,2378.917808469899,424111.15594469267,424111.15594469267,11.908351590511018,0.43143635461471536,301.0287742129112,0.0,0.0,1.2,8100.0
4.089999999999957,2378.917808469899,424111.15594469267,424111.15594469267,11.908351590511018,0.4314287870780051,301.0281538723234,0.0,0.0,1.2,8100.0
4.099999999999957,2378.917808469899,424111.15594469267,424111.15594469267,11.908351590511018,0.431421271448498,301.0275377772679,0.0,0.0,1.2,8100.0
4.109999999999957,2378.917808469899,424111.15594469267,424111.15594469267,11.908351590511018,0.43141380772382737,301.0269259277465,0.0,0.0,1.2,8100.0
4.119999999999957,2378.917808469899,424111.15594469267,424111.15594469267,11.908351590511018,0.43140639590124363,301.02631832372845,0.0,0.0,1.2,8100.0
4.129999999999956,2378.917808469899,424111.15594469267,424111.15594469267,11.908351590511018,0.4313990359785078,301.0257149652233,0.0,0.0,1.2,8100.0
4.139999999999956,2378.917808469899,424111.15594469267,424111.15594469267,11.908351590511018,0.4313917279529488,301.0251158522042,0.0,0.0,1.2,8100.0
4.149999999999956,2378.917808469899,424111.15594469267,424111.15594469267,11.908351590511018,0.4313844718223057,301.02452098467603,0.0,0.0,1.2,8100.0
4.159999999999956,2378.917808469899,424111.15594469267,424111.15594469267,11.908351590511018,0.4313772675841836,301.02393036263186,0.0,0.0,1.2,8100.0
4.1699999999999555,2378.917808469899,424111.15594469267,424111.15594469267,11.908351590511018,0.43137011523605395,301.02334398605217,0.0,0.0,1.2,8100.0
4.179999999999955,2378.917808469899,424111.15594469267,424111.15594469267,11.908351590511018,0.4313630147755506,301.0227618549294,0.0,0.0,1.2,8100.0
4.189999999999955,2378.917808469899,424111.15594469267,424111.15594469267,11.908351590511018,0.4313559662004204,301.02218396926395,0.0,0.0,1.2,8100.0
4.199999999999955,2378.917808469899,424111.15594469267,424111.15594469267,11.908351590511018,0.43134896950812823,301.0216103290318,0.0,0.0,1.2,8100.0
4.209999999999955,2378.917808469899,424111.15594469267,424111.15594469267,11.908351590511018,0.4313420246964498,301.02104093423293,0.0,0.0,1.2,8100.0
4.2199999999999545,2378.917808469899,424111.15594469267,424111.15594469267,11.908351590511018,0.4313351317629779,301.02047578485104,0.0,0.0,1.2,8100.0
4.229999999999954,2378.917808469899,424111.15594469267,424111.15594469267,11.908351590511018,0.4313282907054174,301.01991488087776,0.0,0.0,1.2,8100.0
4.239999999999954,2378.917808469899,424111.15594469267,424111.15594469267,11.908351590511018,0.4313215015215375,301.01935822230854,0.0,0.0,1.2,8100.0
4.249999999999954,2378.917808469899,424111.15594469267,424111.15594469267,11.908351590511018,0.4313147642090231,301.01880580913047,0.0,0.0,1.2,8100.0
4.259999999999954,2378.917808469899,424111.15594469267,424111.15594469267,11.908351590511018,0.43130807876542576,301.01825764131854,0.0,0.0,1.2,8100.0
4.269999999999953,2378.917808469899,424111.15594469267,424111.15594469267,11.908351590511018,0.43130144518875396,301.0177137188838,0.0,0.0,1.2,8100.0
4.279999999999953,2378.917808469899,424111.15594469267,424111.15594469267,11.908351590511018,0.4312948634765387,301.0171740417966,0.0,0.0,1.2,8100.0
4.289999999999953,2378.917808469899,424111.15594469267,424111.15594469267,11.908351590511018,0.43128833362667035,301.0166386100557,0.0,0.0,1.2,8100.0
4.299999999999953,2378.917808469899,424111.15594469267,424111.15594469267,11.908351590511018,0.43128185563695365,301.0161074236513,0.0,0.0,1.2,8100.0
4.3099999999999525,2378.917808469899,424111.15594469267,424111.15594469267,11.908351590511018,0.4312754295050122,301.01558048255754,0.0,0.0,1.2,8100.0
4.319999999999952,2378.917808469899,424111.15594469267,424111.15594469267,11.908351590511018,0.43126905522887693,301.01505778678035,0.0,0.0,1.2,8100.0
4.329999999999952,2378.917808469899,424111.15594469267,424111.15594469267,11.908351590511018,0.43126273280620014,301.01453933629347,0.0,0.0,1.2,8100.0
4.339999999999952,2378.917808469899,424111.15594469267,424111.15594469267,11.908351590511018,0.4312564622349428,301.0140251310946,0.0,0.0,1.2,8100.0
4.349999999999952,2378.917808469899,424111.15594469267,424111.15594469267,11.908351590511018,0.4312502435128832,301.01351517116507,0.0,0.0,1.2,8100.0
4.3599999999999515,2378.917808469899,424111.15594469267,424111.15594469267,11.908351590511018,0.43124407663791375,301.0130094564941,0.0,0.0,1.2,8100.0
4.369999999999951,2378.917808469899,424111.15594469267,424111.15594469267,11.908351590511018,0.43123796160794015,301.0125079870708,0.0,0.0,1.2,8100.0
4.379999999999951,2378.917808469899,424111.15594469267,424111.15594469267,11.908351590511018,0.4312318984207342,301.0120107628719,0.0,0.0,1.2,8100.0
4.389999999999951,2378.917808469899,424111.15594469267,424111.15594469267,11.908351590511018,0.4312258870744776,301.01151778390636,0.0,0.0,1.2,8100.0
4.399999999999951,2378.917808469899,424111.15594469267,424111.15594469267,11.908351590511018,0.43121992756687244,301.01102905014244,0.0,0.0,1.2,8100.0
4.40999999999995,2378.917808469899,424111.15594469267,424111.15594469267,11.908351590511018,0.4312140198959307,301.01054456157254,0.0,0.0,1.2,8100.0
4.41999999999995,2378.917808469899,424111.15594469267,424111.15594469267,11.908351590511018,0.43120816405948303,301.0100643181728,0.0,0.0,1.2,8100.0
4.42999999999995,2378.917808469899,424111.15594469267,424111.15594469267,11.908351590511018,0.4312023600557666,301.00958831995126,0.0,0.0,1.2,8100.0
4.43999999999995,2378.917808469899,424111.15594469267,424111.15594469267,11.908351590511018,0.43119660788254127,301.00911656687566,0.0,0.0,1.2,8100.0
4.4499999999999496,2378.917808469899,424111.15594469267,424111.15594469267,11.908351590511018,0.431190907537877,301.00864905893764,0.0,0.0,1.2,8100.0
4.459999999999949,2378.917808469899,424111.15594469267,424111.15594469267,11.908351590511018,0.4311852590199069,301.0081857961327,0.0,0.0,1.2,8100.0
4.469999999999949,2378.917808469899,424111.15594469267,424111.15594469267,11.908351590511018,0.43117966232643323,301.0077267784279,0.0,0.0,1.2,8100.0
4.479999999999949,2378.917808469899,424111.15594469267,424111.15594469267,11.908351590511018,0.4311741174556186,301.00727200581844,0.0,0.0,1.2,8100.0
4.489999999999949,2378.917808469899,424111.15594469267,424111.15594469267,11.908351590511018,0.4311686244054908,301.00682147828724,0.0,0.0,1.2,8100.0
4.4999999999999485,2378.917808469899,424111.15594469267,424111.15594469267,11.908351590511018,0.43116318317419067,301.006375195825,0.0,0.0,1.2,8100.0
4.509999999999948,2378.917808469899,424111.15594469267,424111.15594469267,11.908351590511018,0.43115779375967705,301.00593315840615,0.0,0.0,1.2,8100.0
4.519999999999948,2378.917808469899,424111.15594469267,424111.15594469267,11.908351590511018,0.4311524561601193,301.00549536602114,0.0,0.0,1.2,8100.0
4.529999999999948,2378.917808469899,424111.15594469267,424111.15594469267,11.908351590511018,0.4311471703736527,301.00506181865615,0.0,0.0,1.2,8100.0
4.539999999999948,2378.917808469899,424111.15594469267,424111.15594469267,11.908351590511018,0.43114193639837656,301.00463251629316,0.0,0.0,1.2,8100.0
4.549999999999947,2378.917808469899,424111.15594469267,424111.15594469267,11.908351590511018,0.4311367542324547,301.004207458918,0.0,0.0,1.2,8100.0
4.559999999999947,2378.917808469899,424111.15594469267,424111.15594469267,11.908351590511018,0.4311316238740647,301.0037866465163,0.0,0.0,1.2,8100.0
4.569999999999947,2378.917808469899,424111.15594469267,424111.15594469267,11.908351590511018,0.43112654532129957,301.0033700790655,0.0,0.0,1.2,8100.0
4.579999999999947,2378.917808469899,424111.15594469267,424111.15594469267,11.908351590511018,0.43112151857246434,301.00295775655894,0.0,0.0,1.2,8100.0
4.589999999999947,2378.917808469899,424111.15594469267,424111.15594469267,11.908351590511018,0.4311165436255823,301.0025496789656,0.0,0.0,1.2,8100.0
4.599999999999946,2378.917808469899,424111.15594469267,424111.15594469267,11.908351590511018,0.43111162047903673,301.0021458462825,0.0,0.0,1.2,8100.0
4.609999999999946,2378.917808469899,424111.15594469267,424111.15594469267,11.908351590511018,0.4311067491309286,301.00174625848234,0.0,0.0,1.2,8100.0
4.619999999999946,2378.917808469899,424111.15594469267,424111.15594469267,11.908351590511018,0.431101929579669,301.0013509155617,0.0,0.0,1.2,8100.0
4.629999999999946,2378.917808469899,424111.15594469267,424111.15594469267,11.908351590511018,0.4310971618232891,301.0009598174849,0.0,0.0,1.2,8100.0
4.6399999999999455,2378.917808469899,424111.15594469267,424111.15594469267,11.908351590511018,0.4310924458602781,301.0005729642522,0.0,0.0,1.2,8100.0
4.649999999999945,2378.917808469899,424111.15594469267,424111.15594469267,11.908351590511018,0.43108778168879486,301.0001903558357,0.0,0.0,1.2,8100.0
4.659999999999945,2378.917808469899,424111.15594469267,424111.15594469267,11.908351590511018,0.43108316930711077,300.99981199221503,0.0,0.0,1.2,8100.0
4.669999999999945,2378.917808469899,424111.15594469267,424111.15594469267,11.908351590511018,0.4310786087136588,300.99943787338196,0.0,0.0,1.2,8100.0
4.679999999999945,2378.917808469899,424111.15594469267,424111.15594469267,11.908351590511018,0.4310740999066894,300.99906799931205,0.0,0.0,1.2,8100.0
4.689999999999944,2378.917808469899,424111.15594469267,424111.15594469267,11.908351590511018,0.43106964288456634,300.9987023699885,0.0,0.0,1.2,8100.0
4.699999999999944,2378.917808469899,424111.15594469267,424111.15594469267,11.908351590511018,0.43106523764566745,300.9983409853945,0.0,0.0,1.2,8100.0
4.709999999999944,2378.917808469899,424111.15594469267,424111.15594469267,11.908351590511018,0.4310608841883843,300.997983845513,0.0,0.0,1.2,8100.0
4.719999999999944,2378.917808469899,424111.15594469267,424111.15594469267,11.908351590511018,0.4310565825110745,300.9976309503227,0.0,0.0,1.2,8100.0
4.729999999999944,2378.917808469899,424111.15594469267,424111.15594469267,11.908351590511018,0.431052332612109,300.9972822998022,0.0,0.0,1.2,8100.0
4.739999999999943,2378.917808469899,424111.15594469267,424111.15594469267,11.908351590511018,0.43104813448982404,300.9969378939258,0.0,0.0,1.2,8100.0
4.749999999999943,2378.917808469899,424111.15594469267,424111.15594469267,11.908351590511018,0.43104398814286604,300.996597732692,0.0,0.0,1.2,8100.0
4.759999999999943,2378.917808469899,424111.15594469267,424111.15594469267,11.908351590511018,0.43103989356955075,300.9962618160706,0.0,0.0,1.2,8100.0
4.769999999999943,2378.917808469899,424111.15594469267,424111.15594469267,11.908351590511018,0.4310358507682568,300.9959301440355,0.0,0.0,1.2,8100.0
4.7799999999999425,2378.917808469899,424111.15594469267,424111.15594469267,11.908351590511018,0.43103185973762426,300.9956027165805,0.0,0.0,1.2,8100.0
4.789999999999942,2378.917808469899,424111.15594469267,424111.15594469267,11.908351590511018,0.4310279204760116,300.995279533675,0.0,0.0,1.2,8100.0
4.799999999999942,2378.917808469899,424111.15594469267,424111.15594469267,11.908351590511018,0.431024032982038,300.9949605953084,0.0,0.0,1.2,8100.0
4.809999999999942,2378.917808469899,424111.15594469267,424111.15594469267,11.908351590511018,0.4310201972541888,300.99464590145783,0.0,0.0,1.2,8100.0
4.819999999999942,2378.917808469899,424111.15594469267,424111.15594469267,11.908351590511018,0.43101641329086515,300.9943354520922,0.0,0.0,1.2,8100.0
4.8299999999999415,2378.917808469899,424111.15594469267,424111.15594469267,11.908351590511018,0.4310126810907782,300.9940292472043,0.0,0.0,1.2,8100.0
4.839999999999941,2378.917808469899,424111.15594469267,424111.15594469267,11.908351590511018,0.4310090006523584,300.99372728676286,0.0,0.0,1.2,8100.0
4.849999999999941,2378.917808469899,424111.15594469267,424111.15594469267,11.908351590511018,0.4310053719743449,300.9934295707602,0.0,0.0,1.2,8100.0
4.859999999999941,2378.917808469899,424111.15594469267,424111.15594469267,11.908351590511018,0.43100179505519637,300.99313609916464,0.0,0.0,1.2,8100.0
4.869999999999941,2378.917808469899,424111.15594469267,424111.15594469267,11.908351590511018,0.43099826989343404,300.9928468719481,0.0,0.0,1.2,8100.0
4.87999999999994,2378.917808469899,424111.15594469267,424111.15594469267,11.908351590511018,0.4309947964878905,300.99256188910664,0.0,0.0,1.2,8100.0
4.88999999999994,2378.917808469899,424111.15594469267,424111.15594469267,11.908351590511018,0.43099137483701705,300.9922811506039,0.0,0.0,1.2,8100.0
4.89999999999994,2378.917808469899,424111.15594469267,424111.15594469267,11.908351590511018,0.43098800493962564,300.99200465643145,0.0,0.0,1.2,8100.0
4.90999999999994,2378.917808469899,424111.15594469267,424111.15594469267,11.908351590511018,0.43098468679424484,300.9917324065566,0.0,0.0,1.2,8100.0
4.9199999999999395,2378.917808469899,424111.15594469267,424111.15594469267,11.908351590511018,0.43098142039951803,300.9914644009545,0.0,0.0,1.2,8100.0
4.929999999999939,2378.917808469899,424111.15594469267,424111.15594469267,11.908351590511018,0.43097820575429896,300.99120063961624,0.0,0.0,1.2,8100.0
4.939999999999939,2378.917808469899,424111.15594469267,424111.15594469267,11.908351590511018,0.4309750428571103,300.99094112250447,0.0,0.0,1.2,8100.0
4.949999999999939,2378.917808469899,424111.15594469267,424111.15594469267,11.908351590511018,0.4309719317067368,300.99068584960196,0.0,0.0,1.2,8100.0
4.959999999999939,2378.917808469899,424111.15594469267,424111.15594469267,11.908351590511018,0.4309688723019267,300.99043482088706,0.0,0.0,1.2,8100.0
4.9699999999999385,2378.917808469899,424111.15594469267,424111.15594469267,11.908351590511018,0.43096586464144304,300.99018803633817,0.0,0.0,1.2,8100.0
4.979999999999938,2378.917808469899,424111.15594469267,424111.15594469267,11.908351590511018,0.4309629087240149,300.9899454959293,0.0,0.0,1.2,8100.0
4.989999999999938,2378.917808469899,424111.15594469267,424111.15594469267,11.908351590511018,0.43096000454843236,300.9897071996384,0.0,0.0,1.2,8100.0
4.999999999999938,2378.917808469899,424111.15594469267,424111.15594469267,11.908351590511018,0.4309571521135029,300.9894731474432,0.0,0.0,1.2,8098.47
5.009999999999938,2387.337326522734,424059.242427844,424059.242427844,11.907759847870963,0.430954351417898,300.9892433393092,15.687794135908742,442891.03183339036,1.2,8098.47
5.019999999999937,2387.084513798589,423997.5603016251,423997.5603016251,11.907168154284228,0.43095157472318135,300.9890154992417,15.687794135908742,442891.1725338574,1.2,8096.9400000000005
5.029999999999937,2386.8336206080057,423935.8882171073,423935.8882171073,11.906576507742518,0.430948794274528,300.98878734984896,15.687794135908742,442891.3134243302,1.2,8095.410000000001
5.039999999999937,2386.5846041596483,423874.2259329803,423874.2259329803,11.90598490631703,0.4309460100383552,300.98855888837,15.687794135908742,442891.45450650965,1.2,8093.880000000001
5.049999999999937,2386.337423438711,423812.573217233,423812.573217233,11.905393348154098,0.4309432219810809,300.98833011204385,15.687794135908742,442891.5957820964,1.2,8092.350000000001
5.0599999999999365,2386.0920391043123,423750.9298466483,423750.9298466483,11.90480183147108,0.430940430068681,300.98810101807334,15.687794135908742,442891.7372528136,1.2,8090.8200000000015
5.069999999999936,2385.848413394382,423689.29560633324,423689.29560633324,11.90421035455258,0.4309376342675742,300.9878716036974,15.687794135908742,442891.8789203621,1.2,8089.290000000002
5.079999999999936,2385.606510037387,423627.6702892816,423627.6702892816,11.903618915746907,0.4309348345437383,300.9876418661187,15.687794135908742,442892.020786465,1.2,8087.760000000002
5.089999999999936,2385.3662941703037,423566.05369596445,423566.05369596445,11.903027513462774,0.43093203086324916,300.987411802548,15.687794135908742,442892.16285284027,1.2,8086.230000000002
5.099999999999936,2385.1277322623023,423504.4456339508,423504.4456339508,11.902436146166233,0.43092922319188876,300.9871814101718,15.687794135908742,442892.30512122076,1.2,8084.700000000003
5.1099999999999355,2384.8907920436736,423442.8459175502,423442.8459175502,11.901844812377785,0.43092641149568495,300.98695068619674,15.687794135908742,442892.44759332715,1.2,8083.170000000003
5.119999999999935,2384.6554424395513,423381.25436748134,423381.25436748134,11.901253510669685,0.43092359574032296,300.98671962780116,15.687794135908742,442892.59027089714,1.2,8081.640000000003
5.129999999999935,2384.4216535080536,423319.67081055796,423319.67081055796,11.900662239663443,0.43092077589158617,300.9864882321716,15.687794135908742,442892.73315566365,1.2,8080.110000000003
5.139999999999935,2384.189396382481,423258.095079398,423258.095079398,11.900070998027442,0.43091795191496424,300.9862564964702,15.687794135908742,442892.87624937436,1.2,8078.580000000004
5.149999999999935,2383.9586432172537,423196.5270121502,423196.5270121502,11.899479784474735,0.43091512377619284,300.9860244178794,15.687794135908742,442893.0195537644,1.2,8077.050000000004
5.159999999999934,2383.7293671372963,423134.9664522335,423134.9664522335,11.898888597760942,0.43091229144061544,300.9857919935492,15.687794135908742,442893.16307058913,1.2,8075.520000000004
5.169999999999934,2383.5015421906046,423073.4132480993,423073.4132480993,11.898297436682329,0.43090945487377225,300.9855592206458,15.687794135908742,442893.3068015935,1.2,8073.990000000004
5.179999999999934,2383.275143303754,423011.86725299986,423011.86725299986,11.897706300073935,0.43090661404095926,300.9853260963152,15.687794135908742,442893.450748535,1.2,8072.460000000005
5.189999999999934,2383.050146240131,422950.32832477626,422950.32832477626,11.89711518680785,0.43090376890727444,300.9850926176872,15.687794135908742,442893.59491318086,1.2,8070.930000000005
5.199999999999934,2382.826527560683,422888.7963256557,422888.7963256557,11.89652409579159,0.4309009194380653,300.98485878191184,15.687794135908742,442893.7392972863,1.2,8069.400000000005
5.209999999999933,2382.60426458701,422827.2711220611,422827.2711220611,11.895933025966544,0.43089806559838206,300.9846245861149,15.687794135908742,442893.8839026212,1.2,8067.870000000005
5.219999999999933,2382.3833353666205,422765.75258443167,422765.75258443167,11.895341976306531,0.4308952073531794,300.9843900274139,15.687794135908742,442894.0287309604,1.2,8066.340000000006
5.229999999999933,2382.1637186402068,422704.24058705225,422704.24058705225,11.894750945816426,0.4308923446675103,300.9841551029347,15.687794135908742,442894.173784073,1.2,8064.810000000006
5.239999999999933,2381.9453938107968,422642.73500789417,422642.73500789417,11.894159933530847,0.4308894775061819,300.9839198097828,15.687794135908742,442894.3190637419,1.2,8063.280000000006
5.2499999999999325,2381.7283409146467,422581.23572846234,422581.23572846234,11.893568938512955,0.43088660583410177,300.9836841450717,15.687794135908742,442894.4645717436,1.2,8061.750000000006
5.259999999999932,2381.5125405937633,422519.7426336524,422519.7426336524,11.892977959853269,0.43088372961588195,300.98344810589083,15.687794135908742,442894.6103098706,1.2,8060.220000000007
5.269999999999932,2381.297974069941,422458.2556116143,422458.2556116143,11.89238699666858,0.43088084881613536,300.98321168932944,15.687794135908742,442894.75627991464,1.2,8058.690000000007
5.279999999999932,2381.084623120215,422396.77455362334,422396.77455362334,11.891796048100893,0.43087796339967394,300.982974892493,15.687794135908742,442894.9024836575,1.2,8057.160000000007
5.289999999999932,2380.872470053636,422335.29935395747,422335.29935395747,11.891205113316452,0.4308750733308161,300.98273771244664,15.687794135908742,442895.04892290634,1.2,8055.630000000007
5.299999999999931,2380.6614976892834,422273.8299097828,422273.8299097828,11.8906141915048,0.4308721785739317,300.9825001462593,15.687794135908742,442895.19559946517,1.2,8054.100000000008
5.309999999999931,2380.451689335434,422212.36612104165,422212.36612104165,11.890023281877882,0.4308692790934896,300.98226219100826,15.687794135908742,442895.3425151333,1.2,8052.570000000008
5.319999999999931,2380.2430287698116,422150.9078903489,422150.9078903489,11.889432383669195,0.4308663748537133,300.98202384375037,15.687794135908742,442895.4896717224,1.2,8051.040000000008
5.329999999999931,2380.035500220858,422089.45512289176,422089.45512289176,11.888841496132992,0.43086346581892565,300.98178510155066,15.687794135908742,442895.63707103895,1.2,8049.510000000008
5.339999999999931,2379.8290883499485,422028.0077263357,422028.0077263357,11.888250618543518,0.43086055195310513,300.9815459614458,15.687794135908742,442895.7847149071,1.2,8047.980000000009
5.34999999999993,2379.6237782345083,421966.56561073405,421966.56561073405,11.887659750194262,0.43085763322028126,300.9813064204766,15.687794135908742,442895.9326051483,1.2,8046.450000000009
5.35999999999993,2379.4195553519644,421905.1286884421,421905.1286884421,11.887068890397282,0.4308547095846317,300.9810664756958,15.687794135908742,442896.0807435764,1.2,8044.920000000009
5.36999999999993,2379.216405564486,421843.6968740357,421843.6968740357,11.886478038482537,0.43085178100989163,300.98082612412,15.687794135908742,442896.2291320276,1.2,8043.390000000009
5.37999999999993,2379.0143151044713,421782.27008423244,421782.27008423244,11.885887193797256,0.43084884745979757,300.9805853627655,15.687794135908742,442896.3777723384,1.2,8041.86000000001
5.3899999999999295,2378.8132705607254,421720.8482378183,421720.8482378183,11.885296355705336,0.430845908898332,300.980344188669,15.687794135908742,442896.5266663324,1.2,8040.33000000001
5.399999999999929,2378.6132588653063,421659.4312555763,421659.4312555763,11.884705523586765,0.4308429652891849,300.98010259884296,15.687794135908742,442896.6758158481,1.2,8038.80000000001
5.409999999999929,2378.4142672809803,421598.0190602189,421598.0190602189,11.884114696837083,0.4308400165957008,300.97986059027136,15.687794135908742,442896.82522274164,1.2,8037.27000000001
5.419999999999929,2378.216283389269,421536.6115763224,421536.6115763224,11.883523874866846,0.43083706278166833,300.9796181599747,15.687794135908742,442896.9748888467,1.2,8035.740000000011
5.429999999999929,2378.019295079046,421475.2087302666,421475.2087302666,11.88293305710114,0.4308341038104352,300.9793753049371,15.687794135908742,442897.12481601886,1.2,8034.210000000011
5.4399999999999284,2377.823290535653,421413.8104501744,421413.8104501744,11.882342242979082,0.4308311396453478,300.9791320221425,15.687794135908742,442897.2750061142,1.2,8032.680000000011
5.449999999999928,2377.628258230511,421352.41666585585,421352.41666585585,11.881751431953392,0.43082817024965736,300.9788883085669,15.687794135908742,442897.4254609936,1.2,8031.1500000000115
5.459999999999928,2377.434186911195,421291.0273087538,421291.0273087538,11.881160623489919,0.43082519558681137,300.9786441612024,15.687794135908742,442897.5761825074,1.2,8029.620000000012
5.469999999999928,2377.2410655919452,421229.64231189236,421229.64231189236,11.88056981706726,0.4308222156198163,300.9783995770048,15.687794135908742,442897.7271725292,1.2,8028.090000000012
5.479999999999928,2377.048883544603,421168.2616098268,421168.2616098268,11.879979012176323,0.4308192303118258,300.9781545529419,15.687794135908742,442897.8784329242,1.2,8026.560000000012
5.489999999999927,2376.8576302899337,421106.88513859664,421106.88513859664,11.879388208319964,0.4308162396257001,300.9779090859572,15.687794135908742,442898.02996557317,1.2,8025.0300000000125
5.499999999999927,2376.6672955893237,421045.5128356793,421045.5128356793,11.878797405012616,0.43081324352459555,300.9776631730186,15.687794135908742,442898.1817723415,1.2,8023.500000000013
5.509999999999927,2376.4778694368374,420984.1446399469,420984.1446399469,11.878206601779933,0.43081024197122597,300.9774168110575,15.687794135908742,442898.3338551169,1.2,8021.970000000013
5.519999999999927,2376.2893420516016,420922.78049162397,420922.78049162397,11.87761579815843,0.43080723492835626,300.97716999700936,15.687794135908742,442898.48621578474,1.2,8020.440000000013
5.5299999999999265,2376.101703870514,420861.4203322482,420861.4203322482,11.877024993695205,0.43080422235884963,300.97692272781774,15.687794135908742,442898.63885622553,1.2,8018.9100000000135
5.539999999999926,2375.914945541254,420800.06410463003,420800.06410463003,11.876434187947579,0.43080120422517704,300.97667500039375,15.687794135908742,442898.791778339,1.2,8017.380000000014
5.549999999999926,2375.729057915577,420738.71175281703,420738.71175281703,11.87584338048282,0.43079818049000695,300.97642681166485,15.687794135908742,442898.94498401554,1.2,8015.850000000014
5.559999999999926,2375.5440320428847,420677.3632220577,420677.3632220577,11.875252570877848,0.43079515111586203,300.97617815854613,15.687794135908742,442899.09847515245,1.2,8014.320000000014
5.569999999999926,2375.359859164056,420616.0184587672,420616.0184587672,11.87466175871896,0.43079211606501855,300.97592903793264,15.687794135908742,442899.2522536598,1.2,8012.7900000000145
5.5799999999999255,2375.1765307055193,420554.6774104944,420554.6774104944,11.874070943601563,0.4307890752998524,300.97567944672744,15.687794135908742,442899.40632144245,1.2,8011.260000000015
5.589999999999925,2374.9940382735667,420493.3400258903,420493.3400258903,11.87348012512992,0.43078602878274147,300.9754293818335,15.687794135908742,442899.5606804051,1.2,8009.730000000015
5.599999999999925,2374.8123736488837,420432.0062546776,420432.0062546776,11.87288930291689,0.43078297647581715,300.9751788401337,15.687794135908742,442899.7153324652,1.2,8008.200000000015
5.609999999999925,2374.6315287813018,420370.6760476211,420370.6760476211,11.872298476583712,0.4307799183411637,300.97492781850684,15.687794135908742,442899.870279542,1.2,8006.6700000000155
5.619999999999925,2374.4514957847423,420309.3493564993,420309.3493564993,11.871707645759763,0.4307768543408162,300.9746763138275,15.687794135908742,442900.0255235579,1.2,8005.140000000016
5.629999999999924,2374.2722669323643,420248.0261340784,420248.0261340784,11.871116810082336,0.4307737844368612,300.9744243229746,15.687794135908742,442900.1810664323,1.2,8003.610000000016
5.639999999999924,2374.093834651889,420186.7063340839,420186.7063340839,11.870525969196436,0.4307707085910892,300.9741718428025,15.687794135908742,442900.33691009966,1.2,8002.080000000016
5.649999999999924,2373.916191521105,420125.38991117786,420125.38991117786,11.869935122754569,0.4307676267653917,300.97391887017375,15.687794135908742,442900.4930564892,1.2,8000.550000000017
5.659999999999924,2373.739330263537,420064.07682093285,420064.07682093285,11.869344270416557,0.43076453892136496,300.97366540192667,15.687794135908742,442900.64950754534,1.2,7999.020000000017
5.6699999999999235,2373.56324374428,420002.76701980876,420002.76701980876,11.868753411849335,0.4307614450209024,300.97341143492383,15.687794135908742,442900.80626519705,1.2,7997.490000000017
5.679999999999923,2373.387924965983,419941.460465131,419941.460465131,11.868162546726763,0.43075834502555227,300.9731569659994,15.687794135908742,442900.9633313911,1.2,7995.960000000017
5.689999999999923,2373.213367064977,419880.1571150676,419880.1571150676,11.867571674729477,0.430755238896669,300.9729019919714,15.687794135908742,442901.12070808414,1.2,7994.430000000018
5.699999999999923,2373.039563307549,419818.8569286086,419818.8569286086,11.866980795544688,0.43075212659590195,300.97264650968214,15.687794135908742,442901.27839721733,1.2,7992.900000000018
5.709999999999923,2372.8665070863453,419757.55986554606,419757.55986554606,11.866389908866037,0.43074900808450894,300.9723905159415,15.687794135908742,442901.4364007523,1.2,7991.370000000018
5.7199999999999225,2372.6941919169,419696.2658864541,419696.2658864541,11.86579901439342,0.4307458833238953,300.97213400757164,15.687794135908742,442901.5947206428,1.2,7989.840000000018
5.729999999999922,2372.5226114342936,419634.97495266964,419634.97495266964,11.865208111832857,0.4307427522752706,300.97187698137833,15.687794135908742,442901.7533588524,1.2,7988.310000000019
5.739999999999922,2372.3517593899214,419573.6870262744,419573.6870262744,11.86461720089632,0.43073961489964985,300.97161943415125,15.687794135908742,442901.9123173548,1.2,7986.780000000019
5.749999999999922,2372.1816296483785,419512.40207007754,419512.40207007754,11.864026281301614,0.43073647115829417,300.9713613627003,15.687794135908742,442902.0715981113,1.2,7985.250000000019
5.759999999999922,2372.0122161844492,419451.12004759815,419451.12004759815,11.86343535277221,0.43073332101221923,300.9711027638151,15.687794135908742,442902.2312030951,1.2,7983.720000000019
5.769999999999921,2371.8435130802013,419389.8409230483,419389.8409230483,11.862844415037138,0.43073016442224643,300.9708436342693,15.687794135908742,442902.39113428973,1.2,7982.19000000002
5.779999999999921,2371.6755145221764,419328.5646613184,419328.5646613184,11.862253467830843,0.4307270013492954,300.97058397084413,15.687794135908742,442902.5513936734,1.2,7980.66000000002
5.789999999999921,2371.508214798681,419267.2912279598,419267.2912279598,11.861662510893067,0.4307238317541886,300.9703237703133,15.687794135908742,442902.7119832295,1.2,7979.13000000002
5.799999999999921,2371.341608297158,419206.02058917185,419206.02058917185,11.861071543968722,0.4307206555976024,300.97006302943805,15.687794135908742,442902.8729049486,1.2,7977.60000000002
5.809999999999921,2371.175689501656,419144.7527117861,419144.7527117861,11.860480566807775,0.43071747284016487,300.9698017449756,15.687794135908742,442903.0341608238,1.2,7976.070000000021
5.81999999999992,2371.0104529903742,419083.48756325274,419083.48756325274,11.859889579165138,0.4307142834424556,300.9695399136791,15.687794135908742,442903.19575285044,1.2,7974.540000000021
5.82999999999992,2370.8458934332916,419022.225111627,419022.225111627,11.859298580800557,0.4307110873649082,300.96927753228977,15.687794135908742,442903.3576830317,1.2,7973.010000000021
5.83999999999992,2370.682005589872,418960.9653255558,418960.9653255558,11.8587075714785,0.4307078845679076,300.96901459754446,15.687794135908742,442903.5199533726,1.2,7971.480000000021
5.84999999999992,2370.5187843068416,418899.70817426586,418899.70817426586,11.858116550968068,0.4307046750119879,300.96875110619237,15.687794135908742,442903.68256587116,1.2,7969.950000000022
5.8599999999999195,2370.35622451604,418838.45362754975,418838.45362754975,11.85752551904288,0.4307014586572906,300.96848705495023,15.687794135908742,442903.8455225448,1.2,7968.420000000022
5.869999999999919,2370.1943212323386,418777.201655756,418777.201655756,11.856934475480987,0.43069823546405706,300.9682224405429,15.687794135908742,442904.0088254062,1.2,7966.890000000022
5.879999999999919,2370.033069551623,418715.95222977607,418715.95222977607,11.85634342006477,0.4306950053924793,300.9679572596911,15.687794135908742,442904.17247647035,1.2,7965.360000000022
5.889999999999919,2369.8724646488417,418654.70532103383,418654.70532103383,11.855752352580861,0.43069176840245643,300.96769150909137,15.687794135908742,442904.33647776704,1.2,7963.830000000023
5.899999999999919,2369.712501776111,418593.460901474,418593.460901474,11.855161272820041,0.43068852445413464,300.96742518546046,15.687794135908742,442904.5008313137,1.2,7962.300000000023
5.909999999999918,2369.5531762608844,418532.2189435527,418532.2189435527,11.854570180577177,0.43068527350726743,300.9671582854827,15.687794135908742,442904.6655391476,1.2,7960.770000000023
5.919999999999918,2369.394483504172,418470.9794202264,418470.9794202264,11.85397907565111,0.43068201552165836,300.96689080584645,15.687794135908742,442904.8306033031,1.2,7959.240000000023
5.929999999999918,2369.236418978818,418409.7423049424,418409.7423049424,11.853387957844594,0.4306787504572599,300.96662274325223,15.687794135908742,442904.99602580763,1.2,7957.710000000024
5.939999999999918,2369.07897822783,418348.50757162843,418348.50757162843,11.852796826964221,0.43067547827348496,300.9663540943561,15.687794135908742,442905.1618087153,1.2,7956.180000000024
5.949999999999918,2368.922156862755,418287.2751946851,418287.2751946851,11.85220568282034,0.43067219893009145,300.96608485584227,15.687794135908742,442905.32795406313,1.2,7954.650000000024
5.959999999999917,2368.765950562109,418226.0451489752,418226.0451489752,11.851614525226974,0.43066891238649396,300.9658150243668,15.687794135908742,442905.4944639054,1.2,7953.120000000024
5.969999999999917,2368.6103550698504,418164.81740981515,418164.81740981515,11.85102335400176,0.4306656186023553,300.96554459660587,15.687794135908742,442905.6613402837,1.2,7951.590000000025
5.979999999999917,2368.4553661938967,418103.5919529675,418103.5919529675,11.850432168965893,0.4306623175369443,300.9652735692033,15.687794135908742,442905.82858525985,1.2,7950.060000000025
5.989999999999917,2368.3009798046883,418042.36875463184,418042.36875463184,11.849840969944031,0.43065900914963084,300.965001938811,15.687794135908742,442905.99620089005,1.2,7948.530000000025
5.9999999999999165,2368.14719183379,417981.1477914363,417981.1477914363,11.849249756764248,0.4306556933996374,300.9647297020687,15.687794135908742,442906.1641892385,1.2,7947.0000000000255
6.009999999999916,2367.993998272539,417919.92904043116,417919.92904043116,11.848658529257968,0.43065237024604036,300.9644568556041,15.687794135908742,442906.33255237615,1.2,7945.470000000026
6.019999999999916,2367.841395170722,417858.7124790801,417858.7124790801,11.848067287259902,0.4306490396480162,300.9641833960528,15.687794135908742,442906.5012923698,1.2,7943.940000000026
6.029999999999916,2367.6893786353,417797.4980852533,417797.4980852533,11.847476030607995,0.4306457015643979,300.96390932002225,15.687794135908742,442906.6704113025,1.2,7942.410000000026
6.039999999999916,2367.5379448291633,417736.2858372206,417736.2858372206,11.846884759143359,0.43064235595436323,300.9636346241481,15.687794135908742,442906.8399112406,1.2,7940.8800000000265
6.0499999999999154,2367.3870899699223,417675.0757136436,417675.0757136436,11.846293472710219,0.43063900277660105,300.9633593050255,15.687794135908742,442907.009794275,1.2,7939.350000000027
6.059999999999915,2367.2368103287345,417613.86769357,417613.86769357,11.845702171155867,0.4306356419898975,300.96308335925784,15.687794135908742,442907.1800624915,1.2,7937.820000000027
6.069999999999915,2367.087102229161,417552.6617564262,417552.6617564262,11.845110854330603,0.43063227355309214,300.9628067834524,15.687794135908742,442907.35071797343,1.2,7936.290000000027
6.079999999999915,2366.9379620460554,417491.45788201224,417491.45788201224,11.844519522087674,0.43062889742482585,300.96252957420023,15.687794135908742,442907.5217628139,1.2,7934.7600000000275
6.089999999999915,2366.7893862044866,417430.25605049316,417430.25605049316,11.843928174283247,0.4306255135635463,300.96225172807647,15.687794135908742,442907.6931991161,1.2,7933.230000000028
6.099999999999914,2366.641371178684,417369.05624239554,417369.05624239554,11.843336810776337,0.43062212192789806,300.961973241672,15.687794135908742,442907.86502897274,1.2,7931.700000000028
6.109999999999914,2366.4939134910182,417307.85843860096,417307.85843860096,11.842745431428776,0.4306187224762326,300.96169411155387,15.687794135908742,442908.03725449176,1.2,7930.170000000028
6.119999999999914,2366.347009711006,417246.66262033896,417246.66262033896,11.84215403610516,0.4306153151669018,300.96141433428875,15.687794135908742,442908.20987778134,1.2,7928.6400000000285
6.129999999999914,2366.2006564543403,417185.46876918303,417185.46876918303,11.8415626246728,0.4306118999581119,300.96113390643137,15.687794135908742,442908.382900956,1.2,7927.110000000029
6.1399999999999135,2366.0548503819505,417124.2768670452,417124.2768670452,11.840971197001693,0.43060847680807035,300.96085282453635,15.687794135908742,442908.55632613134,1.2,7925.580000000029
6.149999999999913,2365.909588199083,417063.0868961691,417063.0868961691,11.84037975296447,0.4306050456748869,300.96057108515026,15.687794135908742,442908.73015542707,1.2,7924.050000000029
6.159999999999913,2365.764866654408,417001.89883912756,417001.89883912756,11.839788292436346,0.4306016065166735,300.96028868481966,15.687794135908742,442908.90439096314,1.2,7922.5200000000295
6.169999999999913,2365.6206825391505,416940.71267881506,416940.71267881506,11.8391968152951,0.4305981592911985,300.9600056200628,15.687794135908742,442909.07903487684,1.2,7920.99000000003
6.179999999999913,2365.4770326862426,416879.5283984449,416879.5283984449,11.838605321421023,0.4305947039566754,300.9597218874342,15.687794135908742,442909.2540892827,1.2,7919.46000000003
6.1899999999999125,2365.333913969498,416818.34598154307,416818.34598154307,11.838013810696886,0.4305912404705791,300.95943748342796,15.687794135908742,442909.429556333,1.2,7917.93000000003
6.199999999999912,2365.1913233028054,416757.1654119445,416757.1654119445,11.837422283007893,0.4305877687910766,300.95915240459436,15.687794135908742,442909.60543814464,1.2,7916.400000000031
6.209999999999912,2365.049257639348,416695.9866737888,416695.9866737888,11.836830738241662,0.4305842888755967,300.95886664742346,15.687794135908742,442909.7817368719,1.2,7914.870000000031
6.219999999999912,2364.907713970838,416634.80975151545,416634.80975151545,11.836239176288176,0.43058080068176796,300.9585802084212,15.687794135908742,442909.9584546593,1.2,7913.340000000031
6.229999999999912,2364.766689326772,416573.6346298592,416573.6346298592,11.835647597039763,0.43057730416717016,300.9582930840895,15.687794135908742,442910.13559365325,1.2,7911.810000000031
6.239999999999911,2364.6261807737037,416512.46129384765,416512.46129384765,11.835056000391042,0.43057379928913836,300.9580052709102,15.687794135908742,442910.31315601274,1.2,7910.280000000032
6.249999999999911,2364.486185414538,416451.28972879454,416451.28972879454,11.834464386238908,0.43057028600505887,300.95771676536896,15.687794135908742,442910.4911438944,1.2,7908.750000000032
6.259999999999911,2364.34670038784,416390.1199202996,416390.1199202996,11.833872754482503,0.4305667642722203,300.9574275639435,15.687794135908742,442910.6695594595,1.2,7907.220000000032
6.269999999999911,2364.20772286716,416328.9518542408,416328.9518542408,11.833281105023172,0.4305632340477658,300.9571376630993,15.687794135908742,442910.8484048768,1.2,7905.690000000032
6.2799999999999105,2364.069250060379,416267.7855167736,416267.7855167736,11.832689437764442,0.4305596952890358,300.9568470593179,15.687794135908742,442911.02768230496,1.2,7904.160000000033
6.28999999999991,2363.9312792090664,416206.62089432613,416206.62089432613,11.832097752611993,0.4305561479530294,300.9565557490529,15.687794135908742,442911.2073939199,1.2,7902.630000000033
6.29999999999991,2363.7938075878546,416145.4579735962,416145.4579735962,11.83150604947363,0.43055259199664664,300.9562637287493,15.687794135908742,442911.3875419026,1.2,7901.100000000033
6.30999999999991,2363.6568325038293,416084.2967415474,416084.2967415474,11.830914328259253,0.4305490273769385,300.9559709948647,15.687794135908742,442911.56812842644,1.2,7899.570000000033
6.31999999999991,2363.5203512959333,416023.1371854063,416023.1371854063,11.830322588880831,0.4305454540507591,300.95567754384,15.687794135908742,442911.74915567465,1.2,7898.040000000034
6.3299999999999095,2363.3843613343856,415961.9792926589,415961.9792926589,11.829730831252382,0.4305418719749657,300.9553833721165,15.687794135908742,442911.9306258301,1.2,7896.510000000034
6.339999999999909,2363.2488600201123,415900.8230510478,415900.8230510478,11.829139055289941,0.43053828110602205,300.955088476103,15.687794135908742,442912.1125410958,1.2,7894.980000000034
6.349999999999909,2363.1138447841954,415839.6684485693,415839.6684485693,11.828547260911538,0.4305346814007384,300.95479285223655,15.687794135908742,442912.2949036574,1.2,7893.450000000034
6.359999999999909,2362.9793130873277,415778.51547347,415778.51547347,11.827955448037171,0.4305310728154832,300.9544964969178,15.687794135908742,442912.4777157223,1.2,7891.920000000035
6.369999999999909,2362.8452624192864,415717.36411424406,415717.36411424406,11.827363616588796,0.4305274553067255,300.95419940655546,15.687794135908742,442912.66097949323,1.2,7890.390000000035
6.379999999999908,2362.7116902984167,415656.21435963054,415656.21435963054,11.826771766490285,0.4305238288309851,300.9539015775623,15.687794135908742,442912.84469717037,1.2,7888.860000000035
6.389999999999908,2362.578594271125,415595.0661986114,415595.0661986114,11.826179897667426,0.4305201933443886,300.95360300631876,15.687794135908742,442913.02887097356,1.2,7887.330000000035
6.399999999999908,2362.44597191139,415533.9196204071,415533.9196204071,11.825588010047873,0.43051654880336054,300.9533036892295,15.687794135908742,442913.2135031074,1.2,7885.800000000036
6.409999999999908,2362.3138208202768,415472.77461447555,415472.77461447555,11.824996103561155,0.43051289516403196,300.95300362267477,15.687794135908742,442913.3985957919,1.2,7884.270000000036
6.419999999999908,2362.182138625469,415411.6311705092,415411.6311705092,11.824404178138643,0.430509232382534,300.95270280303504,15.687794135908742,442913.5841512464,1.2,7882.740000000036
6.429999999999907,2362.0509229808076,415350.4892784323,415350.4892784323,11.823812233713525,0.4305055604148532,300.95240122667843,15.687794135908742,442913.770171698,1.2,7881.210000000036
6.439999999999907,2361.92017156584,415289.34892839927,415289.34892839927,11.823220270220796,0.4305018792170268,300.9520988899772,15.687794135908742,442913.9566593709,1.2,7879.680000000037
6.449999999999907,2361.789882085383,415228.2101107913,415228.2101107913,11.822628287597233,0.430498188744896,300.95179578928736,15.687794135908742,442914.1436164994,1.2,7878.150000000037
6.459999999999907,2361.66005226909,415167.0728162153,415167.0728162153,11.822036285781385,0.43049448895415604,300.9514919209528,15.687794135908742,442914.3310453252,1.2,7876.620000000037
6.4699999999999065,2361.5306798710335,415105.9370355009,415105.9370355009,11.82144426471355,0.4304907798006525,300.9511872813295,15.687794135908742,442914.5189480822,1.2,7875.090000000037
6.479999999999906,2361.4017626692903,415044.80275969853,415044.80275969853,11.820852224335754,0.4304870612398375,300.95088186674116,15.687794135908742,442914.70732702396,1.2,7873.560000000038
6.489999999999906,2361.2732984655427,414983.669980078,414983.669980078,11.820260164591748,0.43048333322755944,300.95057567354365,15.687794135908742,442914.8961843847,1.2,7872.030000000038
6.499999999999906,2361.1452850846827,414922.53868812526,414922.53868812526,11.81966808542697,0.4304795957191269,300.9502686980485,15.687794135908742,442915.08552242536,1.2,7870.500000000038
6.509999999999906,2361.017720374429,414861.40887554165,414861.40887554165,11.819075986788558,0.4304758486699982,300.9499609365792,15.687794135908742,442915.2753433993,1.2,7868.970000000038
6.519999999999905,2360.8906022049478,414800.28053424146,414800.28053424146,11.818483868625307,0.4304720920356809,300.9496523854634,15.687794135908742,442915.46564955765,1.2,7867.440000000039
6.529999999999905,2360.7639284684874,414739.15365635004,414739.15365635004,11.817891730887673,0.4304683257713419,300.9493430410005,15.687794135908742,442915.65644316835,1.2,7865.910000000039
6.539999999999905,2360.637697079015,414678.0282342029,414678.0282342029,11.817299573527755,0.43046454983234517,300.9490328995057,15.687794135908742,442915.84772649,1.2,7864.380000000039
6.549999999999905,2360.5119059718654,414616.90426034224,414616.90426034224,11.816707396499277,0.4304607641737612,300.94872195727027,15.687794135908742,442916.0395017952,1.2,7862.8500000000395
6.559999999999905,2360.386553103394,414555.781727517,414555.781727517,11.816115199757567,0.43045696875076167,300.9484102105934,15.687794135908742,442916.231771352,1.2,7861.32000000004
6.569999999999904,2360.2616364506393,414494.66062868066,414494.66062868066,11.81552298325957,0.43045316351812524,300.948097655742,15.687794135908742,442916.42453744815,1.2,7859.79000000004
6.579999999999904,2360.137154010992,414433.54095698905,414433.54095698905,11.814930746963803,0.43044934843087923,300.9477842890031,15.687794135908742,442916.6178023589,1.2,7858.26000000004
6.589999999999904,2360.01310380187,414372.4227058001,414372.4227058001,11.814338490830377,0.4304455234439039,300.9474701066515,15.687794135908742,442916.8115683664,1.2,7856.7300000000405
6.599999999999904,2359.8894838604006,414311.3058686711,414311.3058686711,11.813746214820945,0.43044168851188586,300.94715510494603,15.687794135908742,442917.00583776337,1.2,7855.200000000041
6.6099999999999035,2359.766292243111,414250.1904393581,414250.1904393581,11.81315391889873,0.4304378435897584,300.94683928016553,15.687794135908742,442917.20061282953,1.2,7853.670000000041
6.619999999999903,2359.643527025621,414189.07641181425,414189.07641181425,11.812561603028485,0.430433988631965,300.94652262854845,15.687794135908742,442917.39589586935,1.2,7852.140000000041
6.629999999999903,2359.521186302348,414127.96378018847,414127.96378018847,11.811969267176504,0.4304301235931973,300.94620514635346,15.687794135908742,442917.59168917505,1.2,7850.6100000000415
6.639999999999903,2359.3992681862096,414066.85253882397,414066.85253882397,11.811376911310587,0.4304262484279506,300.945886829823,15.687794135908742,442917.78799504833,1.2,7849.080000000042
6.649999999999903,2359.277770808344,414005.7426822576,414005.7426822576,11.810784535400058,0.4304223630906741,300.9455676751955,15.687794135908742,442917.9848157934,1.2,7847.550000000042
6.659999999999902,2359.156692317823,413944.63420521776,413944.63420521776,11.810192139415733,0.43041846753572044,300.9452476787011,15.687794135908742,442918.18215371954,1.2,7846.020000000042
6.669999999999902,2359.0360308813792,413883.52710262436,413883.52710262436,11.809599723329924,0.4304145617173941,300.94492683656614,15.687794135908742,442918.38001113804,1.2,7844.4900000000425
6.679999999999902,2358.9157846831376,413822.42136958626,413822.42136958626,11.809007287116415,0.4304106455895587,300.9446051449804,15.687794135908742,442918.57839038287,1.2,7842.960000000043
6.689999999999902,2358.79595192435,413761.31700140185,413761.31700140185,11.808414830750477,0.43040671910667055,300.94428260018225,15.687794135908742,442918.77729375765,1.2,7841.430000000043
6.699999999999902,2358.676530823135,413700.2139935566,413700.2139935566,11.807822354208833,0.4304027822225976,300.9439591983613,15.687794135908742,442918.976723596,1.2,7839.900000000043
6.709999999999901,2358.557519614227,413639.1123417229,413639.1123417229,11.807229857469675,0.430398834891405,300.94363493572354,15.687794135908742,442919.17668222135,1.2,7838.370000000044
6.719999999999901,2358.438916548725,413578.01204175863,413578.01204175863,11.806637340512633,0.43039487706686685,300.94330980845064,15.687794135908742,442919.3771719719,1.2,7836.840000000044
6.729999999999901,2358.320719893847,413516.91308970616,413516.91308970616,11.806044803318779,0.43039090870300295,300.9429838127444,15.687794135908742,442919.5781951735,1.2,7835.310000000044
6.739999999999901,2358.202927932694,413455.81548179255,413455.81548179255,11.805452245870626,0.43038692975359033,300.9426569447864,15.687794135908742,442919.7797541641,1.2,7833.780000000044
6.7499999999999005,2358.0855389640137,413394.71921442694,413394.71921442694,11.804859668152117,0.4303829401721617,300.94232920073796,15.687794135908742,442919.981851294,1.2,7832.250000000045
6.7599999999999,2357.9685513019695,413333.6242842013,413333.6242842013,11.804267070148597,0.43037893991254667,300.9420005767847,15.687794135908742,442920.18448889855,1.2,7830.720000000045
6.7699999999999,2357.8519632759144,413272.5306878886,413272.5306878886,11.803674451846843,0.4303749289280849,300.94167106907173,15.687794135908742,442920.38766933774,1.2,7829.190000000045
6.7799999999999,2357.735773230171,413211.4384224427,413211.4384224427,11.803081813235037,0.43037090717231435,300.94134067376046,15.687794135908742,442920.59139496187,1.2,7827.660000000045
6.7899999999999,2357.6199795238135,413150.3474849976,413150.3474849976,11.802489154302762,0.43036687459848083,300.9410093869877,15.687794135908742,442920.7956681352,1.2,7826.130000000046
6.7999999999998995,2357.504580530453,413089.25787286577,413089.25787286577,11.80189647504099,0.4303628311599293,300.94067720489863,15.687794135908742,442921.00049121794,1.2,7824.600000000046
6.809999999999899,2357.3895746380294,413028.1695835393,413028.1695835393,11.801303775442099,0.43035877680985973,300.9403441236261,15.687794135908742,442921.2058665769,1.2,7823.070000000046
6.819999999999899,2357.274960248606,412967.0826146875,412967.0826146875,11.800711055499841,0.43035471150132654,300.94001013929096,15.687794135908742,442921.4117965864,1.2,7821.540000000046
6.829999999999899,2357.1607357781672,412905.99696415785,412905.99696415785,11.800118315209362,0.4303506351874846,300.9396752480219,15.687794135908742,442921.6182836158,1.2,7820.010000000047
6.839999999999899,2357.0468996564214,412844.91262997413,412844.91262997413,11.799525554567174,0.43034654782139176,300.93933944593977,15.687794135908742,442921.82533003914,1.2,7818.480000000047
6.849999999999898,2356.9334503266055,412783.82961033663,412783.82961033663,11.798932773571165,0.4303424493559606,300.93900272915306,15.687794135908742,442922.032938238,1.2,7816.950000000047
6.859999999999898,2356.8203862452956,412722.7479036219,412722.7479036219,11.7983399722206,0.43033833974415536,300.9386650937743,15.687794135908742,442922.2411105911,1.2,7815.420000000047
6.869999999999898,2356.7077058822197,412661.6675083814,412661.6675083814,11.797747150516107,0.4303342189386469,300.9383265358919,15.687794135908742,442922.449849492,1.2,7813.890000000048
6.879999999999898,2356.5954077200718,412600.5884233423,412600.5884233423,11.797154308459671,0.4303300868922064,300.93798705160214,15.687794135908742,442922.6591573296,1.2,7812.360000000048
6.8899999999998975,2356.483490254334,412539.5106474059,412539.5106474059,11.796561446054634,0.43032594355731196,300.9376466369771,15.687794135908742,442922.8690365068,1.2,7810.830000000048
6.899999999999897,2356.3719519930983,412478.4341796479,412478.4341796479,11.795968563305708,0.4303217888864439,300.93730528808885,15.687794135908742,442923.0794894272,1.2,7809.300000000048
6.909999999999897,2356.2607914568916,412417.35901931825,412417.35901931825,11.79537566021895,0.43031762283203473,300.9369630010053,15.687794135908742,442923.29051849595,1.2,7807.770000000049
6.919999999999897,2356.1500071785063,412356.28516584024,412356.28516584024,11.79478273680176,0.4303134453465208,300.9366197717946,15.687794135908742,442923.5021261188,1.2,7806.240000000049
6.929999999999897,2356.039597702831,412295.2126188108,412295.2126188108,11.794189793062905,0.430309256382043,300.9362755965002,15.687794135908742,442923.71431471594,1.2,7804.710000000049
6.9399999999998965,2355.9295615866854,412234.14137800015,412234.14137800015,11.793596829012484,0.43030505589099277,300.9359304711861,15.687794135908742,442923.92708669475,1.2,7803.180000000049
6.949999999999896,2355.8198973986605,412173.07144335116,412173.07144335116,11.793003844661953,0.43030084382546696,300.93558439189184,15.687794135908742,442924.14044447785,1.2,7801.65000000005
6.959999999999896,2355.710603718956,412112.0028149798,412112.0028149798,11.792410840024097,0.4302966201376632,300.93523735466505,15.687794135908742,442924.3543904826,1.2,7800.12000000005
6.969999999999896,2355.6016791392267,412050.9354931749,412050.9354931749,11.791817815113058,0.4302923847794862,300.9348893555291,15.687794135908742,442924.56892714114,1.2,7798.59000000005
6.979999999999896,2355.493122262427,411989.8694783972,411989.8694783972,11.79122476994431,0.43028813770299074,300.9345403905194,15.687794135908742,442924.78405687783,1.2,7797.06000000005
6.989999999999895,2355.3849317026593,411928.80477128073,411928.80477128073,11.790631704534675,0.4302838788598891,300.93419045564315,15.687794135908742,442924.9997821345,1.2,7795.530000000051
6.999999999999895,2355.2771060850287,411867.7413726313,411867.7413726313,11.790038618902306,0.430279608201847,300.9338395469034,15.687794135908742,442925.21610535536,1.2,7794.000000000051
7.009999999999895,2355.169644045493,411806.6792834272,411806.6792834272,11.789445513066704,0.43027532568053195,300.9334876603032,15.687794135908742,442925.4330289844,1.2,7792.470000000051
7.019999999999895,2355.062544230722,411745.61850481963,411745.61850481963,11.788852387048705,0.4302710312474165,300.93313479182933,15.687794135908742,442925.65055547544,1.2,7790.940000000051
7.0299999999998946,2354.955805297954,411684.5590381315,411684.5590381315,11.788259240870488,0.43026672485402595,300.93278093747267,15.687794135908742,442925.8686872795,1.2,7789.410000000052
7.039999999999894,2354.849425914861,411623.5008848588,411623.5008848588,11.78766607455557,0.4302624064517883,300.932426093216,15.687794135908742,442926.0874268527,1.2,7787.880000000052
7.049999999999894,2354.7434047594083,411562.4440466697,411562.4440466697,11.787072888128808,0.43025807599208515,300.93207025503796,15.687794135908742,442926.3067766536,1.2,7786.350000000052
7.059999999999894,2354.637740519722,411501.3885254054,411501.3885254054,11.786479681616399,0.43025373342615275,300.9317134189051,15.687794135908742,442926.5267391476,1.2,7784.8200000000525
7.069999999999894,2354.532431893957,411440.33432307956,411440.33432307956,11.785886455045892,0.4302493787052786,300.93135558078785,15.687794135908742,442926.7473167978,1.2,7783.290000000053
7.0799999999998935,2354.427477590169,411379.2814418788,411379.2814418788,11.785293208446163,0.43024501178065433,300.93099673664875,15.687794135908742,442926.9685120722,1.2,7781.760000000053
7.089999999999893,2354.3228763261845,411318.2298841637,411318.2298841637,11.784699941847446,0.43024063260322815,300.93063688242984,15.687794135908742,442927.19032745063,1.2,7780.230000000053
7.099999999999893,2354.2186268294763,411257.1796524674,411257.1796524674,11.78410665528132,0.4302362411240487,300.93027601408147,15.687794135908742,442927.4127654085,1.2,7778.7000000000535
7.109999999999893,2354.1147278370413,411196.13074949704,411196.13074949704,11.783513348780712,0.43023183729377323,300.9299141275215,15.687794135908742,442927.6358284404,1.2,7777.170000000054
7.119999999999893,2354.0111780952766,411135.0831781342,411135.0831781342,11.782920022379896,0.43022742106301237,300.9295512186636,15.687794135908742,442927.85951904365,1.2,7775.640000000054
7.129999999999892,2353.9079763598634,411074.03694143414,411074.03694143414,11.7823266761145,0.4302229923825766,300.92918728343784,15.687794135908742,442928.083839705,1.2,7774.110000000054
7.139999999999892,2353.8051213956455,411012.9920426263,411012.9920426263,11.781733310021515,0.43021855120288416,300.9288223177417,15.687794135908742,442928.30879293144,1.2,7772.5800000000545
7.149999999999892,2353.7026119765187,410951.9484851168,410951.9484851168,11.781139924139284,0.4302140974746511,300.928456317497,15.687794135908742,442928.53438121465,1.2,7771.050000000055
7.159999999999892,2353.6004468853116,410890.9062724858,410890.9062724858,11.780546518507506,0.4302096311482034,300.9280892785932,15.687794135908742,442928.76060706604,1.2,7769.520000000055
7.169999999999892,2353.498624913679,410829.86540848954,410829.86540848954,11.77995309316726,0.43020515217391686,300.9277211969235,15.687794135908742,442928.9874729944,1.2,7767.990000000055
7.179999999999891,2353.3971448619877,410768.82589706086,410768.82589706086,11.779359648160982,0.43020066050226974,300.9273520683897,15.687794135908742,442929.2149815034,1.2,7766.4600000000555
7.189999999999891,2353.296005539209,410707.78774230933,410707.78774230933,11.778766183532486,0.4301961560833975,300.92698188886476,15.687794135908742,442929.44313511404,1.2,7764.930000000056
7.199999999999891,2353.195205762814,410646.7509485219,410646.7509485219,11.778172699326955,0.43019163886748785,300.92661065422595,15.687794135908742,442929.6719363444,1.2,7763.400000000056
7.209999999999891,2353.094744358667,410585.715520163,410585.715520163,11.77757919559096,0.4301871088045338,300.92623836033414,15.687794135908742,442929.90138772276,1.2,7761.870000000056
7.2199999999998905,2352.994620160921,410524.6814618757,410524.6814618757,11.776985672372449,0.4301825658442359,300.92586500302605,15.687794135908742,442930.1314917919,1.2,7760.3400000000565
7.22999999999989,2352.8948320119175,410463.6487784824,410463.6487784824,11.77639212972077,0.43017800993649385,300.9254905781545,15.687794135908742,442930.36225108465,1.2,7758.810000000057
7.23999999999989,2352.7953787620863,410402.61747498513,410402.61747498513,11.775798567686651,0.4301734410309641,300.9251150815521,15.687794135908742,442930.59366814594,1.2,7757.280000000057
7.24999999999989,2352.6962592698465,410341.5875565659,410341.5875565659,11.775204986322233,0.43016885907715835,300.92473850903923,15.687794135908742,442930.82574552804,1.2,7755.750000000057
7.25999999999989,2352.5974724015086,410280.55902858777,410280.55902858777,11.774611385681052,0.43016426402483626,300.9243608564565,15.687794135908742,442931.0584857709,1.2,7754.220000000058
7.269999999999889,2352.4990170311794,410219.5318965964,410219.5318965964,11.77401776581806,0.43015965582351406,300.9239821196242,15.687794135908742,442931.29189142614,1.2,7752.690000000058
7.279999999999889,2352.4008920406677,410158.50616631925,410158.50616631925,11.77342412678962,0.43015503442261344,300.9236022943547,15.687794135908742,442931.5259650509,1.2,7751.160000000058
7.289999999999889,2352.3030963193924,410097.4818436671,410097.4818436671,11.772830468653522,0.43015039977155695,300.92322137646005,15.687794135908742,442931.7607092015,1.2,7749.630000000058
7.299999999999889,2352.205628764287,410036.4589347351,410036.4589347351,11.772236791468982,0.43014575181967274,300.9228393617445,15.687794135908742,442931.99612643966,1.2,7748.100000000059
7.309999999999889,2352.1084882797168,409975.4374458034,409975.4374458034,11.771643095296655,0.4301410905161432,300.9224562459998,15.687794135908742,442932.23221933394,1.2,7746.570000000059
7.319999999999888,2352.011673777383,409914.417383338,409914.417383338,11.771049380198626,0.4301364158099077,300.9220720249977,15.687794135908742,442932.46899046534,1.2,7745.040000000059
7.329999999999888,2351.9151841762377,409853.3987539922,409853.3987539922,11.77045564623844,0.4301317276499087,300.9216866945099,15.687794135908742,442932.70644241484,1.2,7743.510000000059
7.339999999999888,2351.8190184024,409792.3815646061,409792.3815646061,11.769861893481098,0.43012702598489455,300.92130025029184,15.687794135908742,442932.9445777728,1.2,7741.98000000006
7.349999999999888,2351.7231753890696,409731.3658222092,409731.3658222092,11.769268121993065,0.4301223107634678,300.9209126880867,15.687794135908742,442933.18339913734,1.2,7740.45000000006
7.3599999999998875,2351.6276540764393,409670.35153402097,409670.35153402097,11.768674331842268,0.4301175819345299,300.9205240036621,15.687794135908742,442933.4229090912,1.2,7738.92000000006
7.369999999999887,2351.5324534116203,409609.33870745107,409609.33870745107,11.768080523098122,0.430112839446591,300.9201341927531,15.687794135908742,442933.66311023704,1.2,7737.39000000006
7.379999999999887,2351.437572348553,409548.32735010126,409548.32735010126,11.767486695831527,0.4301080832482629,300.9197432511029,15.687794135908742,442933.9040051721,1.2,7735.860000000061
7.389999999999887,2351.3430098479334,409487.3174697669,409487.3174697669,11.766892850114893,0.4301033132879626,300.9193511744384,15.687794135908742,442934.1455965035,1.2,7734.330000000061
7.399999999999887,2351.2487648771294,409426.3090744369,409426.3090744369,11.76629898602211,0.43009852951411043,300.9189579584867,15.687794135908742,442934.3878868384,1.2,7732.800000000061
7.4099999999998865,2351.1548364101054,409365.3021722954,409365.3021722954,11.765705103628601,0.4300937318752281,300.9185635989827,15.687794135908742,442934.6308787784,1.2,7731.270000000061
7.419999999999886,2351.061223427345,409304.29677172407,409304.29677172407,11.76511120301131,0.4300889203193479,300.9181680916209,15.687794135908742,442934.87457495014,1.2,7729.740000000062
7.429999999999886,2350.9679249157753,409243.29288130143,409243.29288130143,11.764517284248722,0.43008409479455445,300.91777143209987,15.687794135908742,442935.11897797737,1.2,7728.210000000062
7.439999999999886,2350.8749398686914,409182.2905098059,409182.2905098059,11.763923347420846,0.43007925524854107,300.9173736160858,15.687794135908742,442935.36409050383,1.2,7726.680000000062
7.449999999999886,2350.7822672856855,409121.28966621595,409121.28966621595,11.763329392609265,0.43007440162925065,300.916974639265,15.687794135908742,442935.60991516034,1.2,7725.150000000062
7.459999999999885,2350.689906172571,409060.2903597121,409060.2903597121,11.762735419897117,0.4300695338843833,300.9165744973036,15.687794135908742,442935.8564545901,1.2,7723.620000000063
7.469999999999885,2350.597855541313,408999.2925996782,408999.2925996782,11.762141429369127,0.43006465196159144,300.91617318586356,15.687794135908742,442936.1037114387,1.2,7722.090000000063
7.479999999999885,2350.5061144099564,408938.29639570275,408938.29639570275,11.761547421111588,0.43005975580843303,300.9157707005988,15.687794135908742,442936.35168835643,1.2,7720.560000000063
7.489999999999885,2350.414681802559,408877.3017575806,408877.3017575806,11.76095339521241,0.4300548453725189,300.9153670371672,15.687794135908742,442936.6003879908,1.2,7719.030000000063
7.4999999999998845,2350.3235567491183,408816.3086953145,408816.3086953145,11.760359351761105,0.43004992060126407,300.9149621912104,15.687794135908742,442936.8498129995,1.2,7717.500000000064
7.509999999999884,2350.2327382855087,408755.3172191161,408755.3172191161,11.759765290848815,0.4300449814422361,300.9145561583823,15.687794135908742,442937.09996603173,1.2,7715.970000000064
7.519999999999884,2350.1422254534104,408694.3273394086,408694.3273394086,11.759171212568305,0.4300400278426105,300.91414893430425,15.687794135908742,442937.3508497575,1.2,7714.440000000064
7.529999999999884,2350.052017300247,408633.33906682744,408633.33906682744,11.758577117013997,0.43003505974971473,300.91374051460974,15.687794135908742,442937.6024668381,1.2,7712.910000000064
7.539999999999884,2349.962112879117,408572.3524122226,408572.3524122226,11.757983004281973,0.43003007711043584,300.9133308948958,15.687794135908742,442937.85481995775,1.2,7711.380000000065
7.5499999999998835,2349.872511248732,408511.36738665996,408511.36738665996,11.757388874469992,0.43002507987141786,300.91292007073935,15.687794135908742,442938.1079118127,1.2,7709.850000000065
7.559999999999883,2349.783211473353,408450.38400142355,408450.38400142355,11.756794727677494,0.43002006797965275,300.9125080377454,15.687794135908742,442938.3617450816,1.2,7708.320000000065
7.569999999999883,2349.6942126227264,408389.40226801694,408389.40226801694,11.756200564005631,0.4300150413816431,300.9120947914786,15.687794135908742,442938.6163224676,1.2,7706.790000000065
7.579999999999883,2349.6055137720246,408328.42219816515,408328.42219816515,11.755606383557266,0.43001000002394446,300.9116803275075,15.687794135908742,442938.87164667156,1.2,7705.260000000066
7.589999999999883,2349.5171140017824,408267.44380381703,408267.44380381703,11.755012186437,0.43000494385331195,300.91126464141695,15.687794135908742,442939.12772038335,1.2,7703.730000000066
7.599999999999882,2349.429012397838,408206.4670971469,408206.4670971469,11.754417972751172,0.4299998728160608,300.9108477287553,15.687794135908742,442939.38454631635,1.2,7702.200000000066
7.609999999999882,2349.3412080512753,408145.49209055665,408145.49209055665,11.753823742607901,0.4299947868588046,300.91042958509496,15.687794135908742,442939.6421271676,1.2,7700.6700000000665
7.619999999999882,2349.253700058361,408084.5187966776,408084.5187966776,11.753229496117063,0.42998968592786585,300.9100102059843,15.687794135908742,442939.90046564955,1.2,7699.140000000067
7.629999999999882,2349.1664875204915,408023.5472283728,408023.5472283728,11.752635233390354,0.4299845699693721,300.90958958695535,15.687794135908742,442940.1595644842,1.2,7697.610000000067
7.6399999999998816,2349.079569544131,407962.5773987397,407962.5773987397,11.752040954541261,0.4299794389296522,300.90916772355627,15.687794135908742,442940.4194263833,1.2,7696.080000000067
7.649999999999881,2348.9929452407596,407901.60932111146,407901.60932111146,11.751446659685115,0.42997429275434884,300.9087446112786,15.687794135908742,442940.6800540932,1.2,7694.5500000000675
7.659999999999881,2348.9066137268137,407840.64300905983,407840.64300905983,11.750852348939091,0.4299691313893049,300.90832024563,15.687794135908742,442940.94145035034,1.2,7693.020000000068
7.669999999999881,2348.820574123633,407779.6784763974,407779.6784763974,11.750258022422232,0.42996395478012117,300.9078946220979,15.687794135908742,442941.2036179033,1.2,7691.490000000068
7.679999999999881,2348.734825557404,407718.7157371802,407718.7157371802,11.749663680255459,0.4299587628723513,300.9074677361656,15.687794135908742,442941.4665595027,1.2,7689.960000000068
7.6899999999998805,2348.649367159109,407657.7548057095,407657.7548057095,11.7490693225616,0.42995355561150467,300.9070395833124,15.687794135908742,442941.7302779018,1.2,7688.4300000000685
7.69999999999988,2348.56419806447,407596.79569653526,407596.79569653526,11.74847494946541,0.4299483329430926,300.9066101590174,15.687794135908742,442941.99477585324,1.2,7686.900000000069
7.70999999999988,2348.479317413899,407535.83842445794,407535.83842445794,11.747880561093584,0.42994309481248305,300.90617945874783,15.687794135908742,442942.2600561175,1.2,7685.370000000069
7.71999999999988,2348.394724352443,407474.88300453115,407474.88300453115,11.747286157574775,0.4299378411648993,300.90574747795836,15.687794135908742,442942.5261214615,1.2,7683.840000000069
7.72999999999988,2348.310418029735,407413.9294520652,407413.9294520652,11.746691739039626,0.42993257194581425,300.9053142121241,15.687794135908742,442942.7929746402,1.2,7682.3100000000695
7.739999999999879,2348.2263975999417,407352.97778262926,407352.97778262926,11.746097305620788,0.42992728710021216,300.90487965667967,15.687794135908742,442943.0606184331,1.2,7680.78000000007
7.749999999999879,2348.1426622217145,407292.02801205375,407292.02801205375,11.745502857452937,0.4299219865733267,300.90444380707976,15.687794135908742,442943.3290556067,1.2,7679.25000000007
7.759999999999879,2348.0592110581383,407231.08015643415,407231.08015643415,11.74490839467279,0.42991667030965697,300.90400665871846,15.687794135908742,442943.5982889646,1.2,7677.72000000007
7.769999999999879,2347.9760432766857,407170.1342321336,407170.1342321336,11.744313917419154,0.4299113382537561,300.9035682069938,15.687794135908742,442943.86832130817,1.2,7676.1900000000705
7.779999999999879,2347.8931580491635,407109.19025578536,407109.19025578536,11.743719425832916,0.42990599035027743,300.9031284473118,15.687794135908742,442944.13915543334,1.2,7674.660000000071
7.789999999999878,2347.8105545516696,407048.24824429705,407048.24824429705,11.743124920057095,0.4299006265434358,300.9026873750423,15.687794135908742,442944.4107941581,1.2,7673.130000000071
7.799999999999878,2347.728231964542,406987.30821485294,406987.30821485294,11.74253040023685,0.42989524677784335,300.9022449855872,15.687794135908742,442944.6832402802,1.2,7671.600000000071
7.809999999999878,2347.6461894723134,406926.37018491776,406926.37018491776,11.741935866519507,0.42988985099767274,300.901801274312,15.687794135908742,442944.9564966199,1.2,7670.070000000072
7.819999999999878,2347.5644262636656,406865.4341722397,406865.4341722397,11.741341319054598,0.42988443914705105,300.9013562365782,15.687794135908742,442945.2305659998,1.2,7668.540000000072
7.8299999999998775,2347.4829415313816,406804.500194854,406804.500194854,11.740746757993872,0.4298790111703058,300.9009098677634,15.687794135908742,442945.50545123155,1.2,7667.010000000072
7.839999999999877,2347.4017344723006,406743.5682710863,406743.5682710863,11.740152183491324,0.42987356701142343,300.90046216321673,15.687794135908742,442945.78115514474,1.2,7665.480000000072
7.849999999999877,2347.320804287275,406682.6384195564,406682.6384195564,11.739557595703229,0.4298681066145428,300.9000131182996,15.687794135908742,442946.0576805611,1.2,7663.950000000073
7.859999999999877,2347.2401501811228,406621.7106591819,406621.7106591819,11.738962994788169,0.4298626299236073,300.8995627283572,15.687794135908742,442946.3350303118,1.2,7662.420000000073
7.869999999999877,2347.1597713625847,406560.78500918194,406560.78500918194,11.738368380907069,0.42985713688187877,300.89911098867776,15.687794135908742,442946.6132072629,1.2,7660.890000000073
7.879999999999876,2347.0796670442824,406499.8614890813,406499.8614890813,11.737773754223198,0.4298516274328169,300.8986578945661,15.687794135908742,442946.8922142703,1.2,7659.360000000073
7.889999999999876,2346.999836442672,406438.9401187136,406438.9401187136,11.737179114902238,0.4298461015197877,300.8982034413185,15.687794135908742,442947.1720541942,1.2,7657.830000000074
7.899999999999876,2346.9202787780036,406378.02091822587,406378.02091822587,11.73658446311229,0.42984055908596414,300.89774762421536,15.687794135908742,442947.4527299053,1.2,7656.300000000074
7.909999999999876,2346.8409932742784,406317.10390808334,406317.10390808334,11.735989799023919,0.4298350000744248,300.89729043852867,15.687794135908742,442947.73424427805,1.2,7654.770000000074
7.919999999999876,2346.7619791592056,406256.18910907273,406256.18910907273,11.735395122810168,0.4298294244282521,300.8968318795305,15.687794135908742,442948.0166001874,1.2,7653.240000000074
7.929999999999875,2346.683235664162,406195.2765423063,406195.2765423063,11.734800434646615,0.4298238320905314,300.89637194249286,15.687794135908742,442948.29980050784,1.2,7651.710000000075
7.939999999999875,2346.6047620241507,406134.3662292272,406134.3662292272,11.734205734711399,0.42981822300425454,300.89591062267965,15.687794135908742,442948.5838481185,1.2,7650.180000000075
7.949999999999875,2346.5265574777595,406073.4581916143,406073.4581916143,11.733611023185247,0.42981259711226955,300.89544791534263,15.687794135908742,442948.8687459056,1.2,7648.650000000075
7.959999999999875,2346.448621267122,406012.5524515855,406012.5524515855,11.733016300251514,0.4298069543573777,300.89498381572935,15.687794135908742,442949.1544967581,1.2,7647.120000000075
7.9699999999998745,2346.3709526378734,405951.6490316036,405951.6490316036,11.732421566096226,0.42980129468223915,300.8945183190752,15.687794135908742,442949.44110357156,1.2,7645.590000000076
7.979999999999874,2346.2935508391174,405890.7479544808,405890.7479544808,11.731826820908116,0.42979561802907307,300.8940514205793,15.687794135908742,442949.7285692643,1.2,7644.060000000076
7.989999999999874,2346.21641512338,405829.8492433842,405829.8492433842,11.731232064878656,0.4297899243401531,300.89358311544447,15.687794135908742,442950.0168967513,1.2,7642.530000000076
7.999999999999874,2346.139544746575,405768.95292184,405768.95292184,11.7306372982021,0.4297842135572657,300.8931133988334,15.687794135908742,442950.3060889725,1.2,7641.000000000076
8.009999999999874,2346.0629389679634,405708.0590137396,405708.0590137396,11.730042521075529,0.42977848562244514,300.89264226592877,15.687794135908742,442950.5961488553,1.2,7639.470000000077
8.019999999999873,2345.986597050114,405647.16754334484,405647.16754334484,11.729447733698892,0.42977274047768266,300.892169711909,15.687794135908742,442950.8870793287,1.2,7637.940000000077
8.029999999999873,2345.910518258867,405586.2785352934,405586.2785352934,11.728852936275045,0.4297669780646281,300.89169573192453,15.687794135908742,442951.1788833396,1.2,7636.410000000077
8.039999999999873,2345.8347018632944,405525.3920146047,405525.3920146047,11.72825812900979,0.42976119832503357,300.8912203211335,15.687794135908742,442951.47156382917,1.2,7634.880000000077
8.049999999999873,2345.7591471356645,405464.5080066855,405464.5080066855,11.727663312111932,0.4297554012006559,300.89074347469426,15.687794135908742,442951.76512373844,1.2,7633.350000000078
8.059999999999873,2345.6838533514033,405403.6265373357,405403.6265373357,11.727068485793323,0.4297495866330592,300.89026518774864,15.687794135908742,442952.05956601823,1.2,7631.820000000078
8.069999999999872,2345.608819789056,405342.7476327556,405342.7476327556,11.726473650268899,0.42974375456381153,300.88978545543875,15.687794135908742,442952.35489361896,1.2,7630.290000000078
8.079999999999872,2345.5340457302527,405281.8713195506,405281.8713195506,11.725878805756736,0.4297379049342884,300.8893042728903,15.687794135908742,442952.65110950073,1.2,7628.760000000078
8.089999999999872,2345.4595304596696,405220.99762473855,405220.99762473855,11.725283952478106,0.4297320376854758,300.8888216351965,15.687794135908742,442952.9482166436,1.2,7627.230000000079
8.099999999999872,2345.3852732649957,405160.1265757565,405160.1265757565,11.72468909065751,0.4297261527582175,300.8883375374387,15.687794135908742,442953.24621803424,1.2,7625.700000000079
8.109999999999872,2345.311273436892,405099.2582004671,405099.2582004671,11.724094220522751,0.42972025009296755,300.88785197466547,15.687794135908742,442953.5451166794,1.2,7624.170000000079
8.119999999999871,2345.23753026896,405038.39252716594,405038.39252716594,11.723499342304974,0.4297143296304794,300.88736494194995,15.687794135908742,442953.8449155705,1.2,7622.640000000079
8.129999999999871,2345.164043057704,404977.5295845884,404977.5295845884,11.722904456238728,0.42970839131126437,300.8868764343447,15.687794135908742,442954.14561771107,1.2,7621.11000000008
8.139999999999871,2345.0908111024946,404916.66940191714,404916.66940191714,11.722309562562016,0.4297024350758388,300.8863864469024,15.687794135908742,442954.4472261044,1.2,7619.58000000008
8.14999999999987,2345.017833705536,404855.8120087896,404855.8120087896,11.721714661516367,0.4296964608643794,300.8858949746474,15.687794135908742,442954.7497437709,1.2,7618.05000000008
8.15999999999987,2344.945110171828,404794.9574353061,404794.9574353061,11.721119753346873,0.42969046861750837,300.8854020126402,15.687794135908742,442955.05317370844,1.2,7616.5200000000805
8.16999999999987,2344.8726398091344,404734.10571203707,404734.10571203707,11.720524838302271,0.4296844582753125,300.88490755589703,15.687794135908742,442955.3575189417,1.2,7614.990000000081
8.17999999999987,2344.8004219279437,404673.25687003206,404673.25687003206,11.719929916635001,0.4296784297780301,300.884411599446,15.687794135908742,442955.66278248804,1.2,7613.460000000081
8.18999999999987,2344.728455841438,404612.4109408276,404612.4109408276,11.719334988601263,0.4296723830657571,300.8839141383031,15.687794135908742,442955.9689673712,1.2,7611.930000000081
8.19999999999987,2344.6567408654582,404551.5679564563,404551.5679564563,11.718740054461092,0.42966631807819966,300.8834151674519,15.687794135908742,442956.27607663564,1.2,7610.4000000000815
8.20999999999987,2344.585276318467,404490.727949455,404490.727949455,11.718145114478421,0.42966023475447884,300.8829146818275,15.687794135908742,442956.5841133544,1.2,7608.870000000082
8.21999999999987,2344.514061521518,404429.8909528749,404429.8909528749,11.71755016892116,0.4296541330341136,300.8824126763971,15.687794135908742,442956.893080581,1.2,7607.340000000082
8.229999999999869,2344.443095798219,404369.0570002902,404369.0570002902,11.716955218061255,0.4296480128560378,300.88190914607947,15.687794135908742,442957.202981398,1.2,7605.810000000082
8.239999999999869,2344.3723784746985,404308.2261258081,404308.2261258081,11.71636026217477,0.42964187415953387,300.88140408582166,15.687794135908742,442957.5138188705,1.2,7604.2800000000825
8.249999999999869,2344.3019088795727,404247.3983640783,404247.3983640783,11.715765301541968,0.4296357168834949,300.88089749053813,15.687794135908742,442957.8255960836,1.2,7602.750000000083
8.259999999999868,2344.2316863439105,404186.5737503038,404186.5737503038,11.715170336447375,0.4296295409670652,300.8803893551637,15.687794135908742,442958.1383161087,1.2,7601.220000000083
8.269999999999868,2344.161710201199,404125.7523202513,404125.7523202513,11.714575367179885,0.42962334634914695,300.87987967461277,15.687794135908742,442958.4519820303,1.2,7599.690000000083
8.279999999999868,2344.091979787313,404064.93411026156,404064.93411026156,11.713980394032813,0.42961713296850024,300.8793684437877,15.687794135908742,442958.76659693936,1.2,7598.1600000000835
8.289999999999868,2344.0224944404767,404004.1191572611,404004.1191572611,11.713385417304004,0.42961090076388997,300.87885565759063,15.687794135908742,442959.08216392697,1.2,7596.630000000084
8.299999999999867,2343.9532535012336,403943.30749877327,403943.30749877327,11.712790437295915,0.4296046496739863,300.8783413109157,15.687794135908742,442959.3986860889,1.2,7595.100000000084
8.309999999999867,2343.8842563124094,403882.4991729305,403882.4991729305,11.712195454315705,0.42959837963712155,300.8778253986286,15.687794135908742,442959.7161665377,1.2,7593.570000000084
8.319999999999867,2343.815502219082,403821.69421848597,403821.69421848597,11.711600468675314,0.429592090591091,300.8773079155505,15.687794135908742,442960.0346084132,1.2,7592.040000000085
8.329999999999867,2343.7469905685457,403760.89267482626,403760.89267482626,11.711005480691595,0.4295857824736463,300.8767888564984,15.687794135908742,442960.3540148572,1.2,7590.510000000085
8.339999999999867,2343.6787207102766,403700.0945819847,403700.0945819847,11.710410490686375,0.4295794552225437,300.87626821628953,15.687794135908742,442960.6743890116,1.2,7588.980000000085
8.349999999999866,2343.6106919959007,403639.29998065403,403639.29998065403,11.709815498986584,0.42957310877524985,300.87574598971645,15.687794135908742,442960.9957340325,1.2,7587.450000000085
8.359999999999866,2343.542903779159,403578.50891220075,403578.50891220075,11.70922050592434,0.42956674306943166,300.87522217158795,15.687794135908742,442961.31805306586,1.2,7585.920000000086
8.369999999999866,2343.4753554158733,403517.7214186789,403517.7214186789,11.70862551183708,0.4295603580425164,300.87469675669263,15.687794135908742,442961.64134926983,1.2,7584.390000000086
8.379999999999866,2343.408046263913,403456.9375428444,403456.9375428444,11.708030517067654,0.42955395363198484,300.874169739823,15.687794135908742,442961.96562579967,1.2,7582.860000000086
8.389999999999866,2343.34097568316,403396.1573281711,403396.1573281711,11.707435521964449,0.42954752977497823,300.8736411157432,15.687794135908742,442962.29088582785,1.2,7581.330000000086
8.399999999999865,2343.274143035476,403335.3808188648,403335.3808188648,11.7068405268815,0.42954108640903654,300.8731108792497,15.687794135908742,442962.61713250633,1.2,7579.800000000087
8.409999999999865,2343.207547684666,403274.60805988114,403274.60805988114,11.706245532178631,0.4295346234711155,300.8725790250903,15.687794135908742,442962.9443690169,1.2,7578.270000000087
8.419999999999865,2343.1411889964456,403213.8390969404,403213.8390969404,11.705650538221569,0.42952814089807595,300.8720455480048,15.687794135908742,442963.2725985459,1.2,7576.740000000087
8.429999999999865,2343.075066338405,403153.0739765462,403153.0739765462,11.705055545382072,0.4295216386262944,300.87151044269234,15.687794135908742,442963.6018243042,1.2,7575.210000000087
8.439999999999864,2343.0091790799756,403092.3127460013,403092.3127460013,11.704460554038073,0.4295151165917082,300.8709737038157,15.687794135908742,442963.9320495247,1.2,7573.680000000088
8.449999999999864,2342.943526592392,403031.55545342783,403031.55545342783,11.70386556457382,0.4295085747306553,300.87043532607,15.687794135908742,442964.26327741996,1.2,7572.150000000088
8.459999999999864,2342.8781082486603,402970.8021477854,402970.8021477854,11.703270577380017,0.4295020129791819,300.8698953041258,15.687794135908742,442964.5955112174,1.2,7570.620000000088
8.469999999999864,2342.8129234235203,402910.05287888984,402910.05287888984,11.702675592853986,0.4294954312730947,300.8693536326337,15.687794135908742,442964.92875415634,1.2,7569.090000000088
8.479999999999864,2342.7479714934084,402849.3076974348,402849.3076974348,11.70208061139979,0.42948882954835266,300.8688103062562,15.687794135908742,442965.2630094683,1.2,7567.560000000089
8.489999999999863,2342.683251836426,402788.5666550111,402788.5666550111,11.701485633428437,0.42948220774077234,300.86826531964357,15.687794135908742,442965.598280392,1.2,7566.030000000089
8.499999999999863,2342.6187638322963,402727.82980412996,402727.82980412996,11.700890659358015,0.42947556578602875,300.8677186674339,15.687794135908742,442965.9345701732,1.2,7564.500000000089
8.509999999999863,2342.5545068623337,402667.09719824407,402667.09719824407,11.70029568961388,0.42946890361990014,300.8671703442734,15.687794135908742,442966.2718820523,1.2,7562.970000000089
8.519999999999863,2342.4904803094023,402606.3688917721,402606.3688917721,11.699700724628816,0.4294622211778751,300.8666203447838,15.687794135908742,442966.61021928454,1.2,7561.44000000009
8.529999999999863,2342.42668355788,402545.64494012116,402545.64494012116,11.699105764843244,0.429455518395153,300.8660686635627,15.687794135908742,442966.9495851394,1.2,7559.91000000009
8.539999999999862,2342.3631159936203,402484.9253997129,402484.9253997129,11.698510810705393,0.4294487952065942,300.86551529517914,15.687794135908742,442967.28998290346,1.2,7558.38000000009
8.549999999999862,2342.299777003913,402424.2103280088,402424.2103280088,11.697915862671513,0.42944205154652526,300.8649602341577,15.687794135908742,442967.63141589076,1.2,7556.85000000009
8.559999999999862,2342.236665977444,402363.49978353723,402363.49978353723,11.69732092120606,0.4294352873495227,300.8644034750431,15.687794135908742,442967.97388740175,1.2,7555.320000000091
8.569999999999862,2342.173782304258,402302.79382592073,402302.79382592073,11.696725986781937,0.429428502549874,300.8638450123558,15.687794135908742,442968.31740075204,1.2,7553.790000000091
8.579999999999862,2342.1111253757176,402242.09251590545,402242.09251590545,11.696131059880686,0.4294216970818721,300.863284840616,15.687794135908742,442968.6619592568,1.2,7552.260000000091
8.589999999999861,2342.04869458446,402181.39591539075,402181.39591539075,11.695536140992749,0.4294148708796692,300.862722954332,15.687794135908742,442969.0075662381,1.2,7550.730000000091
8.599999999999861,2341.986489324357,402120.7040874603,402120.7040874603,11.694941230617673,0.42940802387742144,300.86215934801174,15.687794135908742,442969.35422501777,1.2,7549.200000000092
8.60999999999986,2341.924508990474,402060.0170964144,402060.0170964144,11.694346329264384,0.429401156009193,300.86159401615515,15.687794135908742,442969.7019389222,1.2,7547.670000000092
8.61999999999986,2341.8627529790233,401999.33500780375,401999.33500780375,11.693751437451432,0.42939426720890606,300.86102695324996,15.687794135908742,442970.050711285,1.2,7546.140000000092
8.62999999999986,2341.8012206873236,401938.6578884636,401938.6578884636,11.693156555707269,0.42938735741043976,300.86045815377975,15.687794135908742,442970.4005454417,1.2,7544.610000000092
8.63999999999986,2341.7399115137523,401877.9858065516,401877.9858065516,11.692561684570506,0.4293804265474331,300.8598876122078,15.687794135908742,442970.75144474,1.2,7543.080000000093
8.64999999999986,2341.6788248577004,401817.3188315837,401817.3188315837,11.691966824590232,0.4293734745529902,300.8593153229528,15.687794135908742,442971.10341255454,1.2,7541.550000000093
8.65999999999986,2341.6179601195277,401756.6570344754,401756.6570344754,11.691371976326295,0.42936650135992716,300.85874128040933,15.687794135908742,442971.45645227435,1.2,7540.020000000093
8.66999999999986,2341.557316700511,401696.00048758136,401696.00048758136,11.690777140349626,0.429359506900917,300.8581654789595,15.687794135908742,442971.81056729605,1.2,7538.4900000000935
8.67999999999986,2341.496894002797,401635.3492647386,401635.3492647386,11.690182317242561,0.4293524911086403,300.8575879129855,15.687794135908742,442972.1657610154,1.2,7536.960000000094
8.68999999999986,2341.436691429353,401574.70344131184,401574.70344131184,11.68958750759919,0.42934545391573287,300.85700857686527,15.687794135908742,442972.52203683025,1.2,7535.430000000094
8.699999999999859,2341.3767083839116,401514.0630942387,401514.0630942387,11.68899271202571,0.42933839525449397,300.85642746494864,15.687794135908742,442972.8793981557,1.2,7533.900000000094
8.709999999999859,2341.316944270922,401453.42830207926,401453.42830207926,11.688397931140797,0.4293313150574732,300.85584457160525,15.687794135908742,442973.2378483938,1.2,7532.3700000000945
8.719999999999859,2341.2573984954897,401392.7991450665,401392.7991450665,11.687803165575994,0.42932421325688247,300.8552598911766,15.687794135908742,442973.597390964,1.2,7530.840000000095
8.729999999999858,2341.1980704633256,401332.1757051594,401332.1757051594,11.687208415976121,0.4293170897850874,300.8546734180161,15.687794135908742,442973.9580292774,1.2,7529.310000000095
8.739999999999858,2341.1389595806854,401271.55806609755,401271.55806609755,11.686613682999695,0.429309944574116,300.85408514644894,15.687794135908742,442974.31976676255,1.2,7527.780000000095
8.749999999999858,2341.0800652543076,401210.9463134607,401210.9463134607,11.686018967319384,0.429302777556002,300.8534950708,15.687794135908742,442974.68260684726,1.2,7526.2500000000955
8.759999999999858,2341.0213868913543,401150.3405347281,401150.3405347281,11.685424269622452,0.42929558866234263,300.85290318535795,15.687794135908742,442975.0465529815,1.2,7524.720000000096
8.769999999999857,2340.9629238993457,401089.7408193428,401089.7408193428,11.684829590611272,0.4292883778242025,300.8523094843667,15.687794135908742,442975.4116086421,1.2,7523.190000000096
8.779999999999857,2340.9046756860935,401029.14725877775,401029.14725877775,11.684234931003825,0.4292811449727492,300.85171396207835,15.687794135908742,442975.7777773005,1.2,7521.660000000096
8.789999999999857,2340.8466416596325,400968.55994660605,400968.55994660605,11.683640291534225,0.42927389003896055,300.85111661272856,15.687794135908742,442976.14506243786,1.2,7520.1300000000965
8.799999999999857,2340.7888212281473,400907.97897857433,400907.97897857433,11.683045672953297,0.4292666129537233,300.85051743054504,15.687794135908742,442976.5134675397,1.2,7518.600000000097
8.809999999999857,2340.731213799898,400847.40445267933,400847.40445267933,11.682451076029153,0.4292593136479284,300.84991640975517,15.687794135908742,442976.8829960912,1.2,7517.070000000097
8.819999999999856,2340.6738187831434,400786.8364692491,400786.8364692491,11.681856501547832,0.42925199205227915,300.8493135445703,15.687794135908742,442977.2536515869,1.2,7515.540000000097
8.829999999999856,2340.616635586058,400726.2751310278,400726.2751310278,11.68126195031393,0.4292446480974339,300.8487088291975,15.687794135908742,442977.6254375238,1.2,7514.0100000000975
8.839999999999856,2340.5596636166474,400665.72054326587,400665.72054326587,11.68066742315129,0.4292372817140585,300.8481022578439,15.687794135908742,442977.9983573981,1.2,7512.480000000098
8.849999999999856,2340.50290228266,400605.17281381314,400605.17281381314,11.680072920903738,0.42922989283262897,300.8474938247002,15.687794135908742,442978.3724147158,1.2,7510.950000000098
8.859999999999856,2340.4463509914926,400544.6320532196,400544.6320532196,11.679478444435833,0.42922248138357755,300.8468835239532,15.687794135908742,442978.7476129847,1.2,7509.420000000098
8.869999999999855,2340.390009150092,400484.09837483853,400484.09837483853,11.678883994633667,0.4292150472968531,300.846271349749,15.687794135908742,442979.12395573716,1.2,7507.890000000099
8.879999999999855,2340.333876164852,400423.5718949388,400423.5718949388,11.678289572405717,0.4292075905020176,300.8456572962013,15.687794135908742,442979.50144652504,1.2,7506.360000000099
8.889999999999855,2340.277951441506,400363.05273282045,400363.05273282045,11.67769517868374,0.4292001109286887,300.8450413574278,15.687794135908742,442979.8800888971,1.2,7504.830000000099
8.899999999999855,2340.2222343850085,400302.5410109387,400302.5410109387,11.677100814423717,0.4291926085062942,300.84442352753,15.687794135908742,442980.259886412,1.2,7503.300000000099
8.909999999999854,2340.1667243994157,400242.03685503494,400242.03685503494,11.676506480606859,0.42918508316412146,300.8438038005971,15.687794135908742,442980.64084263507,1.2,7501.7700000001
8.919999999999854,2340.1114208877552,400181.54039427446,400181.54039427446,11.67591217824066,0.4291775348314157,300.84318217071416,15.687794135908742,442981.02296113357,1.2,7500.2400000001
8.929999999999854,2340.0563232518884,400121.0517613943,400121.0517613943,11.675317908360027,0.42916996343737845,300.84255863196216,15.687794135908742,442981.4062454771,1.2,7498.7100000001
8.939999999999854,2340.001430892365,400060.57109285827,400060.57109285827,11.674723672028472,0.42916236891112125,300.8419331784139,15.687794135908742,442981.79069923994,1.2,7497.1800000001
8.949999999999854,2339.946743208266,400000.0985290238,400000.0985290238,11.674129470339388,0.42915475118151597,300.84130580412193,15.687794135908742,442982.1763260078,1.2,7495.650000000101
8.959999999999853,2339.892259597035,399939.6342143162,399939.6342143162,11.673535304417376,0.4291471101775403,300.84067650314665,15.687794135908742,442982.56312936137,1.2,7494.120000000101
8.969999999999853,2339.8379794543002,399879.1782974178,399879.1782974178,11.672941175419702,0.42913944582812874,300.8400452695445,15.687794135908742,442982.95111288334,1.2,7492.590000000101
8.979999999999853,2339.7839021736795,399818.73093146743,399818.73093146743,11.67234708453783,0.4291317580617319,300.83941209733126,15.687794135908742,442983.3402801807,1.2,7491.060000000101
8.989999999999853,2339.730027146573,399758.2922742738,399758.2922742738,11.671753032999034,0.4291240468064149,300.83877698049037,15.687794135908742,442983.73063488,1.2,7489.530000000102
8.999999999999853,2339.6763537619363,399697.86248854315,399697.86248854315,11.671159022068156,0.42911631199025047,300.83813991300514,15.687794135908742,442984.1221806069,1.2,7488.000000000102
9.009999999999852,2339.622881406034,399637.44174212386,399637.44174212386,11.67056505304949,0.4291085535413169,300.8375008888588,15.687794135908742,442984.51492098736,1.2,7486.470000000102
9.019999999999852,2339.569609462174,399577.0302082671,399577.0302082671,11.669971127288749,0.4291007713871601,300.83685990199,15.687794135908742,442984.90885967354,1.2,7484.940000000102
9.029999999999852,2339.516537310413,399516.6280659086,399516.6280659086,11.669377246175241,0.429092965455677,300.83621694636565,15.687794135908742,442985.3040002999,1.2,7483.410000000103
9.039999999999852,2339.463664327235,399456.2354999674,399456.2354999674,11.668783411144156,0.4290851356744768,300.83557201592834,15.687794135908742,442985.70034651563,1.2,7481.880000000103
9.049999999999851,2339.4109898852016,399395.8527016729,399395.8527016729,11.668189623679064,0.42907728197122524,300.8349251046244,15.687794135908742,442986.09790196666,1.2,7480.350000000103
9.059999999999851,2339.358513352552,399335.47986891214,399335.47986891214,11.667595885314572,0.42906940427325096,300.834276206372,15.687794135908742,442986.49667031586,1.2,7478.820000000103
9.069999999999851,2339.3062340927722,399275.1172066076,399275.1172066076,11.667002197639231,0.4290615025079888,300.8336253150972,15.687794135908742,442986.8966552208,1.2,7477.290000000104
9.07999999999985,2339.254151464105,399214.7649271245,399214.7649271245,11.66640856229863,0.42905357660278215,300.83297242471804,15.687794135908742,442987.29786034353,1.2,7475.760000000104
9.08999999999985,2339.202264818998,399154.42325071304,399154.42325071304,11.665814980998801,0.42904562648468725,300.8323175291278,15.687794135908742,442987.7002893603,1.2,7474.230000000104
9.09999999999985,2339.1505735034857,399094.09240598604,399094.09240598604,11.665221455509883,0.42903765208057176,300.831660622204,15.687794135908742,442988.1039459571,1.2,7472.700000000104
9.10999999999985,2339.0990768564766,399033.77263044217,399033.77263044217,11.664627987670103,0.4290296533169172,300.8310016977914,15.687794135908742,442988.5088338392,1.2,7471.170000000105
9.11999999999985,2339.047774208939,398973.4641710311,398973.4641710311,11.664034579390128,0.4290216301202134,300.83034074973466,15.687794135908742,442988.91495671106,1.2,7469.640000000105
9.12999999999985,2338.9966648829563,398913.1672847747,398913.1672847747,11.66344123265781,0.4290135824168589,300.8296777718705,15.687794135908742,442989.3223182825,1.2,7468.110000000105
9.13999999999985,2338.945748190625,398852.88223944383,398852.88223944383,11.662847949543387,0.42900551013321087,300.82901275803124,15.687794135908742,442989.73092226416,1.2,7466.580000000105
9.14999999999985,2338.8950234327435,398792.60931430274,398792.60931430274,11.662254732205183,0.42899741319529083,300.8283457020209,15.687794135908742,442990.1407723844,1.2,7465.050000000106
9.15999999999985,2338.8444898972507,398732.34880092635,398732.34880092635,11.661661582895853,0.42898929152947063,300.82767659767177,15.687794135908742,442990.5518723536,1.2,7463.520000000106
9.169999999999849,2338.794146857325,398672.10100410064,398672.10100410064,11.661068503969332,0.42898114506159046,300.8270054387715,15.687794135908742,442990.96422590857,1.2,7461.990000000106
9.179999999999849,2338.7439935690345,398611.86624281923,398611.86624281923,11.660475497888454,0.4289729737176944,300.8263322191238,15.687794135908742,442991.377836776,1.2,7460.460000000106
9.189999999999849,2338.694029268381,398551.644851386,398551.644851386,11.659882567233439,0.4289647774235394,300.8256569325081,15.687794135908742,442991.7927086969,1.2,7458.930000000107
9.199999999999848,2338.6442531674775,398491.437180643,398491.437180643,11.659289714711322,0.4289565561049886,300.82497957271164,15.687794135908742,442992.20884540677,1.2,7457.400000000107
9.209999999999848,2338.594664449469,398431.2435993365,398431.2435993365,11.658696943166493,0.42894830968752096,300.8243001334895,15.687794135908742,442992.62625066057,1.2,7455.870000000107
9.219999999999848,2338.5452622615135,398371.06449564523,398371.06449564523,11.658104255592498,0.42894003809618003,300.82361860855997,15.687794135908742,442993.04492823506,1.2,7454.3400000001075
9.229999999999848,2338.4960457046013,398310.9002788945,398310.9002788945,11.657511655145306,0.4289317412562146,300.82293499165763,15.687794135908742,442993.4648818963,1.2,7452.810000000108
9.239999999999847,2338.4470138177276,398250.7513814772,398250.7513814772,11.656919145158307,0.4289234190926361,300.8222492764967,15.687794135908742,442993.88611542265,1.2,7451.280000000108
9.249999999999847,2338.3981655506664,398190.6182610096,398190.6182610096,11.656326729159327,0.4289150715303161,300.821561456779,15.687794135908742,442994.3086325991,1.2,7449.750000000108
9.259999999999847,2338.349499708372,398130.5014027193,398130.5014027193,11.655734410889991,0.42890669849418367,300.8208715262105,15.687794135908742,442994.7324372077,1.2,7448.2200000001085
9.269999999999847,2338.301014646128,398070.401321597,398070.401321597,11.655142194327944,0.4288982999089793,300.82017947848084,15.687794135908742,442995.1575330401,1.2,7446.690000000109
9.279999999999847,2338.25264557508,398010.3184328395,398010.3184328395,11.654550083712422,0.42888987569945236,300.8194853072795,15.687794135908742,442995.5839238871,1.2,7445.160000000109
9.289999999999846,2338.2043396560684,397950.2532160469,397950.2532160469,11.653958083573889,0.42888142579001576,300.81878900626754,15.687794135908742,442996.0116135565,1.2,7443.630000000109
9.299999999999846,2338.1560966861025,397890.2063053449,397890.2063053449,11.653366198768612,0.42887295010523807,300.81809056911817,15.687794135908742,442996.44060584815,1.2,7442.1000000001095
9.309999999999846,2338.1079164631687,397830.1783828976,397830.1783828976,11.65277443451927,0.4288644485696471,300.8173899895004,15.687794135908742,442996.87090456387,1.2,7440.57000000011
9.319999999999846,2338.0597987863403,397770.1701852173,397770.1701852173,11.652182796463013,0.4288559211073871,300.8166872610506,15.687794135908742,442997.30251352454,1.2,7439.04000000011
9.329999999999846,2338.011743451841,397710.18251068937,397710.18251068937,11.651591290708893,0.42884736764231485,300.81598237738115,15.687794135908742,442997.7354365658,1.2,7437.51000000011
9.339999999999845,2337.9637502724095,397650.216228698,397650.216228698,11.650999923907058,0.42883878809824705,300.8152753320999,15.687794135908742,442998.169677525,1.2,7435.9800000001105
9.349999999999845,2337.915819038568,397590.2722906101,397590.2722906101,11.650408703333078,0.4288301823992057,300.814566118831,15.687794135908742,442998.6052402288,1.2,7434.450000000111
9.359999999999845,2337.8679495571328,397530.3517435071,397530.3517435071,11.649817636991905,0.42882155046867987,300.8138547311539,15.687794135908742,442999.04212853103,1.2,7432.920000000111
9.369999999999845,2337.820141632879,397470.4557472008,397470.4557472008,11.649226733747827,0.42881289223031616,300.81314116266014,15.687794135908742,442999.4803462773,1.2,7431.390000000111
9.379999999999844,2337.772395070337,397410.5855958827,397410.5855958827,11.64863600348932,0.4288042076075233,300.81242540692097,15.687794135908742,442999.919897325,1.2,7429.8600000001115
9.389999999999844,2337.724709675855,397350.74274608545,397350.74274608545,11.648045457342,0.4287954965237671,300.81170745751143,15.687794135908742,443000.36078552855,1.2,7428.330000000112
9.399999999999844,2337.6770852565573,397290.92885353207,397290.92885353207,11.647455107949277,0.42878675890242496,300.8109873079985,15.687794135908742,443000.8030147469,1.2,7426.800000000112
9.409999999999844,2337.629521620542,397231.14582289587,397231.14582289587,11.646864969851332,0.42877799466653965,300.81026495192066,15.687794135908742,443001.2465888558,1.2,7425.270000000112
9.419999999999844,2337.58201854826,397171.39587688056,397171.39587688056,11.646275060011629,0.42876920373945543,300.8095403828406,15.687794135908742,443001.691511715,1.2,7423.740000000113
9.429999999999843,2337.5345759355946,397111.6816560045,397111.6816560045,11.645685398574445,0.42876038604408545,300.8088135942845,15.687794135908742,443002.1377872068,1.2,7422.210000000113
9.439999999999843,2337.487193507675,397052.0063674683,397052.0063674683,11.645096010002993,0.4287515415033501,300.8080845797783,15.687794135908742,443002.5854192125,1.2,7420.680000000113
9.449999999999843,2337.4398711047165,396992.37402316154,396992.37402316154,11.64450692488697,0.42874267003968947,300.8073533328077,15.687794135908742,443003.0344116377,1.2,7419.150000000113
9.459999999999843,2337.392608540616,396932.7898453097,396932.7898453097,11.643918183033138,0.4287337715760419,300.8066198468983,15.687794135908742,443003.4847683624,1.2,7417.620000000114
9.469999999999843,2337.3454056272412,396873.26103663485,396873.26103663485,11.643329839328025,0.42872484603466865,300.80588411551935,15.687794135908742,443003.9364933013,1.2,7416.090000000114
9.479999999999842,2337.2982621824253,396813.7984936688,396813.7984936688,11.642741976780034,0.4287158933380357,300.805146132156,15.687794135908742,443004.38959035807,1.2,7414.560000000114
9.489999999999842,2337.251178019005,396754.4218974665,396754.4218974665,11.64215474526888,0.4287069134084221,300.804405890277,15.687794135908742,443004.8440634457,1.2,7413.030000000114
9.499999999999842,2331.8337888864457,396747.0819361902,396747.0819361902,11.64156865929894,0.42869790616826264,300.80366338336336,15.687794135908742,443005.2999164697,1.2,7411.500000000115
9.509999999999842,2331.5538133010114,396690.30395722756,396690.30395722756,11.64098347878549,0.42868887153951096,300.8029186048554,15.687794135908742,443005.7571533593,1.2,7409.970000000115
9.519999999999841,2331.273896450416,396633.53047540283,396633.53047540283,11.640398264161316,0.4286798094442769,300.8021715482054,15.687794135908742,443006.2157780356,1.2,7408.440000000115
9.529999999999841,2330.9940381539473,396576.76148823445,396576.76148823445,11.639813015403666,0.42867071980453286,300.80142220685354,15.687794135908742,443006.675794427,1.2,7406.910000000115
9.539999999999841,2330.7142382317816,396519.99699324864,396519.99699324864,11.63922773248984,0.42866160254216173,300.8006705742316,15.687794135908742,443007.1372064659,1.2,7405.380000000116
9.54999999999984,2330.4344965049813,396463.236987977,396463.236987977,11.638642415397177,0.4286524575790065,300.79991664376746,15.687794135908742,443007.6000180867,1.2,7403.850000000116
9.55999999999984,2330.154812795486,396406.48146995786,396406.48146995786,11.638057064103076,0.4286432848366257,300.7991604088644,15.687794135908742,443008.06423323794,1.2,7402.320000000116
9.56999999999984,2329.8751869261096,396349.7304367357,396349.7304367357,11.637471678584982,0.4286340842365376,300.7984018629216,15.687794135908742,443008.52985587047,1.2,7400.790000000116
9.57999999999984,2329.59561872053,396292.98388586164,396292.98388586164,11.63688625882038,0.4286248557001236,300.797640999326,15.687794135908742,443008.9968899413,1.2,7399.260000000117
9.58999999999984,2329.3161080032883,396236.24181489274,396236.24181489274,11.636300804786824,0.4286155991488714,300.7968778114725,15.687794135908742,443009.4653394023,1.2,7397.730000000117
9.59999999999984,2329.0366545997776,396179.5042213922,396179.5042213922,11.63571531646189,0.42860631450398523,300.7961122927316,15.687794135908742,443009.9352082195,1.2,7396.200000000117
9.60999999999984,2328.7572583362426,396122.7711029295,396122.7711029295,11.63512979382322,0.42859700168657944,300.79534443646565,15.687794135908742,443010.40650036343,1.2,7394.670000000117
9.61999999999984,2328.477919039769,396066.04245708016,396066.04245708016,11.634544236848495,0.4285876606179266,300.794574236049,15.687794135908742,443010.879219796,1.2,7393.140000000118
9.62999999999984,2328.198636538281,396009.31828142586,396009.31828142586,11.63395864551545,0.42857829121886615,300.79380168481936,15.687794135908742,443011.35337050154,1.2,7391.610000000118
9.639999999999839,2327.9194106605332,395952.5985735542,395952.5985735542,11.633373019801857,0.4285688934102974,300.79302677611855,15.687794135908742,443011.8289564607,1.2,7390.080000000118
9.649999999999839,2327.640241236108,395895.8833310589,395895.8833310589,11.632787359685544,0.42855946711322623,300.79224950329615,15.687794135908742,443012.30598164874,1.2,7388.550000000118
9.659999999999838,2327.361128095408,395839.17255153944,395839.17255153944,11.632201665144375,0.42855001224827716,300.79146985966946,15.687794135908742,443012.7844500602,1.2,7387.020000000119
9.669999999999838,2327.082071069649,395782.4662326014,395782.4662326014,11.63161593615627,0.4285405287360839,300.7906878385555,15.687794135908742,443013.26436568896,1.2,7385.490000000119
9.679999999999838,2326.803069990859,395725.76437185594,395725.76437185594,11.631030172699187,0.4285310164973884,300.78990343327945,15.687794135908742,443013.7457325229,1.2,7383.960000000119
9.689999999999838,2326.524124691868,395669.0669669204,395669.0669669204,11.630444374751132,0.42852147545250047,300.78911663712967,15.687794135908742,443014.22855457227,1.2,7382.430000000119
9.699999999999838,2326.245235006306,395612.3740154177,395612.3740154177,11.629858542290153,0.4285119055218882,300.78832744340673,15.687794135908742,443014.7128358386,1.2,7380.90000000012
9.709999999999837,2325.966400768595,395555.6855149766,395555.6855149766,11.62927267529435,0.4285023066260286,300.78753584541107,15.687794135908742,443015.1985803232,1.2,7379.37000000012
9.719999999999837,2325.6876218139473,395499.0014632313,395499.0014632313,11.628686773741853,0.4284926786849684,300.78674183640663,15.687794135908742,443015.6857920486,1.2,7377.84000000012
9.729999999999837,2325.4088979783555,395442.3218578219,395442.3218578219,11.628100837610845,0.42848302161895946,300.7859454096732,15.687794135908742,443016.17447502696,1.2,7376.31000000012
9.739999999999837,2325.1302290985923,395385.6466963943,395385.6466963943,11.627514866879556,0.42847333534801946,300.7851465584704,15.687794135908742,443016.66463328263,1.2,7374.780000000121
9.749999999999837,2324.851615012201,395328.9759765998,395328.9759765998,11.626928861526254,0.4284636197921763,300.7843452760577,15.687794135908742,443017.15627083846,1.2,7373.250000000121
9.759999999999836,2324.5730555574933,395272.3096960952,395272.3096960952,11.626342821529244,0.4284538748713205,300.78354155568235,15.687794135908742,443017.64939172455,1.2,7371.720000000121
9.769999999999836,2324.294550573543,395215.64785254275,395215.64785254275,11.625756746866886,0.4284441005052554,300.7827353905832,15.687794135908742,443018.1439999752,1.2,7370.1900000001215
9.779999999999836,2324.016099900181,395158.9904436105,395158.9904436105,11.62517063751757,0.42843429661379384,300.78192677399903,15.687794135908742,443018.640099624,1.2,7368.660000000122
9.789999999999836,2323.737703377991,395102.3374669718,395102.3374669718,11.624584493459743,0.4284244631165639,300.78111569915256,15.687794135908742,443019.137694714,1.2,7367.130000000122
9.799999999999836,2323.4593608483033,395045.68892030546,395045.68892030546,11.623998314671875,0.4284145999334978,300.7803021592903,15.687794135908742,443019.63678927225,1.2,7365.600000000122
9.809999999999835,2323.1810721531915,394989.04480129527,394989.04480129527,11.62341210113249,0.4284047069840973,300.7794861476224,15.687794135908742,443020.1373873475,1.2,7364.0700000001225
9.819999999999835,2322.9028371354666,394932.40510763077,394932.40510763077,11.622825852820146,0.42839478418772764,300.7786676573468,15.687794135908742,443020.6394929958,1.2,7362.540000000123
9.829999999999835,2322.6246556386723,394875.76983700704,394875.76983700704,11.622239569713456,0.42838483146391076,300.77784668167317,15.687794135908742,443021.14311026444,1.2,7361.010000000123
9.839999999999835,2322.3465275070807,394819.1389871239,394819.1389871239,11.621653251791047,0.42837484873203346,300.7770232137992,15.687794135908742,443021.64824320766,1.2,7359.480000000123
9.849999999999834,2322.068452585687,394762.51255568676,394762.51255568676,11.621066899031616,0.4283648359111986,300.77619724689816,15.687794135908742,443022.1548958938,1.2,7357.9500000001235
9.859999999999834,2321.7904307202043,394705.89054040605,394705.89054040605,11.620480511413875,0.42835479292071554,300.7753687741591,15.687794135908742,443022.663072381,1.2,7356.420000000124
9.869999999999834,2321.5124617570605,394649.27293899725,394649.27293899725,11.619894088916597,0.42834471967961096,300.774537788747,15.687794135908742,443023.1727767408,1.2,7354.890000000124
9.879999999999834,2321.234545543393,394592.6597491815,394592.6597491815,11.619307631518577,0.4283346161068728,300.77370428382244,15.687794135908742,443023.6840130473,1.2,7353.360000000124
9.889999999999834,2320.9566819270435,394536.0509686844,394536.0509686844,11.618721139198652,0.428324482121451,300.7728682525418,15.687794135908742,443024.1967853757,1.2,7351.8300000001245
9.899999999999833,2320.678870756554,394479.4465952369,394479.4465952369,11.618134611935709,0.4283143176426012,300.7720296880858,15.687794135908742,443024.711097786,1.2,7350.300000000125
9.909999999999833,2320.401111881162,394422.84662657534,394422.84662657534,11.617548049708667,0.42830412258924566,300.77118858360643,15.687794135908742,443025.2269543547,1.2,7348.770000000125
9.919999999999833,2320.1234051507968,394366.25106044055,394366.25106044055,11.616961452496474,0.4282938968801232,300.7703449322396,15.687794135908742,443025.7443591676,1.2,7347.240000000125
9.929999999999833,2319.845750416074,394309.6598945787,394309.6598945787,11.616374820278129,0.42828364043412886,300.76949872713305,15.687794135908742,443026.26331630204,1.2,7345.710000000126
9.939999999999833,2319.5681475282922,394253.07312674023,394253.07312674023,11.615788153032662,0.4282733531700725,300.7686499614264,15.687794135908742,443026.78382984,1.2,7344.180000000126
9.949999999999832,2319.290596339428,394196.49075468164,394196.49075468164,11.615201450739148,0.42826303500648055,300.7677986282348,15.687794135908742,443027.3059038773,1.2,7342.650000000126
9.959999999999832,2319.0130967021305,394139.9127761631,394139.9127761631,11.614614713376687,0.4282526858621839,300.76694472069755,15.687794135908742,443027.8295424941,1.2,7341.120000000126
9.969999999999832,2318.7356484697198,394083.33918895066,394083.33918895066,11.614027940924425,0.4282423056552912,300.7660882318931,15.687794135908742,443028.3547498073,1.2,7339.590000000127
9.979999999999832,2318.4582514961808,394026.7699908143,394026.7699908143,11.613441133361542,0.42823189430450903,300.7652291549483,15.687794135908742,443028.88152990304,1.2,7338.060000000127
9.989999999999831,2318.180905636159,393970.2051795294,393970.2051795294,11.612854290667256,0.42822145172806586,300.7643674829495,15.687794135908742,443029.40988689155,1.2,7336.530000000127
9.999999999999831,2317.9036107449574,393913.644752876,393913.644752876,11.612267412820819,0.4282109778441534,300.76350320897876,15.687794135908742,443029.9398248851,1.2,7335.000000000127
10.009999999999831,2317.626366678531,393857.08870863856,393857.08870863856,11.611680499801519,0.42820047257136534,300.7626363261503,15.687794135908742,443030.47134797473,1.2,7333.470000000128
10.01999999999983,2317.3491732934835,393800.53704460635,393800.53704460635,11.611093551588679,0.42818993582806314,300.7617668275581,15.687794135908742,443031.0044602636,1.2,7331.940000000128
10.02999999999983,2317.0720304470638,393743.98975857376,393743.98975857376,11.610506568161664,0.42817936753261976,300.760894706296,15.687794135908742,443031.53916585405,1.2,7330.410000000128
10.03999999999983,2316.794937997159,393687.4468483391,393687.4468483391,11.609919549499866,0.4281687676032718,300.76001995544544,15.687794135908742,443032.0754688549,1.2,7328.880000000128
10.04999999999983,2316.5178958022957,393630.9083117059,393630.9083117059,11.609332495582713,0.42815813595826907,300.7591425680877,15.687794135908742,443032.6133733744,1.2,7327.350000000129
10.05999999999983,2316.240903721631,393574.3741464816,393574.3741464816,11.608745406389673,0.42814747251572477,300.75826253729196,15.687794135908742,443033.15288352745,1.2,7325.820000000129
10.06999999999983,2315.963961614951,393517.8443504791,393517.8443504791,11.608158281900245,0.4281367771934703,300.7573798561028,15.687794135908742,443033.69400344277,1.2,7324.290000000129
10.07999999999983,2315.6870693426663,393461.3189215149,393461.3189215149,11.60757112209396,0.4281260499097414,300.75649451759705,15.687794135908742,443034.2367372288,1.2,7322.760000000129
10.08999999999983,2315.4102267658072,393404.7978574108,393404.7978574108,11.606983926950386,0.4281152905822461,300.7556065148069,15.687794135908742,443034.7810890203,1.2,7321.23000000013
10.09999999999983,2315.133433746023,393348.2811559921,393348.2811559921,11.606396696449126,0.42810449912870496,300.75471584076456,15.687794135908742,443035.3270629513,1.2,7319.70000000013
10.109999999999829,2314.856690145574,393291.76881508966,393291.76881508966,11.605809430569817,0.4280936754669973,300.7538224885139,15.687794135908742,443035.8746631473,1.2,7318.17000000013
10.119999999999829,2314.57999582733,393235.2608325377,393235.2608325377,11.605222129292121,0.428082819514965,300.75292645109477,15.687794135908742,443036.4238937363,1.2,7316.64000000013
10.129999999999828,2314.303350654767,393178.75720617565,393178.75720617565,11.604634792595744,0.428071931190512,300.75202772155103,15.687794135908742,443036.97475884197,1.2,7315.110000000131
10.139999999999828,2314.026754491963,393122.25793384685,393122.25793384685,11.604047420460416,0.428061010411799,300.7511262929463,15.687794135908742,443037.52726257546,1.2,7313.580000000131
10.149999999999828,2313.7502072035923,393065.763013399,393065.763013399,11.603460012865913,0.4280500570964108,300.75022215829586,15.687794135908742,443038.0814090768,1.2,7312.050000000131
10.159999999999828,2313.4737086549244,393009.2724426843,393009.2724426843,11.602872569792023,0.42803907116238515,300.7493153106509,15.687794135908742,443038.63720246265,1.2,7310.520000000131
10.169999999999828,2313.1972587118207,392952.786219559,392952.786219559,11.602285091218583,0.4280280525273816,300.7484057430304,15.687794135908742,443039.1946468688,1.2,7308.990000000132
10.179999999999827,2312.9208572407265,392896.3043418836,392896.3043418836,11.601697577125456,0.4280170011089718,300.7474934484448,15.687794135908742,443039.7537464352,1.2,7307.460000000132
10.189999999999827,2312.644504108674,392839.826807523,392839.826807523,11.601110027492537,0.42800591682469263,300.7465784199006,15.687794135908742,443040.3145053034,1.2,7305.930000000132
10.199999999999827,2312.368199183273,392783.3536143461,392783.3536143461,11.600522442299752,0.42799479959209313,300.7456606504039,15.687794135908742,443040.87692761444,1.2,7304.400000000132
10.209999999999827,2312.091942332711,392726.88476022636,392726.88476022636,11.599934821527057,0.4279836493286853,300.7447401329569,15.687794135908742,443041.4410175105,1.2,7302.870000000133
10.219999999999827,2311.8157334257467,392670.4202430407,392670.4202430407,11.599347165154448,0.4279724659515535,300.7438168605249,15.687794135908742,443042.00677915575,1.2,7301.340000000133
10.229999999999826,2311.53957233171,392613.96006067056,392613.96006067056,11.59875947316194,0.42796124937833324,300.74289082611773,15.687794135908742,443042.5742166856,1.2,7299.810000000133
10.239999999999826,2311.2634589204963,392557.5042110018,392557.5042110018,11.598171745529584,0.4279499995265262,300.7419620227329,15.687794135908742,443043.1433342427,1.2,7298.280000000133
10.249999999999826,2310.9873930625618,392501.0526919237,392501.0526919237,11.59758398223746,0.42793871631389097,300.74103044338796,15.687794135908742,443043.7141359563,1.2,7296.750000000134
10.259999999999826,2310.7113746289237,392444.60550132976,392444.60550132976,11.596996183265682,0.4279273996581504,300.7400960810962,15.687794135908742,443044.2866259571,1.2,7295.220000000134
10.269999999999825,2310.435403491154,392388.162637118,392388.162637118,11.596408348594395,0.4279160494767466,300.7391589288466,15.687794135908742,443044.86080838996,1.2,7293.690000000134
10.279999999999825,2310.1594795213778,392331.7240971897,392331.7240971897,11.595820478203764,0.4279046656871832,300.73821897963194,15.687794135908742,443045.4366873964,1.2,7292.1600000001345
10.289999999999825,2309.8836025922683,392275.2898794506,392275.2898794506,11.595232572073995,0.42789324820682945,300.7372762264327,15.687794135908742,443046.0142671243,1.2,7290.630000000135
10.299999999999825,2309.6077725770447,392218.85998181015,392218.85998181015,11.594644630185314,0.42788179695306844,300.73633066222914,15.687794135908742,443046.5935517212,1.2,7289.100000000135
10.309999999999825,2309.3319893494695,392162.43440218194,392162.43440218194,11.594056652517988,0.4278703118431493,300.7353822799894,15.687794135908742,443047.1745453406,1.2,7287.570000000135
10.319999999999824,2309.056252783843,392106.0131384832,392106.0131384832,11.593468639052302,0.427858792794186,300.7344310726691,15.687794135908742,443047.75725214306,1.2,7286.0400000001355
10.329999999999824,2308.780562755003,392049.5961886349,392049.5961886349,11.592880589768573,0.4278472397234546,300.733477033236,15.687794135908742,443048.34167628054,1.2,7284.510000000136
10.339999999999824,2308.5049191383187,391993.18355056253,391993.18355056253,11.592292504647151,0.4278356525478512,300.7325201546252,15.687794135908742,443048.9278219241,1.2,7282.980000000136
10.349999999999824,2308.22932180969,391936.7752221949,391936.7752221949,11.59170438366841,0.4278240311847754,300.73156042981213,15.687794135908742,443049.51569321903,1.2,7281.450000000136
10.359999999999824,2307.9537706455435,391880.3712014643,391880.3712014643,11.591116226812753,0.42781237555198365,300.7305978518005,15.687794135908742,443050.1052942924,1.2,7279.9200000001365
10.369999999999823,2307.6782655228276,391823.9714863077,391823.9714863077,11.590528034060611,0.4278006855668528,300.7296324135612,15.687794135908742,443050.6966292904,1.2,7278.390000000137
10.379999999999823,2307.402806319012,391767.57607466506,391767.57607466506,11.589939805392444,0.4277889611468713,300.7286641080733,15.687794135908742,443051.28970235307,1.2,7276.860000000137
10.389999999999823,2307.1273929120844,391711.1849644802,391711.1849644802,11.589351540788744,0.4277772022095907,300.7276929283196,15.687794135908742,443051.88451761747,1.2,7275.330000000137
10.399999999999823,2306.8520251805458,391654.7981537011,391654.7981537011,11.588763240230024,0.4277654086722328,300.7267188672544,15.687794135908742,443052.4810792367,1.2,7273.8000000001375
10.409999999999823,2306.5767030034076,391598.41564027884,391598.41564027884,11.588174903696821,0.42775358045203365,300.725741917832,15.687794135908742,443053.0793913634,1.2,7272.270000000138
10.419999999999822,2306.30142626019,391542.0374221687,391542.0374221687,11.58758653116971,0.42774171746638867,300.7247620730185,15.687794135908742,443053.6794581416,1.2,7270.740000000138
10.429999999999822,2306.0261948309194,391485.663497329,391485.663497329,11.586998122629291,0.427729819632267,300.7237793257434,15.687794135908742,443054.2812837365,1.2,7269.210000000138
10.439999999999822,2305.751008596123,391429.2938637222,391429.2938637222,11.58640967805618,0.4277178868666522,300.72279366893616,15.687794135908742,443054.88487231295,1.2,7267.6800000001385
10.449999999999822,2305.4758674368272,391372.92851931415,391372.92851931415,11.585821197431027,0.42770591908673605,300.72180509554215,15.687794135908742,443055.49022802454,1.2,7266.150000000139
10.459999999999821,2305.200771234555,391316.5674620745,391316.5674620745,11.585232680734517,0.42769391620938196,300.7208135984782,15.687794135908742,443056.0973550413,1.2,7264.620000000139
10.469999999999821,2304.9257198713235,391260.21068997576,391260.21068997576,11.58464412794735,0.4276818781525461,300.7198191707501,15.687794135908742,443056.7062574782,1.2,7263.090000000139
10.479999999999821,2304.6507132296397,391203.8582009949,391203.8582009949,11.58405553905025,0.4276698048335599,300.71882180531077,15.687794135908742,443057.3169394812,1.2,7261.56000000014
10.48999999999982,2304.3757511924987,391147.50999311183,391147.50999311183,11.583466914023976,0.4276576961701616,300.7178214951453,15.687794135908742,443057.92940517556,1.2,7260.03000000014
10.49999999999982,2304.1008336433792,391091.16606431035,391091.16606431035,11.582878252849309,0.4276455520797599,300.71681823321035,15.687794135908742,443058.543658703,1.2,7258.50000000014
10.50999999999982,2303.8259604662435,391034.8264125771,391034.8264125771,11.58228955550706,0.427633372479975,300.7158120124786,15.687794135908742,443059.1597041941,1.2,7256.97000000014
10.51999999999982,2303.551131545533,390978.49103590293,390978.49103590293,11.581700821978052,0.42762115728790134,300.7148028258779,15.687794135908742,443059.77754580654,1.2,7255.440000000141
10.52999999999982,2303.2763467661644,390922.15993228136,390922.15993228136,11.581112052243146,0.42760890642108906,300.71379066637246,15.687794135908742,443060.3971876737,1.2,7253.910000000141
10.53999999999982,2303.0016060135295,390865.83309971,390865.83309971,11.580523246283226,0.4275966197966613,300.71277552688986,15.687794135908742,443061.0186339514,1.2,7252.380000000141
10.54999999999982,2302.7269091734906,390809.5105361895,390809.5105361895,11.579934404079204,0.4275842973317561,300.7117574003576,15.687794135908742,443061.6418887934,1.2,7250.850000000141
10.55999999999982,2302.452256132378,390753.1922397239,390753.1922397239,11.579345525612004,0.42757193894372164,300.71073627971896,15.687794135908742,443062.2669563436,1.2,7249.320000000142
10.569999999999819,2302.1776467769882,390696.8782083207,390696.8782083207,11.578756610862584,0.42755954454947964,300.7097121578808,15.687794135908742,443062.8938407665,1.2,7247.790000000142
10.579999999999819,2301.9030809945807,390640.56843999063,390640.56843999063,11.578167659811928,0.4275471140666525,300.7086850278063,15.687794135908742,443063.5225461915,1.2,7246.260000000142
10.589999999999819,2301.6285586728745,390584.2629327479,390584.2629327479,11.577578672441042,0.4275346474130229,300.70765488247076,15.687794135908742,443064.1530767393,1.2,7244.730000000142
10.599999999999818,2301.354079700047,390527.9616846097,390527.9616846097,11.576989648730953,0.4275221445064384,300.7066217148532,15.687794135908742,443064.78543652734,1.2,7243.200000000143
10.609999999999818,2301.0796439647306,390471.6646935966,390471.6646935966,11.576400588662718,0.4275096052649069,300.70558551794466,15.687794135908742,443065.4196296644,1.2,7241.670000000143
10.619999999999818,2300.8052513560106,390415.37195773283,390415.37195773283,11.575811492217412,0.42749702960601066,300.7045462846995,15.687794135908742,443066.0556602809,1.2,7240.140000000143
10.629999999999818,2300.5309017634213,390359.0834750452,390359.0834750452,11.575222359376136,0.4274844174474457,300.7035040080801,15.687794135908742,443066.693532501,1.2,7238.610000000143
10.639999999999818,2300.256595076945,390302.7992435644,390302.7992435644,11.574633190120018,0.4274717687068724,300.7024586810444,15.687794135908742,443067.3332504506,1.2,7237.080000000144
10.649999999999817,2299.9823311870086,390246.51926132373,390246.51926132373,11.574043984430203,0.4274590833018692,300.70141029654235,15.687794135908742,443067.9748182596,1.2,7235.550000000144
10.659999999999817,2299.7081099844813,390190.2435263601,390190.2435263601,11.573454742287863,0.42744636114973544,300.7003588474993,15.687794135908742,443068.61824007175,1.2,7234.020000000144
10.669999999999817,2299.4339313606733,390133.97203671315,390133.97203671315,11.572865463674193,0.427433602168079,300.6993043268645,15.687794135908742,443069.2635200146,1.2,7232.490000000144
10.679999999999817,2299.15979520733,390077.7047904262,390077.7047904262,11.57227614857041,0.4274208062742783,300.69824672756704,15.687794135908742,443069.91066222766,1.2,7230.960000000145
10.689999999999817,2298.885701416633,390021.44178554515,390021.44178554515,11.57168679695775,0.42740797338597164,300.6971860425559,15.687794135908742,443070.55967083643,1.2,7229.430000000145
10.699999999999816,2298.6116498811966,389965.1830201195,389965.1830201195,11.571097408817481,0.42739510342110604,300.69612226480433,15.687794135908742,443071.2105499513,1.2,7227.900000000145
10.709999999999816,2298.337640494065,389908.9284922013,389908.9284922013,11.57050798413089,0.4273821962980844,300.69505538732153,15.687794135908742,443071.86330365855,1.2,7226.370000000145
10.719999999999816,2298.063673148709,389852.6781998464,389852.6781998464,11.569918522879277,0.4273692519352758,300.6939854031126,15.687794135908742,443072.5179360468,1.2,7224.840000000146
10.729999999999816,2297.7897477390256,389796.432141113,389796.432141113,11.569329025043977,0.4273562702509174,300.6929123051703,15.687794135908742,443073.1744512101,1.2,7223.310000000146
10.739999999999815,2297.5158641593353,389740.19031406235,389740.19031406235,11.568739490606337,0.42734325116306626,300.69183608647097,15.687794135908742,443073.83285325253,1.2,7221.780000000146
10.749999999999815,2297.242022304377,389683.95271675946,389683.95271675946,11.568149919547734,0.42733019458984395,300.6907567399948,15.687794135908742,443074.4931462738,1.2,7220.250000000146
10.759999999999815,2296.9682220693094,389627.7193472717,389627.7193472717,11.567560311849558,0.42731710044938737,300.6896742587219,15.687794135908742,443075.15533437283,1.2,7218.720000000147
10.769999999999815,2296.6944633497073,389571.4902036695,389571.4902036695,11.566970667493232,0.4273039686597026,300.68858863561985,15.687794135908742,443075.819421655,1.2,7217.190000000147
10.779999999999815,2296.420746041558,389515.2652840264,389515.2652840264,11.566380986460192,0.4272907991386146,300.68749986364,15.687794135908742,443076.4854122346,1.2,7215.660000000147
10.789999999999814,2296.1470700412597,389459.0445864187,389459.0445864187,11.565791268731896,0.42727759180401337,300.6864079357376,15.687794135908742,443077.1533102225,1.2,7214.130000000147
10.799999999999814,2295.8734352456217,389402.8281089259,389402.8281089259,11.565201514289825,0.42726434657375684,300.68531284486335,15.687794135908742,443077.8231197306,1.2,7212.600000000148
10.809999999999814,2295.599841551858,389346.61584963015,389346.61584963015,11.564611723115481,0.42725106336635243,300.68421458402065,15.687794135908742,443078.49484483805,1.2,7211.070000000148
10.819999999999814,2295.3262888575873,389290.4078066165,389290.4078066165,11.564021895190383,0.427237742100668,300.6831131462409,15.687794135908742,443079.1684896053,1.2,7209.540000000148
10.829999999999814,2295.052777060832,389234.2039779734,389234.2039779734,11.56343203049608,0.4272243826956842,300.68200852456334,15.687794135908742,443079.84405808715,1.2,7208.0100000001485
10.839999999999813,2294.7793060600125,389178.0043617915,389178.0043617915,11.562842129014133,0.42721098507034855,300.68090071202306,15.687794135908742,443080.5215543394,1.2,7206.480000000149
10.849999999999813,2294.5058757539487,389121.80895616434,389121.80895616434,11.56225219072612,0.42719754914352676,300.67978970164677,15.687794135908742,443081.20098242234,1.2,7204.950000000149
10.859999999999813,2294.2324860418553,389065.6177591888,389065.6177591888,11.561662215613655,0.427184074833905,300.6786754864449,15.687794135908742,443081.88234640454,1.2,7203.420000000149
10.869999999999813,2293.9591368233405,389009.43076896435,389009.43076896435,11.561072203658359,0.42717056206033194,300.67755805943966,15.687794135908742,443082.5656503461,1.2,7201.8900000001495
10.879999999999812,2293.6858279984053,388953.24798359297,388953.24798359297,11.560482154841877,0.42715701074152596,300.67643741364105,15.687794135908742,443083.250898314,1.2,7200.36000000015
10.889999999999812,2293.412559467437,388897.0694011797,388897.0694011797,11.55989206914587,0.42714342079602546,300.6753135420426,15.687794135908742,443083.93809438363,1.2,7198.83000000015
10.899999999999812,2293.139331131213,388840.8950198323,388840.8950198323,11.559301946552026,0.42712979214263014,300.6741864376579,15.687794135908742,443084.627242617,1.2,7197.30000000015
10.909999999999812,2292.866142890894,388784.7248376613,388784.7248376613,11.558711787042052,0.42711612469976423,300.67305609346795,15.687794135908742,443085.31834709493,1.2,7195.7700000001505
10.919999999999812,2292.592994648024,388728.5588527801,388728.5588527801,11.558121590597665,0.4271024183861135,300.67192250247376,15.687794135908742,443086.0114118847,1.2,7194.240000000151
10.929999999999811,2292.3198863045286,388672.3970633043,388672.3970633043,11.557531357200613,0.4270886731211624,300.6707856577409,15.687794135908742,443086.706441013,1.2,7192.710000000151
10.939999999999811,2292.0468177627104,388616.2394673528,388616.2394673528,11.556941086832657,0.4270748888249985,300.6696455523832,15.687794135908742,443087.4034384757,1.2,7191.180000000151
10.949999999999811,2291.7737889252503,388560.08606304706,388560.08606304706,11.556350779475578,0.42706106541713973,300.66850217946586,15.687794135908742,443088.1024082972,1.2,7189.6500000001515
10.95999999999981,2291.500799695204,388503.93684851093,388503.93684851093,11.555760435111177,0.4270472028173147,300.6673555320699,15.687794135908742,443088.80335449125,1.2,7188.120000000152
10.96999999999981,2291.2278499759987,388447.79182187124,388447.79182187124,11.555170053721271,0.42703330094526937,300.6662056032762,15.687794135908742,443089.50628107006,1.2,7186.590000000152
10.97999999999981,2290.9549396714333,388391.6509812571,388391.6509812571,11.554579635287702,0.4270193597205714,300.6650523861492,15.687794135908742,443090.211192055,1.2,7185.060000000152
10.98999999999981,2290.682068685675,388335.5143248007,388335.5143248007,11.553989179792328,0.427005379063,300.66389587376955,15.687794135908742,443090.9180914561,1.2,7183.5300000001525
10.99999999999981,2290.409236923257,388279.3818506366,388279.3818506366,11.553398687217017,0.4269913588919104,300.6627360591808,15.687794135908742,443091.626983305,1.2,7182.000000000153
11.00999999999981,2290.136444289079,388223.25355690205,388223.25355690205,11.552808157543673,0.4269772991269695,300.6615729354511,15.687794135908742,443092.33787161694,1.2,7180.470000000153
11.01999999999981,2289.863690688402,388167.1294417365,388167.1294417365,11.552217590754198,0.4269631996875174,300.66040649561955,15.687794135908742,443093.0507604238,1.2,7178.940000000153
11.02999999999981,2289.5909760268487,388111.00950328266,388111.00950328266,11.55162698683053,0.42694906049300957,300.6592367327335,15.687794135908742,443093.76565375086,1.2,7177.410000000154
11.039999999999809,2289.3183002104,388054.8937396853,388054.8937396853,11.551036345754616,0.42693488146340713,300.6580636398804,15.687794135908742,443094.482555598,1.2,7175.880000000154
11.049999999999809,2289.0456631453953,387998.78214909195,387998.78214909195,11.550445667508416,0.4269206625192765,300.65688721019615,15.687794135908742,443095.2014699341,1.2,7174.350000000154
11.059999999999809,2288.773064738527,387942.67472965247,387942.67472965247,11.549854952073922,0.42690640358134485,300.6557074368282,15.687794135908742,443095.9224007197,1.2,7172.820000000154
11.069999999999808,2288.500504896843,387886.57147951936,387886.57147951936,11.549264199433136,0.4268921045703594,300.65452431292425,15.687794135908742,443096.64535191393,1.2,7171.290000000155
11.079999999999808,2288.22798352774,387830.4723968477,387830.4723968477,11.548673409568073,0.42687776540674055,300.65333783160315,15.687794135908742,443097.37032749224,1.2,7169.760000000155
11.089999999999808,2287.9555005389675,387774.3774797948,387774.3774797948,11.548082582460768,0.42686338601121954,300.652147986008,15.687794135908742,443098.0973314143,1.2,7168.230000000155
11.099999999999808,2287.68305583862,387718.286726521,387718.286726521,11.54749171809328,0.4268489663043006,300.6509547692612,15.687794135908742,443098.82636765065,1.2,7166.700000000155
11.109999999999808,2287.4106493351387,387662.2001351883,387662.2001351883,11.546900816447682,0.42683450620645613,300.64975817448124,15.687794135908742,443099.55744017335,1.2,7165.170000000156
11.119999999999807,2287.13828093731,387606.1177039618,387606.1177039618,11.546309877506056,0.42682000563812783,300.64855819478197,15.687794135908742,443100.2905529558,1.2,7163.640000000156
11.129999999999807,2286.8659505542605,387550.0394310085,387550.0394310085,11.545718901250515,0.426805464519871,300.64735482328535,15.687794135908742,443101.0257099654,1.2,7162.110000000156
11.139999999999807,2286.593658095459,387493.9653144984,387493.9653144984,11.545127887663176,0.42679088277196664,300.6461480530887,15.687794135908742,443101.762915183,1.2,7160.580000000156
11.149999999999807,2286.3214034707116,387437.89535260363,387437.89535260363,11.544536836726182,0.42677626031495725,300.6449378773095,15.687794135908742,443102.5021725759,1.2,7159.050000000157
11.159999999999807,2286.049186590162,387381.82954349846,387381.82954349846,11.543945748421686,0.4267615970699402,300.6437242891093,15.687794135908742,443103.24348608335,1.2,7157.520000000157
11.169999999999806,2285.7770073642896,387325.76788536,387325.76788536,11.543354622731863,0.426746892958569,300.6425072816942,15.687794135908742,443103.9868596161,1.2,7155.990000000157
11.179999999999806,2285.504865703906,387269.7103763673,387269.7103763673,11.5427634596389,0.426732147902368,300.64128684825766,15.687794135908742,443104.7322970911,1.2,7154.460000000157
11.189999999999806,2285.232761520155,387213.65701470216,387213.65701470216,11.542172259125005,0.42671736182292724,300.64006298199706,15.687794135908742,443105.4798024217,1.2,7152.930000000158
11.199999999999806,2284.96069472451,387157.60779854853,387157.60779854853,11.5415810211724,0.4267025346418553,300.6388356761097,15.687794135908742,443106.22937952034,1.2,7151.400000000158
11.209999999999805,2284.688665228774,387101.5627260925,387101.5627260925,11.54098974576332,0.4266876662804369,300.6376049237641,15.687794135908742,443106.9810323149,1.2,7149.870000000158
11.219999999999805,2284.4166729450744,387045.5217955227,387045.5217955227,11.540398432880018,0.42667275666036436,300.636370718161,15.687794135908742,443107.7347647131,1.2,7148.340000000158
11.229999999999805,2284.144717785865,386989.4850050302,386989.4850050302,11.539807082504769,0.4266578057029583,300.6351330524687,15.687794135908742,443108.4905806406,1.2,7146.810000000159
11.239999999999805,2283.872799663922,386933.4523528081,386933.4523528081,11.539215694619854,0.426642813329507,300.6338919198509,15.687794135908742,443109.248484025,1.2,7145.280000000159
11.249999999999805,2283.6009184923428,386877.42383705155,386877.42383705155,11.538624269207572,0.4266277794615631,300.63264731349165,15.687794135908742,443110.0084787797,1.2,7143.750000000159
11.259999999999804,2283.329074184546,386821.3994559586,386821.3994559586,11.53803280625025,0.4266127040203532,300.63139922654614,15.687794135908742,443110.77056883473,1.2,7142.220000000159
11.269999999999804,2283.0572666542666,386765.37920772925,386765.37920772925,11.537441305730214,0.4265975869276613,300.630147652214,15.687794135908742,443111.5347580912,1.2,7140.69000000016
11.279999999999804,2282.7854958155576,386709.36309056554,386709.36309056554,11.53684976762981,0.4265824281056794,300.628892583727,15.687794135908742,443112.3010504298,1.2,7139.16000000016
11.289999999999804,2282.5137615827866,386653.35110267194,386653.35110267194,11.536258191931404,0.42656722747681436,300.6276340143328,15.687794135908742,443113.0694497199,1.2,7137.63000000016
11.299999999999804,2282.242063870633,386597.343242255,386597.343242255,11.535666578617372,0.42655198496363744,300.62637193729097,15.687794135908742,443113.83995982213,1.2,7136.10000000016
11.309999999999803,2281.97040259409,386541.3395075238,386541.3395075238,11.535074927670115,0.4265367004886889,300.62510634585686,15.687794135908742,443114.61258459854,1.2,7134.570000000161
11.319999999999803,2281.6987776684596,386485.3398966893,386485.3398966893,11.534483239072033,0.42652137397442996,300.6238372332774,15.687794135908742,443115.3873279149,1.2,7133.040000000161
11.329999999999803,2281.4271890093532,386429.3444079645,386429.3444079645,11.533891512805551,0.4265060053430963,300.6225645927791,15.687794135908742,443116.1641936482,1.2,7131.510000000161
11.339999999999803,2281.1556365326887,386373.3530395651,386373.3530395651,11.53329974885311,0.4264905945172354,300.6212884176125,15.687794135908742,443116.94318565907,1.2,7129.980000000161
11.349999999999802,2280.8841201546884,386317.3657897084,386317.3657897084,11.532707947197164,0.42647514141921683,300.6200087010117,15.687794135908742,443117.7243078173,1.2,7128.450000000162
11.359999999999802,2280.612639791881,386261.38265661435,386261.38265661435,11.532116107820178,0.42645964597123487,300.6187254361945,15.687794135908742,443118.5075640006,1.2,7126.920000000162
11.369999999999802,2280.3411953610944,386205.40363850445,386205.40363850445,11.531524230704632,0.42644410809559885,300.6174386163863,15.687794135908742,443119.29295808123,1.2,7125.390000000162
11.379999999999802,2280.0697867794597,386149.4287336029,386149.4287336029,11.530932315833024,0.42642852771488216,300.61614823483274,15.687794135908742,443120.08049391763,1.2,7123.8600000001625
11.389999999999802,2279.7984139644063,386093.4579401357,386093.4579401357,11.530340363187872,0.4264129047514812,300.6148542847629,15.687794135908742,443120.8701753767,1.2,7122.330000000163
11.399999999999801,2279.527076833661,386037.4912563306,386037.4912563306,11.529748372751689,0.4263972391291308,300.61355675951484,15.687794135908742,443121.6620062577,1.2,7120.800000000163
11.409999999999801,2279.2557753052474,385981.5286804184,385981.5286804184,11.529156344507022,0.4263815307710951,300.61225565238607,15.687794135908742,443122.4559903829,1.2,7119.270000000163
11.419999999999801,2278.984509297484,385925.57021063124,385925.57021063124,11.528564278436424,0.426365779600756,300.61095095668173,15.687794135908742,443123.25213156885,1.2,7117.7400000001635
11.4299999999998,2278.713278728981,385869.6158452033,385869.6158452033,11.527972174522459,0.4263499855416599,300.6096426657191,15.687794135908742,443124.0504336233,1.2,7116.210000000164
11.4399999999998,2278.4420835186434,385813.665582371,385813.665582371,11.527380032747711,0.42633414851693346,300.6083307727786,15.687794135908742,443124.8509003748,1.2,7114.680000000164
11.4499999999998,2278.170923585664,385757.71942037303,385757.71942037303,11.526787853094772,0.4263182684501616,300.6070152711768,15.687794135908742,443125.65353562887,1.2,7113.150000000164
11.4599999999998,2277.899798849525,385701.7773574496,385701.7773574496,11.526195635546253,0.42630234526441174,300.6056961541858,15.687794135908742,443126.45834321616,1.2,7111.6200000001645
11.4699999999998,2277.6287092299963,385645.8393918434,385645.8393918434,11.525603380084778,0.42628637888311105,300.60437341510544,15.687794135908742,443127.26532694953,1.2,7110.090000000165
11.4799999999998,2277.3576546471336,385589.9055217991,385589.9055217991,11.52501108669298,0.426270369229561,300.6030470472234,15.687794135908742,443128.0744906476,1.2,7108.560000000165
11.4899999999998,2277.086635021278,385533.975745563,385533.975745563,11.524418755353505,0.42625431622683774,300.60171704380673,15.687794135908742,443128.8858381399,1.2,7107.030000000165
11.4999999999998,2276.8156502730526,385478.05006138346,385478.05006138346,11.523826386049018,0.4262382197986229,300.60038339817083,15.687794135908742,443129.6993732256,1.2,7105.5000000001655
11.509999999999799,2276.544700323363,385422.12846751115,385422.12846751115,11.523233978762198,0.42622207986871513,300.599046103639,15.687794135908742,443130.51509969734,1.2,7103.970000000166
11.519999999999799,2276.273785093395,385366.21096219856,385366.21096219856,11.52264153347573,0.4262058963613717,300.59770515357064,15.687794135908742,443131.33302132395,1.2,7102.440000000166
11.529999999999799,2276.002904504613,385310.2975437,385310.2975437,11.522049050172315,0.4261896692009683,300.59636054133307,15.687794135908742,443132.1531418686,1.2,7100.910000000166
11.539999999999798,2275.7320584787594,385254.3882102718,385254.3882102718,11.521456528834669,0.42617339831194784,300.5950122602973,15.687794135908742,443132.97546509025,1.2,7099.380000000167
11.549999999999798,2275.4612469378526,385198.48296017235,385198.48296017235,11.520863969445523,0.42615708361838345,300.5936603038018,15.687794135908742,443133.7999947666,1.2,7097.850000000167
11.559999999999798,2275.190469804186,385142.58179166174,385142.58179166174,11.52027137198761,0.4261407250447569,300.5923046652171,15.687794135908742,443134.62673465424,1.2,7096.320000000167
11.569999999999798,2274.919727000326,385086.68470300216,385086.68470300216,11.519678736443689,0.4261243225151804,300.5909453378812,15.687794135908742,443135.4556885281,1.2,7094.790000000167
11.579999999999798,2274.649018449112,385030.79169245757,385030.79169245757,11.519086062796523,0.42610787595388383,300.5895823151397,15.687794135908742,443136.28686015704,1.2,7093.260000000168
11.589999999999797,2274.3783440736543,384974.9027582939,384974.9027582939,11.518493351028894,0.4260913852851645,300.5882155903423,15.687794135908742,443137.120253306,1.2,7091.730000000168
11.599999999999797,2274.107703797331,384919.0178987788,384919.0178987788,11.517900601123586,0.42607485043338994,300.5868451568423,15.687794135908742,443137.95587173617,1.2,7090.200000000168
11.609999999999797,2273.8370975437906,384863.1371121822,384863.1371121822,11.517307813063407,0.42605827132240986,300.5854710079483,15.687794135908742,443138.7937192346,1.2,7088.670000000168
11.619999999999797,2273.5665252369463,384807.2603967754,384807.2603967754,11.516714986831172,0.4260416478770214,300.58409313704544,15.687794135908742,443139.63379954,1.2,7087.140000000169
11.629999999999797,2273.2959868009784,384751.387750832,384751.387750832,11.516122122409708,0.4260249800221895,300.5827115375308,15.687794135908742,443140.47611638263,1.2,7085.610000000169
11.639999999999796,2273.025482160331,384695.5191726272,384695.5191726272,11.515529219781852,0.4260082676830447,300.58132620281344,15.687794135908742,443141.32067348366,1.2,7084.080000000169
11.649999999999796,2272.7550112397116,384639.6546604378,384639.6546604378,11.514936278930461,0.4259915107849335,300.5799371263182,15.687794135908742,443142.16747455345,1.2,7082.550000000169
11.659999999999796,2272.484573964088,384583.7942125429,384583.7942125429,11.514343299838393,0.42597470925297776,300.57854430144937,15.687794135908742,443143.016523313,1.2,7081.02000000017
11.669999999999796,2272.21417025869,384527.9378272232,384527.9378272232,11.513750282488527,0.4259578630124181,300.5771477216193,15.687794135908742,443143.86782347754,1.2,7079.49000000017
11.679999999999795,2271.943800049006,384472.08550276124,384472.08550276124,11.513157226863749,0.4259409719884664,300.5757473802359,15.687794135908742,443144.72137876274,1.2,7077.96000000017
11.689999999999795,2271.6734632607813,384416.23723744135,384416.23723744135,11.512564132946961,0.42592403610611146,300.5743432706865,15.687794135908742,443145.57719289575,1.2,7076.43000000017
11.699999999999795,2271.4031598200195,384360.3930295492,384360.3930295492,11.511971000721067,0.4259070552908497,300.57293538639874,15.687794135908742,443146.43526957766,1.2,7074.900000000171
11.709999999999795,2271.1328896529785,384304.55287737335,384304.55287737335,11.511377830168998,0.4258900294675644,300.57152372074745,15.687794135908742,443147.29561254,1.2,7073.370000000171
11.719999999999795,2270.8626526861703,384248.71677920275,384248.71677920275,11.51078462127368,0.4258729585615982,300.5701082671435,15.687794135908742,443148.15822549106,1.2,7071.840000000171
11.729999999999794,2270.5924488463615,384192.88473332906,384192.88473332906,11.51019137401806,0.42585584249782665,300.56868901895695,15.687794135908742,443149.0231121622,1.2,7070.310000000171
11.739999999999794,2270.322278060568,384137.0567380457,384137.0567380457,11.509598088385095,0.4258386812021714,300.5672659696428,15.687794135908742,443149.8902762318,1.2,7068.780000000172
11.749999999999794,2270.0521402560576,384081.23279164714,384081.23279164714,11.509004764357758,0.42582147460047626,300.5658391126475,15.687794135908742,443150.7597213818,1.2,7067.250000000172
11.759999999999794,2269.782035360347,384025.4128924302,384025.4128924302,11.50841140191902,0.4258042226188998,300.5644084414416,15.687794135908742,443151.63145127776,1.2,7065.720000000172
11.769999999999794,2269.5119633012023,383969.5970386931,383969.5970386931,11.507818001051874,0.42578692518362066,300.5629739494954,15.687794135908742,443152.5054695839,1.2,7064.190000000172
11.779999999999793,2269.2419240066342,383913.78522873577,383913.78522873577,11.507224561739319,0.42576958222059424,300.5615356302586,15.687794135908742,443153.38177997596,1.2,7062.660000000173
11.789999999999793,2268.971917404901,383857.9774608603,383857.9774608603,11.506631083964372,0.4257521936560903,300.560093477205,15.687794135908742,443154.2603861126,1.2,7061.130000000173
11.799999999999793,2268.7019434245053,383802.1737333696,383802.1737333696,11.506037567710047,0.4257347594160581,300.55864748377974,15.687794135908742,443155.1412916689,1.2,7059.600000000173
11.809999999999793,2268.4320019941924,383746.3740445694,383746.3740445694,11.505444012959387,0.42571727942671184,300.55719764344803,15.687794135908742,443156.0245003061,1.2,7058.070000000173
11.819999999999792,2268.1620930429503,383690.578392766,383690.578392766,11.50485041969543,0.42569975361389606,300.55574394964225,15.687794135908742,443156.9100157041,1.2,7056.540000000174
11.829999999999792,2267.892216500008,383634.7867762681,383634.7867762681,11.504256787901236,0.4256821819039651,300.5542863958351,15.687794135908742,443157.79784151603,1.2,7055.010000000174
11.839999999999792,2267.6223722948353,383578.99919338565,383578.99919338565,11.503663117559865,0.42566456422285553,300.5528249754626,15.687794135908742,443158.6879814165,1.2,7053.480000000174
11.849999999999792,2267.3525603571393,383523.2156424306,383523.2156424306,11.503069408654394,0.4256469004967198,300.5513596819766,15.687794135908742,443159.58043906844,1.2,7051.950000000174
11.859999999999792,2267.0827806168654,383467.43612171634,383467.43612171634,11.502475661167912,0.42562919065217103,300.54989050886513,15.687794135908742,443160.47521811136,1.2,7050.420000000175
11.869999999999791,2266.8130330041963,383411.66062955774,383411.66062955774,11.501881875083518,0.4256114346161376,300.5484174496402,15.687794135908742,443161.37232216843,1.2,7048.890000000175
11.879999999999791,2266.5433174495497,383355.88916427153,383355.88916427153,11.50128805038431,0.42559363231581215,300.54694049783393,15.687794135908742,443162.27175484935,1.2,7047.360000000175
11.889999999999791,2266.273633883577,383300.1217241762,383300.1217241762,11.500694187053412,0.4255757836779207,300.54545964693745,15.687794135908742,443163.1735197868,1.2,7045.8300000001755
11.89999999999979,2266.0039822371637,383244.3583075914,383244.3583075914,11.50010028507395,0.425557888629554,300.5439748904701,15.687794135908742,443164.0776205948,1.2,7044.300000000176
11.90999999999979,2265.734362441427,383188.5989128387,383188.5989128387,11.499506344429063,0.42553994709767645,300.54248622193876,15.687794135908742,443164.98406089353,1.2,7042.770000000176
11.91999999999979,2265.464774427716,383132.84353824117,383132.84353824117,11.498912365101896,0.425521959009226,300.54099363484596,15.687794135908742,443165.8928443041,1.2,7041.240000000176
11.92999999999979,2265.195218127608,383077.09218212345,383077.09218212345,11.498318347075607,0.4255039242912598,300.5394971227021,15.687794135908742,443166.803974441,1.2,7039.7100000001765
11.93999999999979,2264.9256934729106,383021.3448428118,383021.3448428118,11.497724290333363,0.4254858428706138,300.537996678997,15.687794135908742,443167.7174549301,1.2,7038.180000000177
11.94999999999979,2264.656200395659,382965.60151863407,382965.60151863407,11.497130194858343,0.4254677146743887,300.53649229724044,15.687794135908742,443168.63328938326,1.2,7036.650000000177
11.95999999999979,2264.3867388281155,382909.8622079194,382909.8622079194,11.49653606063373,0.4254495396294636,300.5349839709217,15.687794135908742,443169.55148142297,1.2,7035.120000000177
11.96999999999979,2264.117308702767,382854.12690899894,382854.12690899894,11.495941887642724,0.4254313176629844,300.53347169355,15.687794135908742,443170.4720346585,1.2,7033.5900000001775
11.979999999999789,2263.847909952325,382798.39562020503,382798.39562020503,11.495347675868526,0.42541304870280044,300.53195545869096,15.687794135908742,443171.3949526625,1.2,7032.060000000178
11.989999999999789,2263.578542509727,382742.6683398716,382742.6683398716,11.494753425294359,0.42539473267639394,300.53043525987755,15.687794135908742,443172.32023902645,1.2,7030.530000000178
11.999999999999789,2263.309206308131,382686.9450663344,382686.9450663344,11.494159135903445,0.4253763695118059,300.52891109068685,15.687794135908742,443173.2478973131,1.2,7029.000000000178
12.009999999999788,2263.0399012809153,382631.22579793,382631.22579793,11.493564807679014,0.4253579591368061,300.52738294467156,15.687794135908742,443174.1779310983,1.2,7027.4700000001785
12.019999999999788,2262.770627361682,382575.51053299743,382575.51053299743,11.49297044060431,0.42533950147918725,300.5258508153839,15.687794135908742,443175.11034395674,1.2,7025.940000000179
12.029999999999788,2262.50138448425,382519.79926987627,382519.79926987627,11.492376034662596,0.42532099646686156,300.524314696384,15.687794135908742,443176.0451394566,1.2,7024.410000000179
12.039999999999788,2262.232172582658,382464.0920069083,382464.0920069083,11.491781589837121,0.4253024440274227,300.52277458120346,15.687794135908742,443176.9823211816,1.2,7022.880000000179
12.049999999999788,2261.9629915911623,382408.38874243665,382408.38874243665,11.491187106111163,0.425283844089023,300.52123046341785,15.687794135908742,443177.9218926875,1.2,7021.3500000001795
12.059999999999787,2261.6938414442347,382352.6894748056,382352.6894748056,11.490592583468002,0.4252651965794473,300.5196823365703,15.687794135908742,443178.8638575475,1.2,7019.82000000018
12.069999999999787,2261.424722076563,382296.9942023611,382296.9942023611,11.489998021890928,0.4252465014263079,300.5181301941874,15.687794135908742,443179.80821934395,1.2,7018.29000000018
12.079999999999787,2261.155633423049,382241.30292345054,382241.30292345054,11.489403421363239,0.42522775855763045,300.5165740298278,15.687794135908742,443180.75498163706,1.2,7016.76000000018
12.089999999999787,2260.8865754188096,382185.6156364231,382185.6156364231,11.488808781868237,0.42520896790155993,300.51501383705784,15.687794135908742,443181.70414798154,1.2,7015.230000000181
12.099999999999786,2260.6175479991716,382129.93233962875,382129.93233962875,11.488214103389243,0.4251901293866551,300.5134496094762,15.687794135908742,443182.65572191036,1.2,7013.700000000181
12.109999999999786,2260.348551099676,382074.2530314195,382074.2530314195,11.487619385909584,0.42517124294144765,300.511881340677,15.687794135908742,443183.6097069579,1.2,7012.170000000181
12.119999999999786,2260.0795846560723,382018.5777101485,382018.5777101485,11.487024629412586,0.42515230849463886,300.51030902426635,15.687794135908742,443184.5661066489,1.2,7010.640000000181
12.129999999999786,2259.8106486043207,381962.9063741704,381962.9063741704,11.486429833881594,0.4251333259748073,300.5087326538378,15.687794135908742,443185.5249245148,1.2,7009.110000000182
12.139999999999786,2259.54174288059,381907.23902184103,381907.23902184103,11.48583499929996,0.4251142953107486,300.50715222300084,15.687794135908742,443186.48616407526,1.2,7007.580000000182
12.149999999999785,2259.2728674212563,381851.57565151807,381851.57565151807,11.485240125651046,0.4250952164309892,300.50556772534037,15.687794135908742,443187.4498288633,1.2,7006.050000000182
12.159999999999785,2259.004022162903,381795.91626156046,381795.91626156046,11.484645212918213,0.4250760892641283,300.5039791544451,15.687794135908742,443188.41592240776,1.2,7004.520000000182
12.169999999999785,2258.7352070423185,381740.2608503282,381740.2608503282,11.484050261084837,0.42505691373903065,300.5023865039237,15.687794135908742,443189.38444822404,1.2,7002.990000000183
12.179999999999785,2258.4664219964966,381684.6094161831,381684.6094161831,11.483455270134305,0.42503768978429257,300.50078976735995,15.687794135908742,443190.35540984024,1.2,7001.460000000183
12.189999999999785,2258.1976669626356,381628.9619574881,381628.9619574881,11.482860240050012,0.42501841732858253,300.49918893834183,15.687794135908742,443191.32881078107,1.2,6999.930000000183
12.199999999999784,2257.928941878136,381573.31847260764,381573.31847260764,11.482265170815351,0.42499909630064037,300.4975840104607,15.687794135908742,443192.3046545668,1.2,6998.400000000183
12.209999999999784,2257.6602466806003,381517.67895990756,381517.67895990756,11.481670062413738,0.42497972662952327,300.4959749773321,15.687794135908742,443193.2829447017,1.2,6996.870000000184
12.219999999999784,2257.391581307833,381462.0434177549,381462.0434177549,11.481074914828584,0.4249603082446027,300.4943618325954,15.687794135908742,443194.2636846733,1.2,6995.340000000184
12.229999999999784,2257.122945697838,381406.41184451815,381406.41184451815,11.480479728043319,0.4249408410753229,300.492744569894,15.687794135908742,443195.2468779655,1.2,6993.810000000184
12.239999999999783,2256.8543397888197,381350.7842385672,381350.7842385672,11.479884502041372,0.424921325051103,300.4911231828666,15.687794135908742,443196.2325280632,1.2,6992.280000000184
12.249999999999783,2256.5857635191805,381295.1605982733,381295.1605982733,11.479289236806185,0.4249017601013373,300.48949766514767,15.687794135908742,443197.220638452,1.2,6990.750000000185
12.259999999999783,2256.3172168275196,381239.5409220088,381239.5409220088,11.478693932321205,0.4248821461554923,300.48786801037556,15.687794135908742,443198.2112126132,1.2,6989.220000000185
12.269999999999783,2256.048699652634,381183.9252081476,381183.9252081476,11.47809858856989,0.4248624831429121,300.486234212176,15.687794135908742,443199.2042540343,1.2,6987.690000000185
12.279999999999783,2255.780211933516,381128.31345506484,381128.31345506484,11.477503205535704,0.42484277099335394,300.48459626420686,15.687794135908742,443200.19976618164,1.2,6986.160000000185
12.289999999999782,2255.511753609353,381072.7056611369,381072.7056611369,11.476907783202117,0.424823009635918,300.4829541600689,15.687794135908742,443201.1977525542,1.2,6984.630000000186
12.299999999999782,2255.243324619527,381017.1018247418,381017.1018247418,11.476312321552607,0.424803199000361,300.4813078934156,15.687794135908742,443202.1982166174,1.2,6983.100000000186
12.309999999999782,2254.9749249036117,380961.5019442584,380961.5019442584,11.475716820570668,0.4247833390160734,300.4796574578671,15.687794135908742,443203.2011618549,1.2,6981.570000000186
12.319999999999782,2254.7065544013753,380905.9060180673,380905.9060180673,11.475121280239788,0.42476342961276337,300.4780028470681,15.687794135908742,443204.2065917339,1.2,6980.040000000186
12.329999999999782,2254.438213052776,380850.3140445497,380850.3140445497,11.474525700543465,0.42474347072021157,300.4763440546668,15.687794135908742,443205.21450971765,1.2,6978.510000000187
12.339999999999781,2254.169900797963,380794.726022089,380794.726022089,11.473930081465216,0.42472346226861163,300.4746810743434,15.687794135908742,443206.22491924796,1.2,6976.980000000187
12.349999999999781,2253.901617577275,380739.1419490691,380739.1419490691,11.473334422988557,0.4247034041881334,300.4730138997737,15.687794135908742,443207.2378237678,1.2,6975.450000000187
12.359999999999781,2253.6333633312406,380683.5618238756,380683.5618238756,11.472738725097006,0.4246832964088737,300.47134252462547,15.687794135908742,443208.2532267231,1.2,6973.920000000187
12.36999999999978,2253.365138000576,380627.98564489523,380627.98564489523,11.472142987774095,0.42466313886105095,300.4696669425737,15.687794135908742,443209.27113155357,1.2,6972.390000000188
12.37999999999978,2253.0969415261843,380572.4134105159,380572.4134105159,11.471547211003367,0.4246429314748589,300.46798714728953,15.687794135908742,443210.2915416996,1.2,6970.860000000188
12.38999999999978,2252.828773849156,380516.84511912696,380516.84511912696,11.470951394768365,0.4246226741806142,300.4663031324515,15.687794135908742,443211.3144605954,1.2,6969.330000000188
12.39999999999978,2252.560634910766,380461.2807691188,380461.2807691188,11.470355539052639,0.4246023669083163,300.4646148917098,15.687794135908742,443212.33989169006,1.2,6967.800000000188
12.40999999999978,2252.2925246524755,380405.72035888303,380405.72035888303,11.46975964383975,0.42458200958833003,300.46292241874227,15.687794135908742,443213.3678384147,1.2,6966.270000000189
12.41999999999978,2252.0244430159287,380350.1638868127,380350.1638868127,11.469163709113262,0.42456160215104605,300.4612257072268,15.687794135908742,443214.39830419805,1.2,6964.740000000189
12.42999999999978,2251.7563899429533,380294.6113513022,380294.6113513022,11.468567734856753,0.42454114452648833,300.4595247508083,15.687794135908742,443215.4312924874,1.2,6963.210000000189
12.43999999999978,2251.488365375559,380239.0627507463,380239.0627507463,11.467971721053798,0.42452063664524387,300.45781954317613,15.687794135908742,443216.4668067012,1.2,6961.6800000001895
12.449999999999779,2251.2203692559383,380183.51808354224,380183.51808354224,11.467375667687985,0.4245000784380194,300.45611007802717,15.687794135908742,443217.50485025137,1.2,6960.15000000019
12.459999999999779,2250.952401526463,380127.97734808753,380127.97734808753,11.46677957474291,0.4244794698354508,300.45439634905006,15.687794135908742,443218.545426553,1.2,6958.62000000019
12.469999999999779,2250.684462129686,380072.4405427809,380072.4405427809,11.466183442202171,0.4244588107686361,300.45267834996946,15.687794135908742,443219.5885389976,1.2,6957.09000000019
12.479999999999778,2250.416551008339,380016.90766602306,380016.90766602306,11.465587270049378,0.4244381011682122,300.4509560744693,15.687794135908742,443220.63419099944,1.2,6955.5600000001905
12.489999999999778,2250.148668105332,379961.3787162146,379961.3787162146,11.464991058268135,0.4244173409651816,300.4492295162614,15.687794135908742,443221.68238595413,1.2,6954.030000000191
12.499999999999778,2249.880813363753,379905.85369175894,379905.85369175894,11.464394806842071,0.42439653009057193,300.4474986690574,15.687794135908742,443222.73312725534,1.2,6952.500000000191
12.509999999999778,2249.6129867268673,379850.3325910592,379850.3325910592,11.463798515754814,0.4243756684750957,300.4457635265402,15.687794135908742,443223.78641831264,1.2,6950.970000000191
12.519999999999778,2249.3451881381156,379794.81541252026,379794.81541252026,11.463202184989987,0.42435475604978234,300.44402408241655,15.687794135908742,443224.8422625189,1.2,6949.4400000001915
12.529999999999777,2249.077417541114,379739.30215454847,379739.30215454847,11.462605814531237,0.4243337927456373,300.44228033038905,15.687794135908742,443225.90066326805,1.2,6947.910000000192
12.539999999999777,2248.8096748796534,379683.79281555075,379683.79281555075,11.462009404362208,0.42431277849354704,300.44053226414763,15.687794135908742,443226.96162395936,1.2,6946.380000000192
12.549999999999777,2248.541960097699,379628.28739393555,379628.28739393555,11.461412954466551,0.42429171322456855,300.43877987739415,15.687794135908742,443228.0251479835,1.2,6944.850000000192
12.559999999999777,2248.2742731393887,379572.7858881127,379572.7858881127,11.460816464827925,0.42427059686988183,300.4370231638382,15.687794135908742,443229.0912387242,1.2,6943.3200000001925
12.569999999999776,2248.0066139490323,379517.288296492,379517.288296492,11.460219935429992,0.4242494293608387,300.43526211720115,15.687794135908742,443230.15989955625,1.2,6941.790000000193
12.579999999999776,2247.7389824711117,379461.79461748595,379461.79461748595,11.459623366256425,0.4242282106290597,300.4334967312243,15.687794135908742,443231.23113384034,1.2,6940.260000000193
12.589999999999776,2247.4713786502803,379406.3048495072,379406.3048495072,11.459026757290902,0.42420694060585046,300.43172699962025,15.687794135908742,443232.3049449531,1.2,6938.730000000193
12.599999999999776,2247.20380243136,379350.8189909696,379350.8189909696,11.4584301085171,0.4241856192228344,300.4299529161256,15.687794135908742,443233.38133625424,1.2,6937.2000000001935
12.609999999999776,2246.936253759344,379295.33704028855,379295.33704028855,11.45783341991871,0.4241642464115149,300.42817447446447,15.687794135908742,443234.4603111094,1.2,6935.670000000194
12.619999999999775,2246.668732579393,379239.8589958798,379239.8589958798,11.457236691479428,0.42414282210356713,300.4263916683728,15.687794135908742,443235.5418728751,1.2,6934.140000000194
12.629999999999775,2246.4012388368355,379184.3848561612,379184.3848561612,11.456639923182953,0.42412134623035197,300.4246044915577,15.687794135908742,443236.62602492335,1.2,6932.610000000194
12.639999999999775,2246.1337724771683,379128.9146195509,379128.9146195509,11.456043115012994,0.4240998187237424,300.4228129377667,15.687794135908742,443237.71277059976,1.2,6931.080000000195
12.649999999999775,2245.8663334460534,379073.44828446844,379073.44828446844,11.455446266953256,0.42407823951524887,300.4210170007143,15.687794135908742,443238.80211326794,1.2,6929.550000000195
12.659999999999775,2245.59892168932,379017.98584933433,379017.98584933433,11.454849378987465,0.4240566085365534,300.4192166741271,15.687794135908742,443239.8940562827,1.2,6928.020000000195
12.669999999999774,2245.3315371529616,378962.52731257037,378962.52731257037,11.45425245109934,0.42403492571912066,300.4174119517108,15.687794135908742,443240.98860300897,1.2,6926.490000000195
12.679999999999774,2245.0641797831354,378907.07267259946,378907.07267259946,11.453655483272609,0.42401319099512425,300.4156028272277,15.687794135908742,443242.0857567759,1.2,6924.960000000196
12.689999999999774,2244.796849526164,378851.62192784523,378851.62192784523,11.453058475491005,0.42399140429656806,300.4137892944234,15.687794135908742,443243.1855209206,1.2,6923.430000000196
12.699999999999774,2244.529546328532,378796.1750767326,378796.1750767326,11.452461427738276,0.4239695655552398,300.41197134702304,15.687794135908742,443244.28789879056,1.2,6921.900000000196
12.709999999999773,2244.262270136886,378740.73211768776,378740.73211768776,11.451864339998165,0.42394767470348865,300.41014897879586,15.687794135908742,443245.392893705,1.2,6920.370000000196
12.719999999999773,2243.995020898035,378685.29304913717,378685.29304913717,11.451267212254418,0.4239257316733986,300.4083221834865,15.687794135908742,443246.50050899555,1.2,6918.840000000197
12.729999999999773,2243.727798558949,378629.85786950943,378629.85786950943,11.450670044490797,0.42390373639698237,300.40649095483116,15.687794135908742,443247.6107479974,1.2,6917.310000000197
12.739999999999773,2243.460603066757,378574.4265772334,378574.4265772334,11.450072836691062,0.4238816888065724,300.40465528658984,15.687794135908742,443248.723614029,1.2,6915.780000000197
12.749999999999773,2243.1934343687485,378518.99917073915,378518.99917073915,11.449475588838984,0.4238595888343319,300.4028151725063,15.687794135908742,443249.8391104172,1.2,6914.250000000197
12.759999999999772,2242.9262924123727,378463.5756484581,378463.5756484581,11.448878300918327,0.4238374364123549,300.4009706063155,15.687794135908742,443250.9572404917,1.2,6912.720000000198
12.769999999999772,2242.6591771452354,378408.15600882214,378408.15600882214,11.448280972912878,0.4238152314730043,300.39912158177265,15.687794135908742,443252.0780075682,1.2,6911.190000000198
12.779999999999772,2242.392088515101,378352.7402502647,378352.7402502647,11.447683604806413,0.4237929739485254,300.39726809262015,15.687794135908742,443253.2014149683,1.2,6909.660000000198
12.789999999999772,2242.125026469891,378297.32837121974,378297.32837121974,11.447086196582726,0.4237706637712869,300.3954101326082,15.687794135908742,443254.3274660063,1.2,6908.130000000198
12.799999999999772,2241.8579909576824,378241.92037012294,378241.92037012294,11.44648874822561,0.423748300873733,300.393547695491,15.687794135908742,443255.45616399305,1.2,6906.600000000199
12.809999999999771,2241.5909819267076,378186.51624541025,378186.51624541025,11.44589125971886,0.42372588518828663,300.3916807750179,15.687794135908742,443256.58751223935,1.2,6905.070000000199
12.819999999999771,2241.3239993253555,378131.11599551904,378131.11599551904,11.445293731046279,0.42370341664773953,300.38980936496654,15.687794135908742,443257.72151403746,1.2,6903.540000000199
12.829999999999771,2241.0570431021674,378075.71961888747,378075.71961888747,11.444696162191681,0.42368089518451957,300.38793345908175,15.687794135908742,443258.85817269754,1.2,6902.010000000199
12.83999999999977,2240.7901132058396,378020.32711395493,378020.32711395493,11.444098553138874,0.4236583207315697,300.3860530511484,15.687794135908742,443259.9974915031,1.2,6900.4800000002
12.84999999999977,2240.523209585221,377964.9384791615,377964.9384791615,11.44350090387168,0.4236356932212765,300.3841681349025,15.687794135908742,443261.13947376545,1.2,6898.9500000002
12.85999999999977,2240.2563321893126,377909.55371294817,377909.55371294817,11.442903214373919,0.4236130125865396,300.38227870412015,15.687794135908742,443262.2841227696,1.2,6897.4200000002
12.86999999999977,2239.9894809672674,377854.17281375773,377854.17281375773,11.442305484629424,0.4235902787600923,300.38038475256093,15.687794135908742,443263.4314418084,1.2,6895.8900000002
12.87999999999977,2239.722655868389,377798.79578003276,377798.79578003276,11.441707714622021,0.4235674916745987,300.378486273976,15.687794135908742,443264.58143417834,1.2,6894.360000000201
12.88999999999977,2239.4558568421335,377743.4226102178,377743.4226102178,11.441109904335551,0.42354465126304097,300.37658326214034,15.687794135908742,443265.7341031586,1.2,6892.830000000201
12.89999999999977,2239.1890838381037,377688.0533027578,377688.0533027578,11.440512053753856,0.42352175745794435,300.3746757107881,15.687794135908742,443266.88945205166,1.2,6891.300000000201
12.90999999999977,2238.9223368060534,377632.68785609864,377632.68785609864,11.439914162860786,0.42349881019258995,300.3727636137139,15.687794135908742,443268.04748412105,1.2,6889.770000000201
12.919999999999769,2238.6556156958854,377577.32626868744,377577.32626868744,11.439316231640188,0.4234758093996553,300.3708469646592,15.687794135908742,443269.20820266043,1.2,6888.240000000202
12.929999999999769,2238.3889204576503,377521.9685389721,377521.9685389721,11.438718260075918,0.42345275501228324,300.36892575740177,15.687794135908742,443270.3716109398,1.2,6886.710000000202
12.939999999999769,2238.1222510415446,377466.6146654015,377466.6146654015,11.438120248151836,0.4234296469634989,300.3669999857066,15.687794135908742,443271.53771223413,1.2,6885.180000000202
12.949999999999768,2237.855607397914,377411.26464642567,377411.26464642567,11.437522195851816,0.42340648518640417,300.36506964334257,15.687794135908742,443272.7065098149,1.2,6883.650000000202
12.959999999999768,2237.588989477248,377355.91848049505,377355.91848049505,11.436924103159715,0.4233832696141773,300.3631347240821,15.687794135908742,443273.8780069484,1.2,6882.120000000203
12.969999999999768,2237.3223972301835,377300.57616606145,377300.57616606145,11.436325970059412,0.4233600001799763,300.3611952216932,15.687794135908742,443275.0522069023,1.2,6880.590000000203
12.979999999999768,2237.0558306075013,377245.2377015775,377245.2377015775,11.435727796534785,0.4233366768169882,300.3592511299437,15.687794135908742,443276.22911294195,1.2,6879.060000000203
12.989999999999768,2236.789289560127,377189.9030854967,377189.9030854967,11.43512958256972,0.4233132994583783,300.3573024425967,15.687794135908742,443277.4087283333,1.2,6877.5300000002035
12.999999999999767,2236.5227740391306,377134.5723162736,377134.5723162736,11.4345313281481,0.4232898680375359,300.3553491534314,15.687794135908742,443278.5910563311,1.2,6876.000000000204
13.009999999999767,2236.256283995724,377079.2453923632,377079.2453923632,11.433933033253814,0.4232663824875382,300.35339125619817,15.687794135908742,443279.77610020473,1.2,6874.470000000204
13.019999999999767,2235.989819381262,377023.9223122222,377023.9223122222,11.43333469787076,0.42324284274187973,300.35142874467937,15.687794135908742,443280.96386320255,1.2,6872.940000000204
13.029999999999767,2235.7233801472426,376968.60307430744,376968.60307430744,11.432736321982842,0.4232192487338895,300.3494616126408,15.687794135908742,443282.1543485806,1.2,6871.4100000002045
13.039999999999766,2235.456966245304,376913.2876770769,376913.2876770769,11.432137905573953,0.4231956003970219,300.347489853856,15.687794135908742,443283.34755958826,1.2,6869.880000000205
13.049999999999766,2235.1905776272265,376857.9761189901,376857.9761189901,11.43153944862801,0.42317189766446933,300.34551346207394,15.687794135908742,443284.54349948774,1.2,6868.350000000205
13.059999999999766,2234.924214244929,376802.6683985062,376802.6683985062,11.430940951128921,0.42314814046993793,300.3435324310835,15.687794135908742,443285.7421715149,1.2,6866.820000000205
13.069999999999766,2234.657876050471,376747.36451409076,376747.36451409076,11.430342413060641,0.4231243287467748,300.34154675464094,15.687794135908742,443286.94357892324,1.2,6865.2900000002055
13.079999999999766,2234.391562996052,376692.0644643994,376692.0644643994,11.429743834408738,0.4231004624287443,300.3395564265344,15.687794135908742,443288.1477249446,1.2,6863.760000000206
13.089999999999765,2234.12526617715,376636.8847690202,376636.8847690202,11.429145215160858,0.42307654144915385,300.3375614405113,15.687794135908742,443289.3546128337,1.2,6862.230000000206
13.099999999999765,2233.85896967715,376581.7310977753,376581.7310977753,11.428546555304784,0.4230525657418268,300.3355617903592,15.687794135908742,443290.5642458187,1.2,6860.700000000206
13.109999999999765,2233.59267317715,376526.58135415404,376526.58135415404,11.4279478548283,0.42302853524017753,300.3335574698285,15.687794135908742,443291.776627148,1.2,6859.1700000002065
13.119999999999765,2233.32637667715,376471.4355371556,376471.4355371556,11.42734911371917,0.4230044498780381,300.3315484727021,15.687794135908742,443292.99176004814,1.2,6857.640000000207
13.129999999999765,2233.06008017715,376416.2936457795,376416.2936457795,11.426750331965165,0.42298030958902777,300.3295347927418,15.687794135908742,443294.20964775654,1.2,6856.110000000207
13.139999999999764,2232.7937836771503,376361.15567902423,376361.15567902423,11.426151509554046,0.4229561143068918,300.32751642371744,15.687794135908742,443295.4302935033,1.2,6854.580000000207
13.149999999999764,2232.5274871771503,376306.02163588896,376306.02163588896,11.425552646473578,0.42293186396540516,300.3254933593983,15.687794135908742,443296.6537005171,1.2,6853.050000000208
13.159999999999764,2232.2611906771504,376250.89151537244,376250.89151537244,11.424953742711507,0.4229075584982754,300.32346559354534,15.687794135908742,443297.87987202895,1.2,6851.520000000208
13.169999999999764,2231.9948941771504,376195.76531647285,376195.76531647285,11.424354798255582,0.4228831978392393,300.3214331199189,15.687794135908742,443299.1088112684,1.2,6849.990000000208
13.179999999999763,2231.7285976771504,376140.64303818875,376140.64303818875,11.42375581309355,0.42285878192220877,300.31939593229123,15.687794135908742,443300.3405214556,1.2,6848.460000000208
13.189999999999763,2231.4623011771505,376085.52467951877,376085.52467951877,11.42315678721315,0.4228343106808845,300.317354024414,15.687794135908742,443301.575005821,1.2,6846.930000000209
13.199999999999763,2231.1960046771505,376030.4102394605,376030.4102394605,11.422557720602109,0.4228097840491883,300.31530739005444,15.687794135908742,443302.81226758304,1.2,6845.400000000209
13.209999999999763,2230.9297081771506,375975.2997170119,375975.2997170119,11.421958613248162,0.42278520196092884,300.3132560229676,15.687794135908742,443304.05230996595,1.2,6843.870000000209
13.219999999999763,2230.6634116771506,375920.1931111712,375920.1931111712,11.421359465139028,0.42276056435018544,300.311199916928,15.687794135908742,443305.29513617954,1.2,6842.340000000209
13.229999999999762,2230.3971151771507,375865.0904209356,375865.0904209356,11.420760276262433,0.4227358711507779,300.3091390656857,15.687794135908742,443306.5407494464,1.2,6840.81000000021
13.239999999999762,2230.1308186771507,375809.99164530257,375809.99164530257,11.420161046606083,0.4227111222967983,300.3070734630106,15.687794135908742,443307.7891529747,1.2,6839.28000000021
13.249999999999762,2229.864522177151,375754.89678326977,375754.89678326977,11.419561776157687,0.42268631772222276,300.30500310266007,15.687794135908742,443309.04034997843,1.2,6837.75000000021
13.259999999999762,2229.598225677151,375699.80583383417,375699.80583383417,11.418962464904952,0.42266145736125166,300.30292797840707,15.687794135908742,443310.29434365936,1.2,6836.22000000021
13.269999999999762,2229.331929177151,375644.71879599267,375644.71879599267,11.41836311283558,0.422636541147729,300.300848083992,15.687794135908742,443311.55113723705,1.2,6834.690000000211
13.279999999999761,2229.065632677151,375589.6356687424,375589.6356687424,11.417763719937259,0.4226115690158184,300.2987634131791,15.687794135908742,443312.8107339145,1.2,6833.160000000211
13.289999999999761,2228.799336177151,375534.55645108,375534.55645108,11.417164286197682,0.422586540899279,300.2966739596957,15.687794135908742,443314.0731369144,1.2,6831.630000000211
13.299999999999761,2228.533039677151,375479.48114200187,375479.48114200187,11.416564811604529,0.42256145673248136,300.2945797173174,15.687794135908742,443315.3383494284,1.2,6830.100000000211
13.30999999999976,2228.266743177151,375424.40974050475,375424.40974050475,11.415965296145485,0.42253631644934175,300.29248067977875,15.687794135908742,443316.6063746705,1.2,6828.570000000212
13.31999999999976,2228.000446677151,375369.3422455846,375369.3422455846,11.41536573980822,0.4225111199838571,300.29037684081817,15.687794135908742,443317.87721585017,1.2,6827.040000000212
13.32999999999976,2227.734150177151,375314.27865623764,375314.27865623764,11.414766142580403,0.4224858672702474,300.28826819418975,15.687794135908742,443319.1508761652,1.2,6825.510000000212
13.33999999999976,2227.467853677151,375259.2189714599,375259.2189714599,11.414166504449698,0.42246055824271583,300.2861547336431,15.687794135908742,443320.42735881376,1.2,6823.980000000212
13.34999999999976,2227.2015571771512,375204.1631902469,375204.1631902469,11.413566825403771,0.4224351928355445,300.2840364529315,15.687794135908742,443321.70666698937,1.2,6822.450000000213
13.35999999999976,2226.9352606771513,375149.1113115948,375149.1113115948,11.412967105430267,0.42240977098280524,300.2819133457876,15.687794135908742,443322.98880389606,1.2,6820.920000000213
13.36999999999976,2226.6689641771513,375094.0633344987,375094.0633344987,11.412367344516841,0.42238429261898724,300.279785405976,15.687794135908742,443324.2737727162,1.2,6819.390000000213
13.37999999999976,2226.4026676771514,375039.019257954,375039.019257954,11.411767542651138,0.42235875767832104,300.2776526272366,15.687794135908742,443325.5615766445,1.2,6817.860000000213
13.389999999999759,2226.1363711771514,374983.979080956,374983.979080956,11.411167699820792,0.42233316609506766,300.27551500330895,15.687794135908742,443326.8522188741,1.2,6816.330000000214
13.399999999999759,2225.8700746771515,374928.94280249963,374928.94280249963,11.410567816013444,0.4223075178035206,300.27337252793205,15.687794135908742,443328.1457025956,1.2,6814.800000000214
13.409999999999759,2225.6037781771515,374873.9104215799,374873.9104215799,11.409967891216716,0.4222818127378092,300.27122519482845,15.687794135908742,443329.44203100755,1.2,6813.270000000214
13.419999999999758,2225.3374816771516,374818.8819371915,374818.8819371915,11.40936792541824,0.4222560508322412,300.2690729977323,15.687794135908742,443330.74120729935,1.2,6811.740000000214
13.429999999999758,2225.0711851771516,374763.85734832886,374763.85734832886,11.408767918605633,0.422230232021058,300.2669159303693,15.687794135908742,443332.0432346628,1.2,6810.210000000215
13.439999999999758,2224.8048886771517,374708.83665398665,374708.83665398665,11.40816787076651,0.422204356238678,300.2647539864768,15.687794135908742,443333.3481162805,1.2,6808.680000000215
13.449999999999758,2224.5385921771517,374653.819853159,374653.819853159,11.407567781888478,0.42217842341955214,300.26258715979196,15.687794135908742,443334.6558553331,1.2,6807.150000000215
13.459999999999757,2224.2722956771518,374598.80694483995,374598.80694483995,11.406967651959143,0.4221524334978713,300.26041544402693,15.687794135908742,443335.96645501343,1.2,6805.620000000215
13.469999999999757,2224.005999177152,374543.7979280237,374543.7979280237,11.406367480966107,0.42212638640829536,300.2582388329301,15.687794135908742,443337.2799184909,1.2,6804.090000000216
13.479999999999757,2223.739702677152,374488.7928017041,374488.7928017041,11.405767268896959,0.4221002820852246,300.25605732022495,15.687794135908742,443338.5962489467,1.2,6802.560000000216
13.489999999999757,2223.473406177152,374433.7915648743,374433.7915648743,11.405167015739293,0.42207412046328513,300.253870899651,15.687794135908742,443339.91544955084,1.2,6801.030000000216
13.499999999999757,2223.207109677152,374378.79421652824,374378.79421652824,11.404566721480693,0.4220479014768937,300.25167956492686,15.687794135908742,443341.23752348305,1.2,6799.5000000002165
13.509999999999756,2222.940813177152,374323.8007556593,374323.8007556593,11.403966386108738,0.42202162506069185,300.24948330978697,15.687794135908742,443342.5624739113,1.2,6797.970000000217
13.519999999999756,2222.674516677152,374268.81118126033,374268.81118126033,11.403366009611002,0.42199529114901446,300.2472821279371,15.687794135908742,443343.8903040185,1.2,6796.440000000217
13.529999999999756,2222.408220177152,374213.825492325,374213.825492325,11.402765591975058,0.42196889967642315,300.2450760130987,15.687794135908742,443345.221016976,1.2,6794.910000000217
13.539999999999756,2222.141923677152,374158.84368784545,374158.84368784545,11.402165133188465,0.42194245057741436,300.2428649589846,15.687794135908742,443346.5546159573,1.2,6793.3800000002175
13.549999999999756,2221.875627177152,374103.86576681497,374103.86576681497,11.401564633238788,0.42191594378651726,300.2406489593075,15.687794135908742,443347.8911041344,1.2,6791.850000000218
13.559999999999755,2221.6093306771522,374048.89172822575,374048.89172822575,11.400964092113576,0.4218893792383906,300.2384280077875,15.687794135908742,443349.2304846719,1.2,6790.320000000218
13.569999999999755,2221.3430341771523,373993.92157107044,373993.92157107044,11.400363509800382,0.4218627568675318,300.23620209812805,15.687794135908742,443350.57276074216,1.2,6788.790000000218
13.579999999999755,2221.0767376771523,373938.9552943413,373938.9552943413,11.39976288628675,0.4218360766087127,300.23397122405265,15.687794135908742,443351.9179355032,1.2,6787.2600000002185
13.589999999999755,2220.8104411771524,373883.99289703043,373883.99289703043,11.399162221560221,0.42180933839678725,300.23173537928824,15.687794135908742,443353.26601210854,1.2,6785.730000000219
13.599999999999755,2220.5441446771524,373829.0343781297,373829.0343781297,11.398561515608327,0.42178254216620537,300.22949455752484,15.687794135908742,443354.6169937312,1.2,6784.200000000219
13.609999999999754,2220.2778481771525,373774.0797366311,373774.0797366311,11.3979607684186,0.4217556878519834,300.22724875249685,15.687794135908742,443355.9708835155,1.2,6782.670000000219
13.619999999999754,2220.0115516771525,373719.12897152605,373719.12897152605,11.397359979978559,0.4217287753888312,300.2249979579095,15.687794135908742,443357.32768462074,1.2,6781.1400000002195
13.629999999999754,2219.7452551771526,373664.18208180636,373664.18208180636,11.39675915027573,0.42170180471163726,300.2227421674801,15.687794135908742,443358.6874001965,1.2,6779.61000000022
13.639999999999754,2219.4789586771526,373609.23906646285,373609.23906646285,11.396158279297625,0.42167477575498385,300.2204813748969,15.687794135908742,443360.0500334075,1.2,6778.08000000022
13.649999999999753,2219.2126621771527,373554.29992448725,373554.29992448725,11.39555736703175,0.4216476884536321,300.21821557386,15.687794135908742,443361.41558740876,1.2,6776.55000000022
13.659999999999753,2218.9463656771527,373499.36465487035,373499.36465487035,11.39495641346561,0.42162054274237637,300.215944758069,15.687794135908742,443362.78406535333,1.2,6775.0200000002205
13.669999999999753,2218.6800691771527,373444.43325660296,373444.43325660296,11.394355418586713,0.421593338556044,300.2136689212231,15.687794135908742,443364.1554703918,1.2,6773.490000000221
13.679999999999753,2218.413772677153,373389.5057286761,373389.5057286761,11.393754382382541,0.4215660758294965,300.211388057021,15.687794135908742,443365.5298056728,1.2,6771.960000000221
13.689999999999753,2218.147476177153,373334.58207008,373334.58207008,11.39315330484059,0.4215387544978217,300.2091021591772,15.687794135908742,443366.9070743331,1.2,6770.430000000221
13.699999999999752,2217.881179677153,373279.66227980517,373279.66227980517,11.392552185948341,0.4215113744956582,300.2068112213653,15.687794135908742,443368.2872795313,1.2,6768.900000000222
13.709999999999752,2217.614883177153,373224.746356842,373224.746356842,11.39195102569328,0.42148393575820897,300.20451523730287,15.687794135908742,443369.67042439734,1.2,6767.370000000222
13.719999999999752,2217.348586677153,373169.8343001803,373169.8343001803,11.391349824062868,0.42145643822042217,300.20221420068293,15.687794135908742,443371.05651207326,1.2,6765.840000000222
13.729999999999752,2217.082290177153,373114.92610881035,373114.92610881035,11.390748581044583,0.4214288818174239,300.19990810520994,15.687794135908742,443372.445545692,1.2,6764.310000000222
13.739999999999752,2216.815993677153,373060.02178172173,373060.02178172173,11.390147296625889,0.42140126648432574,300.1975969445841,15.687794135908742,443373.83752838627,1.2,6762.780000000223
13.749999999999751,2216.549697177153,373005.12131790415,373005.12131790415,11.389545970794245,0.4213735921560802,300.19528071248885,15.687794135908742,443375.2324632965,1.2,6761.250000000223
13.759999999999751,2216.283400677153,372950.224716347,372950.224716347,11.3889446035371,0.42134585876762515,300.19295940260315,15.687794135908742,443376.6303535636,1.2,6759.720000000223
13.76999999999975,2216.017104177153,372895.3319760396,372895.3319760396,11.388343194841903,0.4213180662541264,300.1906330086217,15.687794135908742,443378.0312023158,1.2,6758.190000000223
13.77999999999975,2215.7508076771533,372840.4430959713,372840.4430959713,11.387741744696102,0.4212902145506868,300.1883015242306,15.687794135908742,443379.43501268484,1.2,6756.660000000224
13.78999999999975,2215.4845111771533,372785.558075131,372785.558075131,11.387140253087136,0.4212623035922985,300.18596494310344,15.687794135908742,443380.8417878069,1.2,6755.130000000224
13.79999999999975,2215.2182146771534,372730.6769125075,372730.6769125075,11.38653872000243,0.4212343333141822,300.18362325892946,15.687794135908742,443382.25153080636,1.2,6753.600000000224
13.80999999999975,2214.9519181771534,372675.7996070895,372675.7996070895,11.385937145429422,0.42120630365149525,300.1812764653894,15.687794135908742,443383.66424481035,1.2,6752.070000000224
13.81999999999975,2214.6856216771534,372620.92615786556,372620.92615786556,11.38533552935553,0.42117821453962423,300.1789245561797,15.687794135908742,443385.0799329335,1.2,6750.540000000225
13.82999999999975,2214.4193251771535,372566.05656382407,372566.05656382407,11.384733871768175,0.42115006591365045,300.1765675249681,15.687794135908742,443386.49859830615,1.2,6749.010000000225
13.83999999999975,2214.153028677153,372511.19082395313,372511.19082395313,11.384132172654766,0.42112185770907806,300.17420536545416,15.687794135908742,443387.9202440359,1.2,6747.480000000225
13.84999999999975,2213.8867321771536,372456.32893724117,372456.32893724117,11.383530432002717,0.42109358986115514,300.17183807131266,15.687794135908742,443389.3448732434,1.2,6745.950000000225
13.859999999999749,2213.6204356771536,372401.47090267565,372401.47090267565,11.382928649799423,0.42106526230540664,300.1694656362383,15.687794135908742,443390.7724890344,1.2,6744.420000000226
13.869999999999749,2213.3541391771537,372346.61671924486,372346.61671924486,11.382326826032292,0.42103687497705383,300.16708805389686,15.687794135908742,443392.2030945296,1.2,6742.890000000226
13.879999999999749,2213.0878426771537,372291.76638593577,372291.76638593577,11.381724960688706,0.42100842781140113,300.1647053179577,15.687794135908742,443393.6366928451,1.2,6741.360000000226
13.889999999999748,2212.821546177154,372236.9199017362,372236.9199017362,11.381123053756058,0.42097992074374013,300.1623174220858,15.687794135908742,443395.073287097,1.2,6739.830000000226
13.899999999999748,2212.555249677154,372182.07726563327,372182.07726563327,11.38052110522173,0.42095135370954234,300.15992435995753,15.687794135908742,443396.51288039173,1.2,6738.300000000227
13.909999999999748,2212.2889531771534,372127.23847661435,372127.23847661435,11.379919115073102,0.4209227266442663,300.1575261252451,15.687794135908742,443397.9554758359,1.2,6736.770000000227
13.919999999999748,2212.022656677154,372072.4035336663,372072.4035336663,11.379317083297542,0.42089403948326076,300.1551227116078,15.687794135908742,443399.4010765414,1.2,6735.240000000227
13.929999999999747,2211.756360177154,372017.57243577566,372017.57243577566,11.37871500988242,0.420865292162249,300.15271411273307,15.687794135908742,443400.8496856002,1.2,6733.710000000227
13.939999999999747,2211.490063677154,371962.7451819293,371962.7451819293,11.378112894815093,0.4208364846166019,300.1503003222752,15.687794135908742,443402.3013061219,1.2,6732.180000000228
13.949999999999747,2211.223767177154,371907.92177111394,371907.92177111394,11.377510738082929,0.4208076167819198,300.1478813339044,15.687794135908742,443403.75594120385,1.2,6730.650000000228
13.959999999999747,2210.957470677154,371853.1022023157,371853.1022023157,11.376908539673268,0.42077868859398415,300.14545714130253,15.687794135908742,443405.2135939339,1.2,6729.120000000228
13.969999999999747,2210.691174177154,371798.28647452075,371798.28647452075,11.37630629957346,0.42074969998837003,300.1430277381307,15.687794135908742,443406.67426740954,1.2,6727.590000000228
13.979999999999746,2210.4248776771537,371743.47458671517,371743.47458671517,11.375704017770852,0.42072065090078503,300.14059311805755,15.687794135908742,443408.1379647211,1.2,6726.060000000229
13.989999999999746,2210.158581177154,371688.6665378846,371688.6665378846,11.375101694252777,0.4206915412669721,300.13815327475135,15.687794135908742,443409.6046889568,1.2,6724.530000000229
13.999999999999746,2209.892284677154,371633.862327015,371633.862327015,11.374499329006564,0.42066237102256643,300.1357082018678,15.687794135908742,443411.0744432097,1.2,6723.000000000229
14.009999999999746,2209.6259881771543,371579.0619530921,371579.0619530921,11.373896922019544,0.4206331401030444,300.1332578930458,15.687794135908742,443412.5472305797,1.2,6721.470000000229
14.019999999999746,2209.3596916771544,371524.2654151009,371524.2654151009,11.37329447327903,0.4206038484443064,300.13080234195616,15.687794135908742,443414.0230541458,1.2,6719.94000000023
14.029999999999745,2209.0933951771544,371469.47271202673,371469.47271202673,11.372691982772348,0.42057449598204716,300.128341542249,15.687794135908742,443415.5019169963,1.2,6718.41000000023
14.039999999999745,2208.8270986771545,371414.6838428549,371414.6838428549,11.372089450486802,0.4205450826520457,300.1258754875781,15.687794135908742,443416.98382221465,1.2,6716.88000000023
14.049999999999745,2208.560802177154,371359.8988065701,371359.8988065701,11.371486876409698,0.42051560839016533,300.12340417160067,15.687794135908742,443418.46877287957,1.2,6715.3500000002305
14.059999999999745,2208.294505677154,371305.1176021572,371305.1176021572,11.37088426052834,0.42048607313235553,300.12092758797746,15.687794135908742,443419.95677206526,1.2,6713.820000000231
14.069999999999744,2208.028209177154,371250.34022860054,371250.34022860054,11.370281602830024,0.4204564768144562,300.11844573035677,15.687794135908742,443421.44782285014,1.2,6712.290000000231
14.079999999999744,2207.7619126771547,371195.566684885,371195.566684885,11.369678903302036,0.4204268193725376,300.1159585924024,15.687794135908742,443422.9419283012,1.2,6710.760000000231
14.089999999999744,2207.4956161771547,371140.7969699946,371140.7969699946,11.36907616193166,0.4203971007426096,300.11346616776973,15.687794135908742,443424.4390914876,1.2,6709.2300000002315
14.099999999999744,2207.2293196771548,371086.03108291345,371086.03108291345,11.368473378706181,0.4203673208607677,300.1109684501176,15.687794135908742,443425.9393154737,1.2,6707.700000000232
14.109999999999744,2206.963023177155,371031.2690226256,371031.2690226256,11.367870553612876,0.4203374796629027,300.1084654330841,15.687794135908742,443427.44260333356,1.2,6706.170000000232
14.119999999999743,2206.696726677155,370976.510788115,370976.510788115,11.367267686639007,0.4203075770849899,300.105957110311,15.687794135908742,443428.9489581366,1.2,6704.640000000232
14.129999999999743,2206.4304301771544,370921.75637836487,370921.75637836487,11.36666477777184,0.42027761306304257,300.10344347543946,15.687794135908742,443430.4583829496,1.2,6703.1100000002325
14.139999999999743,2206.1641336771545,370867.00579235906,370867.00579235906,11.366061826998637,0.42024758753325536,300.1009245221222,15.687794135908742,443431.97088082955,1.2,6701.580000000233
14.149999999999743,2205.8978371771545,370812.259029081,370812.259029081,11.36545883430665,0.420217500431522,300.09840024398335,15.687794135908742,443433.4864548486,1.2,6700.050000000233
14.159999999999743,2205.6315406771546,370757.5160875135,370757.5160875135,11.364855799683133,0.42018735169420895,300.09587063468274,15.687794135908742,443435.0051080538,1.2,6698.520000000233
14.169999999999742,2205.365244177155,370702.77696663974,370702.77696663974,11.364252723115323,0.4201571412573333,300.0933356878475,15.687794135908742,443436.52684350964,1.2,6696.9900000002335
14.179999999999742,2205.098947677155,370648.0416654427,370648.0416654427,11.36364960459046,0.42012686905728636,300.0907953971326,15.687794135908742,443438.0516642613,1.2,6695.460000000234
14.189999999999742,2204.832651177155,370593.3101829049,370593.3101829049,11.363046444095783,0.4200965350303545,300.0882497561801,15.687794135908742,443439.57957335847,1.2,6693.930000000234
14.199999999999742,2204.566354677155,370538.5825180089,370538.5825180089,11.362443241618513,0.42006613911281115,300.0856987586278,15.687794135908742,443441.11057385104,1.2,6692.400000000234
14.209999999999742,2204.300058177155,370483.85866973706,370483.85866973706,11.361839997145875,0.42003568124106516,300.0831423981211,15.687794135908742,443442.64466878143,1.2,6690.8700000002345
14.219999999999741,2204.033761677155,370429.13863707177,370429.13863707177,11.36123671066509,0.420005161351563,300.0805806683046,15.687794135908742,443444.1818611896,1.2,6689.340000000235
14.229999999999741,2203.767465177155,370374.42241899495,370374.42241899495,11.360633382163371,0.4199745793805957,300.07801356280646,15.687794135908742,443445.7221541229,1.2,6687.810000000235
14.23999999999974,2203.5011686771554,370319.7100144885,370319.7100144885,11.36003001162792,0.4199439352644923,300.0754410752543,15.687794135908742,443447.2655506262,1.2,6686.280000000235
14.24999999999974,2203.2348721771555,370265.0014225341,370265.0014225341,11.359426599045943,0.4199132289397158,300.07286319928323,15.687794135908742,443448.812053737,1.2,6684.750000000236
14.25999999999974,2202.9685756771555,370210.29664211354,370210.29664211354,11.358823144404639,0.4198824603426235,300.0702799285158,15.687794135908742,443450.3616664974,1.2,6683.220000000236
14.26999999999974,2202.702279177155,370155.5956722079,370155.5956722079,11.358219647691197,0.41985162940980314,300.06769125659014,15.687794135908742,443451.9143919377,1.2,6681.690000000236
14.27999999999974,2202.435982677155,370100.8985117989,370100.8985117989,11.3576161088928,0.4198207360775916,300.06509717711964,15.687794135908742,443453.47023309994,1.2,6680.160000000236
14.28999999999974,2202.169686177155,370046.20515986724,370046.20515986724,11.357012527996636,0.4197897802827501,300.0624976837496,15.687794135908742,443455.02919300424,1.2,6678.630000000237
14.29999999999974,2201.9033896771552,369991.51561539393,369991.51561539393,11.35640890498988,0.4197587619617402,300.05989277009644,15.687794135908742,443456.5912746854,1.2,6677.100000000237
14.30999999999974,2201.6370931771553,369936.82987735973,369936.82987735973,11.355805239859706,0.4197276810514484,300.0572824298084,15.687794135908742,443458.1564811564,1.2,6675.570000000237
14.31999999999974,2201.3707966771553,369882.14794474543,369882.14794474543,11.355201532593272,0.41969653748846214,300.05466665650505,15.687794135908742,443459.7248154442,1.2,6674.040000000237
14.329999999999739,2201.104500177156,369827.46981653146,369827.46981653146,11.354597783177741,0.41966533120950256,300.05204544381326,15.687794135908742,443461.2962805687,1.2,6672.510000000238
14.339999999999739,2200.8382036771554,369772.79549169785,369772.79549169785,11.353993991600271,0.4196340621515246,300.04941878537574,15.687794135908742,443462.87087953795,1.2,6670.980000000238
14.349999999999739,2200.5719071771555,369718.1249692251,369718.1249692251,11.353390157848015,0.4196027302510868,300.0467866747982,15.687794135908742,443464.4486153784,1.2,6669.450000000238
14.359999999999738,2200.3056106771555,369663.45824809297,369663.45824809297,11.352786281908111,0.419571335445027,300.0441491057062,15.687794135908742,443466.0294911028,1.2,6667.920000000238
14.369999999999738,2200.0393141771556,369608.79532728135,369608.79532728135,11.352182363767703,0.41953987766993417,300.0415060717002,15.687794135908742,443467.6135097352,1.2,6666.390000000239
14.379999999999738,2199.7730176771556,369554.1362057698,369554.1362057698,11.351578403413924,0.4195083568629181,300.03885756642103,15.687794135908742,443469.2006742732,1.2,6664.860000000239
14.389999999999738,2199.5067211771557,369499.4808825378,369499.4808825378,11.350974400833909,0.41947677296069336,300.03620358347206,15.687794135908742,443470.7909877335,1.2,6663.330000000239
14.399999999999737,2199.240424677156,369444.8293565649,369444.8293565649,11.350370356014775,0.4194451259000618,300.0335441164606,15.687794135908742,443472.3844531281,1.2,6661.800000000239
14.409999999999737,2198.9741281771558,369390.1816268299,369390.1816268299,11.349766268943638,0.4194134156181546,300.0308791590174,15.687794135908742,443473.9810734516,1.2,6660.27000000024
14.419999999999737,2198.707831677156,369335.53769231215,369335.53769231215,11.34916213960762,0.41938164205199796,300.0282087047609,15.687794135908742,443475.58085170336,1.2,6658.74000000024
14.429999999999737,2198.441535177156,369280.8975519904,369280.8975519904,11.34855796799383,0.41934980513870507,300.0255327473128,15.687794135908742,443477.1837908778,1.2,6657.21000000024
14.439999999999737,2198.175238677156,369226.26120484323,369226.26120484323,11.34795375408936,0.41931790481518694,300.0228512802741,15.687794135908742,443478.789893979,1.2,6655.68000000024
14.449999999999736,2197.908942177156,369171.6286498492,369171.6286498492,11.34734949788132,0.4192859410188302,300.02016429728167,15.687794135908742,443480.3991639862,1.2,6654.150000000241
14.459999999999736,2197.642645677156,369116.9998859869,369116.9998859869,11.346745199356796,0.41925391368677023,300.0174717919476,15.687794135908742,443482.0116038913,1.2,6652.620000000241
14.469999999999736,2197.376349177156,369062.3749122342,369062.3749122342,11.346140858502878,0.41922182275608616,300.0147737578754,15.687794135908742,443483.6272166879,1.2,6651.090000000241
14.479999999999736,2197.110052677156,369007.7537275692,369007.7537275692,11.345536475306647,0.4191896681639934,300.0120701886759,15.687794135908742,443485.2460053621,1.2,6649.560000000241
14.489999999999736,2196.843756177156,368953.13633097,368953.13633097,11.34493204975518,0.41915744984750714,300.0093610779395,15.687794135908742,443486.8679729101,1.2,6648.030000000242
14.499999999999735,2196.577459677156,368898.5227214141,368898.5227214141,11.344327581835547,0.41912516774397046,300.00664641927995,15.687794135908742,443488.4931223104,1.2,6646.500000000242
14.509999999999735,2196.3111631771562,368843.9128978791,368843.9128978791,11.34372307153482,0.4190928217907198,300.00392620630686,15.687794135908742,443490.1214565415,1.2,6644.970000000242
14.519999999999735,2196.0448666771563,368789.3068593424,368789.3068593424,11.343118518840054,0.4190604119250828,300.0012004326249,15.687794135908742,443491.75297858164,1.2,6643.440000000242
14.529999999999735,2195.7785701771563,368734.7046047812,368734.7046047812,11.342513923738306,0.4190279380843312,299.99846909183026,15.687794135908742,443493.3876914114,1.2,6641.910000000243
14.539999999999734,2195.5122736771564,368680.1061331727,368680.1061331727,11.341909286216627,0.41899540020601855,299.99573217753874,15.687794135908742,443495.0255979966,1.2,6640.380000000243
14.549999999999734,2195.2459771771564,368625.5114434937,368625.5114434937,11.341304606262067,0.4189627982275936,299.9929896833536,15.687794135908742,443496.66670130764,1.2,6638.850000000243
14.559999999999734,2194.9796806771565,368570.92053472094,368570.92053472094,11.34069988386166,0.4189301320865944,299.99024160288144,15.687794135908742,443498.31100430986,1.2,6637.320000000243
14.569999999999734,2194.7133841771565,368516.33340583096,368516.33340583096,11.340095119002441,0.418897401720744,299.98748792974055,15.687794135908742,443499.95850995835,1.2,6635.790000000244
14.579999999999734,2194.4470876771566,368461.7500558002,368461.7500558002,11.339490311671442,0.41886460706742035,299.9847286575163,15.687794135908742,443501.6092212257,1.2,6634.260000000244
14.589999999999733,2194.1807911771566,368407.17048360506,368407.17048360506,11.338885461855687,0.4188317480643802,299.9819637798218,15.687794135908742,443503.2631410642,1.2,6632.730000000244
14.599999999999733,2193.9144946771567,368352.5946882214,368352.5946882214,11.338280569542192,0.41879882464908375,299.97919329024126,15.687794135908742,443504.9202724409,1.2,6631.2000000002445
14.609999999999733,2193.6481981771567,368298.0226686252,368298.0226686252,11.337675634717973,0.41876583675912815,299.97641718236645,15.687794135908742,443506.5806183149,1.2,6629.670000000245
14.619999999999733,2193.3819016771567,368243.45442379237,368243.45442379237,11.33707065737004,0.41873278433220035,299.97363544979265,15.687794135908742,443508.2441816405,1.2,6628.140000000245
14.629999999999733,2193.115605177157,368188.88995269843,368188.88995269843,11.336465637485393,0.41869966730607583,299.97084808611856,15.687794135908742,443509.9109653669,1.2,6626.610000000245
14.639999999999732,2192.849308677157,368134.3292543189,368134.3292543189,11.335860575051031,0.418666485618476,299.9680550849344,15.687794135908742,443511.5809724451,1.2,6625.0800000002455
14.649999999999732,2192.583012177157,368079.77232762886,368079.77232762886,11.335255470053946,0.41863323920730783,299.96525643984177,15.687794135908742,443513.25420581683,1.2,6623.550000000246
14.659999999999732,2192.316715677157,368025.2191716035,368025.2191716035,11.334650322481123,0.41859992801027823,299.96245214442166,15.687794135908742,443514.9306684326,1.2,6622.020000000246
14.669999999999732,2192.050419177157,367970.66978521785,367970.66978521785,11.334045132319549,0.4185665519654255,299.95964219227864,15.687794135908742,443516.61036322586,1.2,6620.490000000246
14.679999999999731,2191.784122677157,367916.12416744675,367916.12416744675,11.333439899556197,0.4185331110108287,299.9568265770168,15.687794135908742,443518.2932931275,1.2,6618.9600000002465
14.689999999999731,2191.517826177157,367861.5823172646,367861.5823172646,11.332834624178037,0.41849960508436834,299.95400529221945,15.687794135908742,443519.9794610779,1.2,6617.430000000247
14.699999999999731,2191.251529677157,367807.04423364584,367807.04423364584,11.332229306172037,0.4184660341242069,299.95117833148953,15.687794135908742,443521.66887000203,1.2,6615.900000000247
14.70999999999973,2190.985233177157,367752.50991556526,367752.50991556526,11.331623945525159,0.41843239806826077,299.94834568840514,15.687794135908742,443523.36152283737,1.2,6614.370000000247
14.71999999999973,2190.718936677157,367697.9793619964,367697.9793619964,11.331018542224355,0.41839869685463155,299.945507356556,15.687794135908742,443525.05742251105,1.2,6612.8400000002475
14.72999999999973,2190.4526401771573,367643.4525719135,367643.4525719135,11.330413096256574,0.41836493042136735,299.942663329523,15.687794135908742,443526.75657195237,1.2,6611.310000000248
14.73999999999973,2190.1863436771573,367588.92954429035,367588.92954429035,11.329807607608764,0.41833109870650986,299.93981360088253,15.687794135908742,443528.45897409035,1.2,6609.780000000248
14.74999999999973,2189.9200471771574,367534.41027810046,367534.41027810046,11.329202076267865,0.4182972016483352,299.9369581642267,15.687794135908742,443530.1646318415,1.2,6608.250000000248
14.75999999999973,2189.6537506771574,367479.89477231767,367479.89477231767,11.328596502220808,0.41826323918501834,299.93409701313476,15.687794135908742,443531.8735481269,1.2,6606.720000000249
14.76999999999973,2189.3874541771575,367425.383025915,367425.383025915,11.327990885454522,0.4182292112549207,299.9312301411976,15.687794135908742,443533.5857258575,1.2,6605.190000000249
14.77999999999973,2189.1211576771575,367370.8750378655,367370.8750378655,11.327385225955931,0.4181951177963007,299.92835754199336,15.687794135908742,443535.30116794904,1.2,6603.660000000249
14.78999999999973,2188.8548611771575,367316.3708071424,367316.3708071424,11.326779523711952,0.41816095874750897,299.9254792091037,15.687794135908742,443537.0198773117,1.2,6602.130000000249
14.799999999999729,2188.5885646771576,367261.8703327182,367261.8703327182,11.3261737787095,0.418126734047082,299.9225951361218,15.687794135908742,443538.74185684614,1.2,6600.60000000025
14.809999999999729,2188.3222681771576,367207.37361356616,367207.37361356616,11.325567990935479,0.4180924436335034,299.9197053166322,15.687794135908742,443540.46710945445,1.2,6599.07000000025
14.819999999999729,2188.0559716771577,367152.8806486581,367152.8806486581,11.324962160376794,0.41805808744544276,299.91680974423105,15.687794135908742,443542.1956380291,1.2,6597.54000000025
14.829999999999728,2187.7896751771577,367098.39143696666,367098.39143696666,11.324356287020342,0.4180236654210367,299.9139084124652,15.687794135908742,443543.92744548863,1.2,6596.01000000025
14.839999999999728,2187.523378677158,367043.905977464,367043.905977464,11.323750370853007,0.41798917749904063,299.9110013149297,15.687794135908742,443545.66253472,1.2,6594.480000000251
14.849999999999728,2187.257082177158,366989.42426912196,366989.42426912196,11.323144411861682,0.41795462361786995,299.9080884451864,15.687794135908742,443547.4009086264,1.2,6592.950000000251
14.859999999999728,2186.990785677158,366934.9463109126,366934.9463109126,11.322538410033244,0.4179200037161253,299.9051697968089,15.687794135908742,443549.1425701012,1.2,6591.420000000251
14.869999999999727,2186.724489177158,366880.4721018075,366880.4721018075,11.321932365354575,0.41788531773259696,299.9022453633822,15.687794135908742,443550.8875220276,1.2,6589.890000000251
14.879999999999727,2186.458192677158,366826.0016407781,366826.0016407781,11.321326277812537,0.4178505656058284,299.8993151384666,15.687794135908742,443552.63576730056,1.2,6588.360000000252
14.889999999999727,2186.191896177158,366771.53492679563,366771.53492679563,11.320720147393992,0.4178157472747435,299.89637911564995,15.687794135908742,443554.3873087951,1.2,6586.830000000252
14.899999999999727,2185.925599677158,366717.0719588317,366717.0719588317,11.320113974085809,0.4177808626780215,299.8934372884955,15.687794135908742,443556.14214939834,1.2,6585.300000000252
14.909999999999727,2185.659303177158,366662.6127358569,366662.6127358569,11.319507757874836,0.41774591175457754,299.89048965058186,15.687794135908742,443557.9002919844,1.2,6583.770000000252
14.919999999999726,2185.393006677158,366608.15725684207,366608.15725684207,11.31890149874792,0.4177108944434176,299.8875361954911,15.687794135908742,443559.66173942236,1.2,6582.240000000253
14.929999999999726,2185.126710177158,366553.70552075806,366553.70552075806,11.318295196691905,0.4176758106835444,299.88457691680094,15.687794135908742,443561.4264945811,1.2,6580.710000000253
14.939999999999726,2184.8604136771582,366499.2575265755,366499.2575265755,11.31768885169363,0.41764066041385955,299.88161180807606,15.687794135908742,443563.1945603335,1.2,6579.180000000253
14.949999999999726,2184.5941171771583,366444.8132732643,366444.8132732643,11.31708246373993,0.41760544357330837,299.8786408628806,15.687794135908742,443564.96593955,1.2,6577.650000000253
14.959999999999726,2184.3278206771583,366390.37275979505,366390.37275979505,11.316476032817624,0.41757016010107323,299.8756640747944,15.687794135908742,443566.7406350881,1.2,6576.120000000254
14.969999999999725,2184.0615241771584,366335.9359851376,366335.9359851376,11.31586955891354,0.4175348099359947,299.8726814373641,15.687794135908742,443568.51864982216,1.2,6574.590000000254
14.979999999999725,2183.7952276771584,366281.5029482616,366281.5029482616,11.315263042014488,0.4174993930172479,299.86969294416036,15.687794135908742,443570.29998660873,1.2,6573.060000000254
14.989999999999725,2183.5289311771585,366227.0736481372,366227.0736481372,11.314656482107287,0.4174639092839058,299.86669858874075,15.687794135908742,443572.08464830933,1.2,6571.530000000254
14.999999999999725,2183.2626346771585,366172.6480837336,366172.6480837336,11.314049879178734,0.417428358675328,299.86369836468276,15.687794135908742,443573.8726377701,1.2,6570.000000000255
15.009999999999724,2182.9963381771586,366118.2262540201,366118.2262540201,11.313443233215631,0.41739274113072505,299.86069226554696,15.687794135908742,443575.6639578438,1.2,6568.470000000255
15.019999999999724,2182.7300416771586,366063.8081579662,366063.8081579662,11.312836544204773,0.4173570565893522,299.85768028489326,15.687794135908742,443577.4586113807,1.2,6566.940000000255
15.029999999999724,2182.4637451771587,366009.39379454043,366009.39379454043,11.312229812132953,0.4173213049906531,299.85466241629325,15.687794135908742,443579.25660122087,1.2,6565.410000000255
15.039999999999724,2182.1974486771587,365954.9831627121,365954.9831627121,11.31162303698695,0.41728548627402146,299.8516386533098,15.687794135908742,443581.0579302062,1.2,6563.880000000256
15.049999999999724,2181.9311521771588,365900.5762614493,365900.5762614493,11.31101621875354,0.41724960037903774,299.8486089895172,15.687794135908742,443582.8626011683,1.2,6562.350000000256
15.059999999999723,2181.664855677159,365846.1730897215,365846.1730897215,11.310409357419504,0.417213647245281,299.8455734184852,15.687794135908742,443584.6706169385,1.2,6560.820000000256
15.069999999999723,2181.398559177159,365791.773646496,365791.773646496,11.309802452971605,0.4171776268120377,299.84253193375446,15.687794135908742,443586.4819803621,1.2,6559.290000000256
15.079999999999723,2181.132262677159,365737.3779307417,365737.3779307417,11.3091955053966,0.41714153901892786,299.83948452888944,15.687794135908742,443588.2966942668,1.2,6557.760000000257
15.089999999999723,2180.865966177159,365682.98594142636,365682.98594142636,11.308588514681249,0.4171053838054734,299.8364311974419,15.687794135908742,443590.1147614849,1.2,6556.230000000257
15.099999999999723,2180.599669677159,365628.59767751774,365628.59767751774,11.307981480812305,0.4170691611113363,299.8333719329709,15.687794135908742,443591.93618484074,1.2,6554.700000000257
15.109999999999722,2180.333373177159,365574.21313798387,365574.21313798387,11.307374403776517,0.41703287087612856,299.8303067290269,15.687794135908742,443593.7609671605,1.2,6553.1700000002575
15.119999999999722,2180.067076677159,365519.83232179185,365519.83232179185,11.306767283560616,0.41699651303965124,299.8272355791719,15.687794135908742,443595.58911126055,1.2,6551.640000000258
15.129999999999722,2179.800780177159,365465.4552279094,365465.4552279094,11.306160120151343,0.41696008754165453,299.82415847695904,15.687794135908742,443597.4206199585,1.2,6550.110000000258
15.139999999999722,2179.534483677159,365411.0818553032,365411.0818553032,11.305552913535426,0.41692359432188697,299.821075415937,15.687794135908742,443599.2554960719,1.2,6548.580000000258
15.149999999999721,2179.2681871771592,365356.7122029408,365356.7122029408,11.30494566369959,0.416887033320382,299.81798638967405,15.687794135908742,443601.09374240314,1.2,6547.0500000002585
15.159999999999721,2179.0018906771593,365302.34626978886,365302.34626978886,11.30433837063055,0.41685040447717153,299.8148913917337,15.687794135908742,443602.93536175427,1.2,6545.520000000259
15.169999999999721,2178.7355941771593,365247.98405481386,365247.98405481386,11.303731034315023,0.416813707732284,299.81179041567475,15.687794135908742,443604.7803569262,1.2,6543.990000000259
15.17999999999972,2178.4692976771594,365193.62555698236,365193.62555698236,11.303123654739716,0.41677694302555535,299.80868345503535,15.687794135908742,443606.62873072963,1.2,6542.460000000259
15.18999999999972,2178.2030011771594,365139.27077526104,365139.27077526104,11.302516231891328,0.4167401102972978,299.8055705033892,15.687794135908742,443608.48048595013,1.2,6540.9300000002595
15.19999999999972,2177.9367046771595,365084.9197086156,365084.9197086156,11.30190876575656,0.4167032094873431,299.80245155426496,15.687794135908742,443610.33562539687,1.2,6539.40000000026
15.20999999999972,2177.6704081771595,365030.5723560126,365030.5723560126,11.3013012563221,0.4166662405359046,299.7993266012191,15.687794135908742,443612.19415185926,1.2,6537.87000000026
15.21999999999972,2177.4041116771596,364976.22871641733,364976.22871641733,11.300693703574636,0.41662920338304943,299.796195637791,15.687794135908742,443614.0560681333,1.2,6536.34000000026
15.22999999999972,2177.1378151771596,364921.8887887958,364921.8887887958,11.300086107500848,0.4165920979689879,299.7930586575278,15.687794135908742,443615.9213770071,1.2,6534.8100000002605
15.23999999999972,2176.8715186771597,364867.55257211335,364867.55257211335,11.299478468087408,0.4165549242340716,299.7899156539838,15.687794135908742,443617.79008126096,1.2,6533.280000000261
15.24999999999972,2176.6052221771597,364813.2200653353,364813.2200653353,11.298870785320988,0.4165176821186517,299.786766620709,15.687794135908742,443619.6621836748,1.2,6531.750000000261
15.25999999999972,2176.3389256771598,364758.89126742707,364758.89126742707,11.298263059188251,0.4164803715630777,299.7836115512484,15.687794135908742,443621.53768702754,1.2,6530.220000000261
15.269999999999719,2176.07262917716,364704.5661773533,364704.5661773533,11.297655289675859,0.4164429925078413,299.78045043915455,15.687794135908742,443623.4165940904,1.2,6528.6900000002615
15.279999999999719,2175.80633267716,364650.24479407887,364650.24479407887,11.297047476770459,0.4164055448933856,299.7772832779714,15.687794135908742,443625.2989076367,1.2,6527.160000000262
15.289999999999718,2175.54003617716,364595.9271165689,364595.9271165689,11.296439620458704,0.4163680286603439,299.77411006125413,15.687794135908742,443627.1846304289,1.2,6525.630000000262
15.299999999999718,2175.27373967716,364541.61314378737,364541.61314378737,11.295831720727232,0.4163304437494446,299.7709307825617,15.687794135908742,443629.0737652247,1.2,6524.100000000262
15.309999999999718,2175.00744317716,364487.3028746988,364487.3028746988,11.295223777562683,0.41629279010117537,299.7677454354278,15.687794135908742,443630.9663147926,1.2,6522.570000000263
15.319999999999718,2174.74114667716,364432.9963082674,364432.9963082674,11.294615790951685,0.4162550676560711,299.7645540133857,15.687794135908742,443632.8622818984,1.2,6521.040000000263
15.329999999999718,2174.47485017716,364378.6934434569,364378.6934434569,11.294007760880865,0.41621727635490546,299.761356509984,15.687794135908742,443634.761669295,1.2,6519.510000000263
15.339999999999717,2174.20855367716,364324.3942792315,364324.3942792315,11.293399687336843,0.4161794161382599,299.7581529187505,15.687794135908742,443636.6644797445,1.2,6517.980000000263
15.349999999999717,2173.94225717716,364270.09881455445,364270.09881455445,11.292791570306235,0.41614148694709885,299.7549432332409,15.687794135908742,443638.5707159887,1.2,6516.450000000264
15.359999999999717,2173.67596067716,364215.80704838963,364215.80704838963,11.292183409775648,0.4161034887221465,299.75172744698574,15.687794135908742,443640.4803807814,1.2,6514.920000000264
15.369999999999717,2173.4096641771603,364161.51897969993,364161.51897969993,11.291575205731684,0.41606542140427016,299.74850555352293,15.687794135908742,443642.3934768678,1.2,6513.390000000264
15.379999999999717,2173.1433676771603,364107.2346074488,364107.2346074488,11.290966958160945,0.41602728493452906,299.7452775464021,15.687794135908742,443644.3100069832,1.2,6511.860000000264
15.389999999999716,2172.8770711771604,364052.95393059915,364052.95393059915,11.290358667050025,0.4159890792540301,299.7420434191722,15.687794135908742,443646.22997385985,1.2,6510.330000000265
15.399999999999716,2172.6107746771604,363998.6769481136,363998.6769481136,11.289750332385504,0.4159508043036884,299.73880316536116,15.687794135908742,443648.1533802385,1.2,6508.800000000265
15.409999999999716,2172.3444781771605,363944.403658955,363944.403658955,11.289141954153969,0.4159124600247536,299.73555677852056,15.687794135908742,443650.080228843,1.2,6507.270000000265
15.419999999999716,2172.0781816771605,363890.1340620857,363890.1340620857,11.288533532341994,0.4158740463585251,299.7323042522015,15.687794135908742,443652.0105223935,1.2,6505.740000000265
15.429999999999715,2171.8118851771605,363835.868156468,363835.868156468,11.287925066936154,0.415835563246013,299.7290455799259,15.687794135908742,443653.9442636243,1.2,6504.210000000266
15.439999999999715,2171.5455886771606,363781.6059410641,363781.6059410641,11.287316557923006,0.415797010628373,299.7257807552231,15.687794135908742,443655.8814552613,1.2,6502.680000000266
15.449999999999715,2171.2792921771606,363727.34741483594,363727.34741483594,11.286708005289118,0.41575838844699947,299.72250977163816,15.687794135908742,443657.8221000184,1.2,6501.150000000266
15.459999999999715,2171.0129956771607,363673.09257674526,363673.09257674526,11.286099409021038,0.41571969664319197,299.7192326227031,15.687794135908742,443659.76620061276,1.2,6499.620000000266
15.469999999999715,2170.7466991771607,363618.8414257537,363618.8414257537,11.28549076910532,0.41568093515810745,299.7159493019332,15.687794135908742,443661.71375976864,1.2,6498.090000000267
15.479999999999714,2170.480402677161,363564.5939608224,363564.5939608224,11.284882085528496,0.4156421039335251,299.7126598028917,15.687794135908742,443663.66478017793,1.2,6496.560000000267
15.489999999999714,2170.214106177161,363510.3501809132,363510.3501809132,11.284273358277115,0.41560320291060276,299.70936411908446,15.687794135908742,443665.61926456296,1.2,6495.030000000267
15.499999999999714,2169.947809677161,363456.1100849869,363456.1100849869,11.283664587337704,0.4155642320310737,299.7060622440612,15.687794135908742,443667.5772156172,1.2,6493.500000000267
15.509999999999714,2169.681513177161,363401.8736720043,363401.8736720043,11.283055772696793,0.4155251912366247,299.7027541713628,15.687794135908742,443669.53863603453,1.2,6491.970000000268
15.519999999999714,2169.415216677161,363347.64094092627,363347.64094092627,11.282446914340898,0.4154860804688466,299.6994398945175,15.687794135908742,443671.5035285142,1.2,6490.440000000268
15.529999999999713,2169.148920177161,363293.4118907135,363293.4118907135,11.281838012256534,0.41544689966947584,299.6961194070609,15.687794135908742,443673.47189574636,1.2,6488.910000000268
15.539999999999713,2168.882623677161,363239.18652032636,363239.18652032636,11.281229066430214,0.41540764878039377,299.69279270253594,15.687794135908742,443675.44374041416,1.2,6487.380000000268
15.549999999999713,2168.616327177161,363184.9648287249,363184.9648287249,11.280620076848445,0.4153683277433389,299.6894597744688,15.687794135908742,443677.41906520614,1.2,6485.850000000269
15.559999999999713,2168.350030677161,363130.7468148695,363130.7468148695,11.280011043497716,0.4153289365001469,299.6861206163889,15.687794135908742,443679.39787280635,1.2,6484.320000000269
15.569999999999713,2168.083734177161,363076.53247772006,363076.53247772006,11.279401966364528,0.4152894749926067,299.682775221817,15.687794135908742,443681.3801658996,1.2,6482.790000000269
15.579999999999712,2167.8174376771613,363022.321816236,363022.321816236,11.278792845435365,0.41524994316265346,299.67942358428127,15.687794135908742,443683.36594716285,1.2,6481.260000000269
15.589999999999712,2167.5511411771613,362968.11482937704,362968.11482937704,11.278183680696714,0.4152103409523188,299.67606569731316,15.687794135908742,443685.35521926807,1.2,6479.73000000027
15.599999999999712,2167.2848446771613,362913.9115161028,362913.9115161028,11.277574472135042,0.4151706683035404,299.67270155443134,15.687794135908742,443687.34798489045,1.2,6478.20000000027
15.609999999999712,2167.0185481771614,362859.7118753721,362859.7118753721,11.276965219736828,0.41513092515854544,299.6693311491741,15.687794135908742,443689.34424669034,1.2,6476.67000000027
15.619999999999711,2166.7522516771614,362805.51590614434,362805.51590614434,11.276355923488534,0.41509111145937083,299.66595447505875,15.687794135908742,443691.34400733677,1.2,6475.14000000027
15.629999999999711,2166.4859551771615,362751.32360737806,362751.32360737806,11.275746583376622,0.4150512271483438,299.66257152562224,15.687794135908742,443693.34726948367,1.2,6473.610000000271
15.639999999999711,2166.2196586771615,362697.1349780324,362697.1349780324,11.275137199387542,0.41501127216788786,299.6591822944048,15.687794135908742,443695.354035779,1.2,6472.080000000271
15.64999999999971,2165.9533621771616,362642.95001706545,362642.95001706545,11.274527771507746,0.41497124646028594,299.6557867749297,15.687794135908742,443697.36430887773,1.2,6470.550000000271
15.65999999999971,2165.6870656771616,362588.7687234359,362588.7687234359,11.273918299723674,0.414931149967919,299.6523849607238,15.687794135908742,443699.37809142855,1.2,6469.0200000002715
15.66999999999971,2165.4207691771617,362534.5910961018,362534.5910961018,11.273308784021769,0.4148909826332661,299.6489768453172,15.687794135908742,443701.39538607467,1.2,6467.490000000272
15.67999999999971,2165.1544726771617,362480.4171340211,362480.4171340211,11.272699224388454,0.4148507443987127,299.64556242222704,15.687794135908742,443703.4161954634,1.2,6465.960000000272
15.68999999999971,2164.8881761771618,362426.24683615175,362426.24683615175,11.272089620810162,0.41481043520678995,299.642141684978,15.687794135908742,443705.4405222339,1.2,6464.430000000272
15.69999999999971,2164.621879677162,362372.08020145143,362372.08020145143,11.271479973273312,0.4147700549999851,299.63871462708596,15.687794135908742,443707.46836902696,1.2,6462.9000000002725
15.70999999999971,2164.355583177162,362317.91722887766,362317.91722887766,11.270870281764319,0.4147296037209308,299.63528124207414,15.687794135908742,443709.4997384752,1.2,6461.370000000273
15.71999999999971,2164.089286677162,362263.75791738764,362263.75791738764,11.27026054626959,0.4146890813122146,299.631841523457,15.687794135908742,443711.53463321243,1.2,6459.840000000273
15.729999999999709,2163.822990177162,362209.60226593865,362209.60226593865,11.26965076677553,0.4146484877167621,299.62839546477267,15.687794135908742,443713.5730558557,1.2,6458.310000000273
15.739999999999709,2163.556693677162,362155.4502734876,362155.4502734876,11.269040943268537,0.41460782287726233,299.62494305953413,15.687794135908742,443715.6150090322,1.2,6456.7800000002735
15.749999999999709,2163.290397177162,362101.3019389913,362101.3019389913,11.26843107573501,0.41456708673669534,299.62148430127405,15.687794135908742,443717.6604953544,1.2,6455.250000000274
15.759999999999708,2163.024100677162,362047.1572614066,362047.1572614066,11.267821164161326,0.41452627923794727,299.61801918351216,15.687794135908742,443719.70951743826,1.2,6453.720000000274
15.769999999999708,2162.757804177162,361993.0162396897,361993.0162396897,11.267211208533872,0.4144854003241002,299.6145476997798,15.687794135908742,443721.76207788987,1.2,6452.190000000274
15.779999999999708,2162.491507677162,361938.8788727969,361938.8788727969,11.266601208839022,0.4144444499380951,299.61106984359117,15.687794135908742,443723.8181793209,1.2,6450.6600000002745
15.789999999999708,2162.2252111771622,361884.7451596846,361884.7451596846,11.265991165063149,0.4144034280232116,299.6075856084842,15.687794135908742,443725.87782432575,1.2,6449.130000000275
15.799999999999708,2161.9589146771623,361830.61509930855,361830.61509930855,11.265381077192611,0.41436233452235005,299.6040949879597,15.687794135908742,443727.9410155168,1.2,6447.600000000275
15.809999999999707,2161.6926181771623,361776.4886906245,361776.4886906245,11.264770945213773,0.4143211693787021,299.60059797553777,15.687794135908742,443730.00775549136,1.2,6446.070000000275
15.819999999999707,2161.4263216771624,361722.36593258794,361722.36593258794,11.264160769112985,0.41427993253555817,299.59709456474224,15.687794135908742,443732.0780468411,1.2,6444.5400000002755
15.829999999999707,2161.1600251771624,361668.2468241546,361668.2468241546,11.263550548876598,0.4142386239359727,299.5935847490715,15.687794135908742,443734.15189216856,1.2,6443.010000000276
15.839999999999707,2160.8937286771625,361614.1313642795,361614.1313642795,11.26294028449095,0.41419724352329323,299.59006852204385,15.687794135908742,443736.2292940607,1.2,6441.480000000276
15.849999999999707,2160.6274321771625,361560.01955191785,361560.01955191785,11.262329975942377,0.41415579124120316,299.58654587720093,15.687794135908742,443738.31025508704,1.2,6439.950000000276
15.859999999999706,2160.3611356771626,361505.91138602444,361505.91138602444,11.261719623217214,0.41411426703296117,299.58301680804334,15.687794135908742,443740.3947778379,1.2,6438.420000000277
15.869999999999706,2160.0948391771626,361451.8068655542,361451.8068655542,11.261109226301784,0.414072670842213,299.57948130809916,15.687794135908742,443742.4828648831,1.2,6436.890000000277
15.879999999999706,2159.8285426771627,361397.7059894615,361397.7059894615,11.260498785182406,0.4140310026125119,299.5759393708837,15.687794135908742,443744.5745187964,1.2,6435.360000000277
15.889999999999706,2159.5622461771627,361343.60875670065,361343.60875670065,11.259888299845391,0.4139892622875122,299.57239098991556,15.687794135908742,443746.6697421459,1.2,6433.830000000277
15.899999999999705,2159.2959496771628,361289.51516622625,361289.51516622625,11.259277770277054,0.4139474498111582,299.568836158733,15.687794135908742,443748.7685374842,1.2,6432.300000000278
15.909999999999705,2159.0296531771623,361235.4252169919,361235.4252169919,11.258667196463692,0.4139055651269218,299.5652748708287,15.687794135908742,443750.870907387,1.2,6430.770000000278
15.919999999999705,2158.7633566771624,361181.3389079518,361181.3389079518,11.258056578391605,0.4138636081787572,299.56170711973147,15.687794135908742,443752.976854405,1.2,6429.240000000278
15.929999999999705,2158.497060177163,361127.25623805955,361127.25623805955,11.25744591604708,0.4138215789103848,299.5581328989447,15.687794135908742,443755.0863810997,1.2,6427.710000000278
15.939999999999705,2158.230763677163,361073.17720626853,361073.17720626853,11.256835209416407,0.41377947726571973,299.55455220198337,15.687794135908742,443757.1994900225,1.2,6426.180000000279
15.949999999999704,2157.964467177163,361019.10181153216,361019.10181153216,11.256224458485864,0.413737303188684,299.5509650223578,15.687794135908742,443759.3161837232,1.2,6424.650000000279
15.959999999999704,2157.698170677163,360965.03005280363,360965.03005280363,11.255613663241727,0.4136950566232507,299.54737135357726,15.687794135908742,443761.4364647486,1.2,6423.120000000279
15.969999999999704,2157.431874177163,360910.96192903584,360910.96192903584,11.255002823670255,0.4136527375136372,299.5437711891669,15.687794135908742,443763.56033563236,1.2,6421.590000000279
15.979999999999704,2157.165577677163,360856.89743918186,360856.89743918186,11.254391939757722,0.4136103458038283,299.5401645226265,15.687794135908742,443765.687798919,1.2,6420.06000000028
15.989999999999704,2156.8992811771627,360802.836582194,360802.836582194,11.253781011490382,0.41356788143824313,299.5365513474877,15.687794135908742,443767.8188571306,1.2,6418.53000000028
15.999999999999703,2156.632984677163,360748.77935702505,360748.77935702505,11.253170038854487,0.41352534436106725,299.5329316572571,15.687794135908742,443769.95351280033,1.2,6417.00000000028
16.009999999999703,2156.3666881771633,360694.7257626271,360694.7257626271,11.25255902183628,0.4134827345166831,299.52930544545256,15.687794135908742,443772.0917684503,1.2,6415.47000000028
16.019999999999705,2156.1003916771633,360640.67579795216,360640.67579795216,11.251947960422001,0.4134400518496218,299.5256727055995,15.687794135908742,443774.2336265949,1.2,6413.940000000281
16.029999999999706,2155.8340951771634,360586.62946195237,360586.62946195237,11.25133685459789,0.4133972963042289,299.5220334312022,15.687794135908742,443776.37908975646,1.2,6412.410000000281
16.039999999999708,2155.5677986771634,360532.58675357956,360532.58675357956,11.25072570435017,0.413354467825095,299.51838761578045,15.687794135908742,443778.52816044475,1.2,6410.880000000281
16.04999999999971,2155.3015021771635,360478.54767178517,360478.54767178517,11.250114509665062,0.4133115663565782,299.51473525282904,15.687794135908742,443780.6808411802,1.2,6409.350000000281
16.05999999999971,2155.035205677163,360424.51221552066,360424.51221552066,11.249503270528791,0.41326859184323206,299.51107633585394,15.687794135908742,443782.83713447297,1.2,6407.820000000282
16.069999999999713,2154.768909177163,360370.4803837374,360370.4803837374,11.248891986927564,0.4132255442299513,299.5074108583851,15.687794135908742,443784.99704281474,1.2,6406.290000000282
16.079999999999714,2154.502612677163,360316.4521753861,360316.4521753861,11.248280658847587,0.4131824234610646,299.50373881389856,15.687794135908742,443787.1605687256,1.2,6404.760000000282
16.089999999999716,2154.2363161771636,360262.4275894181,360262.4275894181,11.247669286275062,0.4131392294816221,299.5000601959267,15.687794135908742,443789.32771468774,1.2,6403.230000000282
16.099999999999717,2153.9700196771637,360208.40662478376,360208.40662478376,11.247057869196182,0.41309596223658446,299.49637499798894,15.687794135908742,443791.498483188,1.2,6401.700000000283
16.10999999999972,2153.7037231771637,360154.3892804338,360154.3892804338,11.246446407597135,0.4130526216707285,299.4926832135835,15.687794135908742,443793.67287672096,1.2,6400.170000000283
16.11999999999972,2153.437426677164,360100.37555531843,360100.37555531843,11.245834901464105,0.4130092077291234,299.4889848362284,15.687794135908742,443795.85089776607,1.2,6398.640000000283
16.129999999999722,2153.1711301771634,360046.3654483883,360046.3654483883,11.24522335078327,0.41296572035689283,299.48527985944065,15.687794135908742,443798.0325487994,1.2,6397.110000000283
16.139999999999723,2152.9048336771634,359992.35895859275,359992.35895859275,11.244611755540799,0.4129221594990724,299.4815682767245,15.687794135908742,443800.2178323003,1.2,6395.580000000284
16.149999999999725,2152.6385371771635,359938.356084882,359938.356084882,11.244000115722864,0.41287852510103695,299.47785008160764,15.687794135908742,443802.40675073065,1.2,6394.050000000284
16.159999999999727,2152.372240677164,359884.3568262058,359884.3568262058,11.24338843131562,0.4128348171077404,299.47412526757654,15.687794135908742,443804.59930657235,1.2,6392.520000000284
16.169999999999728,2152.105944177164,359830.3611815133,359830.3611815133,11.24277670230522,0.412791035464572,299.4703938281494,15.687794135908742,443806.7955022849,1.2,6390.990000000284
16.17999999999973,2151.839647677164,359776.3691497541,359776.3691497541,11.242164928677818,0.4127471801167859,299.4666557568272,15.687794135908742,443808.9953403339,1.2,6389.460000000285
16.18999999999973,2151.573351177164,359722.38072987716,359722.38072987716,11.241553110419552,0.41270325100969035,299.46291104711054,15.687794135908742,443811.1988231812,1.2,6387.930000000285
16.199999999999733,2151.3070546771637,359668.39592083154,359668.39592083154,11.240941247516563,0.4126592480888872,299.4591596925191,15.687794135908742,443813.40595327306,1.2,6386.400000000285
16.209999999999734,2151.0407581771638,359614.414721566,359614.414721566,11.240329339954979,0.4126151712998426,299.45540168655594,15.687794135908742,443815.6167330622,1.2,6384.8700000002855
16.219999999999736,2150.774461677164,359560.43713102903,359560.43713102903,11.239717387720926,0.4125710205880307,299.45163702271907,15.687794135908742,443817.8311649998,1.2,6383.340000000286
16.229999999999738,2150.508165177164,359506.4631481691,359506.4631481691,11.239105390800532,0.41252679589921815,299.44786569452606,15.687794135908742,443820.0492515216,1.2,6381.810000000286
16.23999999999974,2150.241868677164,359452.49277193454,359452.49277193454,11.238493349179901,0.4124824971791804,299.44408769548977,15.687794135908742,443822.27099506225,1.2,6380.280000000286
16.24999999999974,2149.9755721771644,359398.5260012732,359398.5260012732,11.237881262845145,0.41243812437379507,299.4403030191262,15.687794135908742,443824.4963980503,1.2,6378.7500000002865
16.259999999999742,2149.7092756771644,359344.5628351334,359344.5628351334,11.237269131782368,0.4123936774288519,299.4365116589384,15.687794135908742,443826.72546291817,1.2,6377.220000000287
16.269999999999744,2149.442979177164,359290.6032724625,359290.6032724625,11.236656955977667,0.41234915629034125,299.432713608441,15.687794135908742,443828.9581920872,1.2,6375.690000000287
16.279999999999745,2149.176682677164,359236.647312208,359236.647312208,11.236044735417133,0.4123045609041639,299.4289088611355,15.687794135908742,443831.1945879825,1.2,6374.160000000287
16.289999999999747,2148.910386177164,359182.6949533175,359182.6949533175,11.235432470086847,0.41225989121627804,299.42509741052265,15.687794135908742,443833.43465302547,1.2,6372.6300000002875
16.29999999999975,2148.644089677164,359128.746194738,359128.746194738,11.234820159972895,0.41221514717279156,299.42127925011056,15.687794135908742,443835.67838962935,1.2,6371.100000000288
16.30999999999975,2148.377793177164,359074.80103541666,359074.80103541666,11.23420780506135,0.41217032871982234,299.41745437340256,15.687794135908742,443837.92580020597,1.2,6369.570000000288
16.31999999999975,2148.1114966771647,359020.85947430023,359020.85947430023,11.233595405338276,0.41212543580354316,299.41362277390107,15.687794135908742,443840.17688716354,1.2,6368.040000000288
16.329999999999753,2147.8452001771648,358966.9215103354,358966.9215103354,11.23298296078974,0.41208046837018286,299.4097844451078,15.687794135908742,443842.4316529069,1.2,6366.5100000002885
16.339999999999755,2147.5789036771644,358912.9871424684,358912.9871424684,11.232370471401795,0.4120354263661703,299.40593938053587,15.687794135908742,443844.6900998297,1.2,6364.980000000289
16.349999999999756,2147.3126071771644,358859.0563696457,358859.0563696457,11.231757937160493,0.4119903097378943,299.4020875736894,15.687794135908742,443846.952230327,1.2,6363.450000000289
16.359999999999758,2147.0463106771645,358805.1291908135,358805.1291908135,11.231145358051881,0.4119451184319438,299.3982290180841,15.687794135908742,443849.2180467831,1.2,6361.920000000289
16.36999999999976,2146.7800141771645,358751.2056049176,358751.2056049176,11.230532734061994,0.4118998523948685,299.39436370722655,15.687794135908742,443851.4875515835,1.2,6360.39000000029
16.37999999999976,2146.5137176771645,358697.28561090387,358697.28561090387,11.229920065176866,0.4118545115732749,299.3904916346227,15.687794135908742,443853.7607471098,1.2,6358.86000000029
16.389999999999763,2146.2474211771646,358643.3692077179,358643.3692077179,11.229307351382532,0.4118090959138734,299.38661279378164,15.687794135908742,443856.0376357376,1.2,6357.33000000029
16.399999999999764,2145.9811246771646,358589.456394305,358589.456394305,11.228694592665004,0.4117636053634317,299.3827271782117,15.687794135908742,443858.3182198392,1.2,6355.80000000029
16.409999999999766,2145.714828177165,358535.5471696103,358535.5471696103,11.228081789010307,0.41171803986872624,299.3788347814164,15.687794135908742,443860.6025017851,1.2,6354.270000000291
16.419999999999767,2145.4485316771647,358481.641532579,358481.641532579,11.22746894040444,0.4116723993764483,299.3749355968863,15.687794135908742,443862.89048394957,1.2,6352.740000000291
16.42999999999977,2145.182235177165,358427.739482156,358427.739482156,11.22685604683342,0.4116266838335835,299.37102961813133,15.687794135908742,443865.18216869154,1.2,6351.210000000291
16.43999999999977,2144.915938677165,358373.8410172859,358373.8410172859,11.226243108283239,0.41158089318708013,299.36711683865263,15.687794135908742,443867.47755837056,1.2,6349.680000000291
16.449999999999772,2144.649642177165,358319.94613691303,358319.94613691303,11.225630124739888,0.41153502738403797,299.36319725195864,15.687794135908742,443869.77665533795,1.2,6348.150000000292
16.459999999999773,2144.383345677165,358266.054839982,358266.054839982,11.225017096189356,0.4114890863716145,299.35927085155697,15.687794135908742,443872.0794619414,1.2,6346.620000000292
16.469999999999775,2144.117049177165,358212.16712543706,358212.16712543706,11.224404022617628,0.41144307009688225,299.3553376309422,15.687794135908742,443874.3859805319,1.2,6345.090000000292
16.479999999999777,2143.8507526771655,358158.28299222176,358158.28299222176,11.223790904010674,0.4113969785072086,299.3513975836284,15.687794135908742,443876.6962134451,1.2,6343.560000000292
16.489999999999778,2143.584456177165,358104.4024392803,358104.4024392803,11.223177740354465,0.41135081154997094,299.34745070312493,15.687794135908742,443879.0101630149,1.2,6342.030000000293
16.49999999999978,2143.318159677165,358050.5254655559,358050.5254655559,11.222564531634966,0.411304569172747,299.34349698295244,15.687794135908742,443881.3278315648,1.2,6340.500000000293
16.50999999999978,2143.051863177165,357996.6520699924,357996.6520699924,11.221951277838134,0.41125825132283944,299.33953641660213,15.687794135908742,443883.64922143094,1.2,6338.970000000293
16.519999999999783,2142.785566677165,357942.7822515326,357942.7822515326,11.221337978949919,0.41121185794784737,299.33556899758514,15.687794135908742,443885.9743349341,1.2,6337.440000000293
16.529999999999784,2142.5192701771653,357888.9160091199,357888.9160091199,11.22072463495627,0.411165388995331,299.33159471940326,15.687794135908742,443888.3031743957,1.2,6335.910000000294
16.539999999999786,2142.2529736771653,357835.0533416972,357835.0533416972,11.220111245843125,0.4111188444128622,299.3276135755535,15.687794135908742,443890.63574213616,1.2,6334.380000000294
16.549999999999788,2141.9866771771653,357781.19424820715,357781.19424820715,11.219497811596424,0.41107222414811845,299.3236255595363,15.687794135908742,443892.9720404698,1.2,6332.850000000294
16.55999999999979,2141.7203806771654,357727.3387275922,357727.3387275922,11.218884332202087,0.4110255281489307,299.3196306648592,15.687794135908742,443895.3120717021,1.2,6331.320000000294
16.56999999999979,2141.4540841771654,357673.48677879485,357673.48677879485,11.218270807646045,0.41097875636313974,299.3156288850249,15.687794135908742,443897.65583813755,1.2,6329.790000000295
16.579999999999792,2141.1877876771655,357619.638400757,357619.638400757,11.217657237914208,0.4109319087386932,299.3116202135395,15.687794135908742,443900.00334207434,1.2,6328.260000000295
16.589999999999794,2140.9214911771655,357565.79359242093,357565.79359242093,11.217043622992493,0.41088498522359646,299.30760464390806,15.687794135908742,443902.3545858068,1.2,6326.730000000295
16.599999999999795,2140.6551946771656,357511.9523527284,357511.9523527284,11.216429962866801,0.4108379857659144,299.30358216963486,15.687794135908742,443904.70957162563,1.2,6325.200000000295
16.609999999999797,2140.3888981771656,357458.1146806209,357458.1146806209,11.215816257523036,0.4107909103139121,299.2995527842357,15.687794135908742,443907.06830181053,1.2,6323.670000000296
16.6199999999998,2140.1226016771657,357404.28057504,357404.28057504,11.215202506947083,0.4107437588158191,299.2955164812172,15.687794135908742,443909.4307786424,1.2,6322.140000000296
16.6299999999998,2139.8563051771657,357350.45003492694,357350.45003492694,11.21458871112484,0.4106965312199707,299.2914732540894,15.687794135908742,443911.7970043958,1.2,6320.610000000296
16.6399999999998,2139.5900086771658,357296.6230592227,357296.6230592227,11.213974870042183,0.41064922747457144,299.28742309634515,15.687794135908742,443914.16698135104,1.2,6319.080000000296
16.649999999999803,2139.323712177166,357242.7996468684,357242.7996468684,11.213360983684987,0.41060184752816964,299.28336600150095,15.687794135908742,443916.5407117702,1.2,6317.550000000297
16.659999999999805,2139.057415677166,357188.97979680455,357188.97979680455,11.212747052039122,0.4105543913290881,299.2793019630479,15.687794135908742,443918.91819792613,1.2,6316.020000000297
16.669999999999806,2138.791119177166,357135.1635079718,357135.1635079718,11.21213307509046,0.41050685882585103,299.27523097448864,15.687794135908742,443921.2994420807,1.2,6314.490000000297
16.679999999999808,2138.524822677166,357081.3507793107,357081.3507793107,11.211519052824848,0.41045924996709005,299.27115302932896,15.687794135908742,443923.6844464895,1.2,6312.960000000297
16.68999999999981,2138.258526177166,357027.5416097612,357027.5416097612,11.210904985228144,0.4104115647014954,299.2670681210738,15.687794135908742,443926.07321340416,1.2,6311.430000000298
16.69999999999981,2137.992229677166,356973.73599826335,356973.73599826335,11.210290872286194,0.41036380297786473,299.2629762432314,15.687794135908742,443928.4657450705,1.2,6309.900000000298
16.709999999999813,2137.725933177166,356919.9339437569,356919.9339437569,11.209676713984841,0.41031596474491183,299.2588773892968,15.687794135908742,443930.86204373726,1.2,6308.370000000298
16.719999999999814,2137.459636677166,356866.1354451815,356866.1354451815,11.209062510309916,0.41026804995174415,299.2547715527928,15.687794135908742,443933.26211163285,1.2,6306.8400000002985
16.729999999999816,2137.193340177166,356812.3405014769,356812.3405014769,11.20844826124725,0.4102200585472898,299.25065872722104,15.687794135908742,443935.6659509939,1.2,6305.310000000299
16.739999999999817,2136.9270436771662,356758.5491115821,356758.5491115821,11.207833966782662,0.41017199048063313,299.24653890609034,15.687794135908742,443938.07356404816,1.2,6303.780000000299
16.74999999999982,2136.6607471771663,356704.76127443626,356704.76127443626,11.207219626901974,0.41012384570096455,299.24241208291284,15.687794135908742,443940.48495301744,1.2,6302.250000000299
16.75999999999982,2136.3944506771663,356650.9769889783,356650.9769889783,11.206605241590994,0.4100756241574408,299.2382782511915,15.687794135908742,443942.9001201242,1.2,6300.7200000002995
16.769999999999822,2136.1281541771664,356597.1962541468,356597.1962541468,11.205990810835527,0.410027325799325,299.2341374044329,15.687794135908742,443945.31906758476,1.2,6299.1900000003
16.779999999999824,2135.8618576771664,356543.41906888044,356543.41906888044,11.205376334621372,0.4099789505758463,299.22998953613416,15.687794135908742,443947.7417976165,1.2,6297.6600000003
16.789999999999825,2135.5955611771665,356489.6454321176,356489.6454321176,11.204761812934327,0.4099304984363417,299.22583463979583,15.687794135908742,443950.1683124302,1.2,6296.1300000003
16.799999999999827,2135.3292646771665,356435.8753427966,356435.8753427966,11.204147245760176,0.40988196933035026,299.22167270892993,15.687794135908742,443952.5986142259,1.2,6294.6000000003005
16.809999999999828,2135.0629681771666,356382.10879985517,356382.10879985517,11.203532633084695,0.4098333632073297,299.2175037370352,15.687794135908742,443955.03270520706,1.2,6293.070000000301
16.81999999999983,2134.7966716771666,356328.3458022313,356328.3458022313,11.20291797489367,0.40978468001698826,299.213327717626,15.687794135908742,443957.4705875633,1.2,6291.540000000301
16.82999999999983,2134.5303751771667,356274.5863488627,356274.5863488627,11.202303271172868,0.40973591970895173,299.2091446442034,15.687794135908742,443959.9122634875,1.2,6290.010000000301
16.839999999999833,2134.2640786771667,356220.8304386864,356220.8304386864,11.201688521908046,0.4096870822330492,299.2049545102799,15.687794135908742,443962.35773516214,1.2,6288.4800000003015
16.849999999999834,2133.9977821771668,356167.07807064033,356167.07807064033,11.201073727084964,0.40963816753907645,299.20075730935906,15.687794135908742,443964.80700476986,1.2,6286.950000000302
16.859999999999836,2133.731485677167,356113.32924366085,356113.32924366085,11.200458886689377,0.40958917557703084,299.1965530349558,15.687794135908742,443967.2600744827,1.2,6285.420000000302
16.869999999999838,2133.465189177167,356059.5839566856,356059.5839566856,11.199844000707035,0.409540106297067,299.19234168059216,15.687794135908742,443969.7169464637,1.2,6283.890000000302
16.87999999999984,2133.198892677167,356005.8422086509,356005.8422086509,11.199229069123668,0.4094909596491158,299.188123239765,15.687794135908742,443972.17762288655,1.2,6282.3600000003025
16.88999999999984,2132.932596177167,355952.1039984932,355952.1039984932,11.198614091925016,0.40944173558316876,299.18389770597037,15.687794135908742,443974.642105921,1.2,6280.830000000303
16.899999999999842,2132.666299677167,355898.369325149,355898.369325149,11.197999069096804,0.4093924340496113,299.17966507273184,15.687794135908742,443977.1103977159,1.2,6279.300000000303
16.909999999999844,2132.400003177167,355844.6381875545,355844.6381875545,11.197384000624758,0.4093430549984632,299.17542533353543,15.687794135908742,443979.58250043786,1.2,6277.770000000303
16.919999999999845,2132.133706677167,355790.91058464587,355790.91058464587,11.19676888649459,0.40929359838027957,299.17117848190713,15.687794135908742,443982.05841622554,1.2,6276.240000000304
16.929999999999847,2131.867410177167,355737.18651535845,355737.18651535845,11.196153726692012,0.4092440641452037,299.16692451133133,15.687794135908742,443984.5381472379,1.2,6274.710000000304
16.93999999999985,2131.601113677167,355683.46597862826,355683.46597862826,11.195538521202726,0.4091944522439132,299.1626634153321,15.687794135908742,443987.0216956058,1.2,6273.180000000304
16.94999999999985,2131.334817177167,355629.7489733905,355629.7489733905,11.19492327001244,0.4091447626269118,299.15839518741234,15.687794135908742,443989.50906346785,1.2,6271.650000000304
16.95999999999985,2131.0685206771673,355576.03549858066,355576.03549858066,11.194307973106834,0.4090949952449063,299.15411982108645,15.687794135908742,443992.00025295204,1.2,6270.120000000305
16.969999999999853,2130.8022241771673,355522.3255531335,355522.3255531335,11.193692630471597,0.40904515004871334,299.1498373098717,15.687794135908742,443994.4952661798,1.2,6268.590000000305
16.979999999999855,2130.5359276771674,355468.61913598416,355468.61913598416,11.193077242092413,0.4089952269890215,299.1455476472686,15.687794135908742,443996.9941052782,1.2,6267.060000000305
16.989999999999856,2130.2696311771674,355414.9162460674,355414.9162460674,11.192461807954956,0.40894522601686595,299.1412508268008,15.687794135908742,443999.49677235575,1.2,6265.530000000305
16.999999999999858,2130.0033346771675,355361.2168823175,355361.2168823175,11.191846328044889,0.4088951470831065,299.1369468419708,15.687794135908742,444002.0032695292,1.2,6264.000000000306
17.00999999999986,2129.7370381771675,355307.52104366897,355307.52104366897,11.19123080234788,0.4088449901388088,299.1326356862927,15.687794135908742,444004.51359890425,1.2,6262.470000000306
17.01999999999986,2129.4707416771676,355253.82872905565,355253.82872905565,11.190615230849582,0.4087947551350049,299.12831735327126,15.687794135908742,444007.02776258695,1.2,6260.940000000306
17.029999999999863,2129.2044451771676,355200.13993741205,355200.13993741205,11.189999613535651,0.40874444202278964,299.12399183641054,15.687794135908742,444009.5457626797,1.2,6259.410000000306
17.039999999999864,2128.9381486771676,355146.4546676717,355146.4546676717,11.189383950391726,0.40869405075341547,299.11965912922165,15.687794135908742,444012.06760127604,1.2,6257.880000000307
17.049999999999866,2128.6718521771677,355092.772918768,355092.772918768,11.188768241403446,0.40864358127824363,299.1153192252191,15.687794135908742,444014.59328046296,1.2,6256.350000000307
17.059999999999867,2128.4055556771677,355039.0946896345,355039.0946896345,11.188152486556444,0.40859303354855825,299.1109721179041,15.687794135908742,444017.122802331,1.2,6254.820000000307
17.06999999999987,2128.139259177168,354985.4199792045,354985.4199792045,11.187536685836347,0.40854240751589305,299.1066178007934,15.687794135908742,444019.6561689567,1.2,6253.290000000307
17.07999999999987,2127.872962677168,354931.7487864109,354931.7487864109,11.186920839228774,0.408491703131846,299.1022562674027,15.687794135908742,444022.193382413,1.2,6251.760000000308
17.089999999999872,2127.606666177168,354878.08111018676,354878.08111018676,11.186304946719341,0.40844092034817253,299.09788751125507,15.687794135908742,444024.7344447637,1.2,6250.230000000308
17.099999999999874,2127.340369677168,354824.41694946453,354824.41694946453,11.185689008293652,0.40839005911631265,299.09351152584003,15.687794135908742,444027.2793580878,1.2,6248.700000000308
17.109999999999875,2127.074073177168,354770.756303177,354770.756303177,11.18507302393732,0.40833911938843104,299.0891283047032,15.687794135908742,444029.8281244269,1.2,6247.170000000308
17.119999999999877,2126.807776677168,354717.09917025606,354717.09917025606,11.184456993635928,0.40828810111623665,299.0847378413446,15.687794135908742,444032.3807458446,1.2,6245.640000000309
17.129999999999878,2126.541480177168,354663.4455496343,354663.4455496343,11.183840917375075,0.4082370042516427,299.0803401292753,15.687794135908742,444034.93722439377,1.2,6244.110000000309
17.13999999999988,2126.275183677168,354609.79544024327,354609.79544024327,11.18322479514034,0.408185828746673,299.07593516200996,15.687794135908742,444037.4975621202,1.2,6242.580000000309
17.14999999999988,2126.0088871771677,354556.1488410148,354556.1488410148,11.18260862691731,0.4081345745532739,299.0715229330497,15.687794135908742,444040.06176107307,1.2,6241.050000000309
17.159999999999883,2125.7425906771678,354502.50575088063,354502.50575088063,11.181992412691548,0.4080832416238328,299.06710343592755,15.687794135908742,444042.6298232788,1.2,6239.52000000031
17.169999999999884,2125.476294177168,354448.86616877187,354448.86616877187,11.181376152448621,0.40803182991032844,299.06267666413476,15.687794135908742,444045.20175078296,1.2,6237.99000000031
17.179999999999886,2125.209997677168,354395.23009361984,354395.23009361984,11.180759846174093,0.4079803393651812,299.0582426111943,15.687794135908742,444047.7775456081,1.2,6236.46000000031
17.189999999999888,2124.943701177168,354341.59752435563,354341.59752435563,11.180143493853517,0.40792876994078126,299.0538012706202,15.687794135908742,444050.3572097778,1.2,6234.93000000031
17.19999999999989,2124.677404677168,354287.9684599099,354287.9684599099,11.179527095472439,0.4078771215896766,299.0493526359336,15.687794135908742,444052.9407453068,1.2,6233.400000000311
17.20999999999989,2124.411108177168,354234.3428992134,354234.3428992134,11.178910651016405,0.4078253942645272,299.04489670065857,15.687794135908742,444055.5281542029,1.2,6231.870000000311
17.219999999999892,2124.144811677168,354180.7208411964,354180.7208411964,11.178294160470944,0.40777358791772644,299.0404334582902,15.687794135908742,444058.11943848676,1.2,6230.340000000311
17.229999999999894,2123.878515177168,354127.10228478955,354127.10228478955,11.177677623821596,0.40772170250234485,299.0359629023752,15.687794135908742,444060.71460014407,1.2,6228.810000000311
17.239999999999895,2123.612218677168,354073.4872289225,354073.4872289225,11.177061041053875,0.4076697379711878,299.0314850264312,15.687794135908742,444063.3136411731,1.2,6227.280000000312
17.249999999999897,2123.345922177168,354019.8756725252,354019.8756725252,11.176444412153304,0.4076176942768888,299.02699982395416,15.687794135908742,444065.9165635796,1.2,6225.750000000312
17.2599999999999,2123.079625677168,353966.26761452755,353966.26761452755,11.175827737105394,0.40756557137257077,299.0225072884761,15.687794135908742,444068.52336934407,1.2,6224.220000000312
17.2699999999999,2122.8133291771683,353912.6630538589,353912.6630538589,11.17521101589565,0.4075133692110902,299.01800741349945,15.687794135908742,444071.13406045927,1.2,6222.6900000003125
17.2799999999999,2122.5470326771683,353859.06198944873,353859.06198944873,11.174594248509573,0.40746108774560497,299.013500192546,15.687794135908742,444073.7486389025,1.2,6221.160000000313
17.289999999999903,2122.2807361771684,353805.46442022605,353805.46442022605,11.173977434932652,0.40740872692933744,299.00898561913675,15.687794135908742,444076.36710664624,1.2,6219.630000000313
17.299999999999905,2122.0144396771684,353751.8703451197,353751.8703451197,11.173360575150381,0.407356286715575,299.0044636867918,15.687794135908742,444078.98946565925,1.2,6218.100000000313
17.309999999999906,2121.7481431771685,353698.2797630587,353698.2797630587,11.172743669148238,0.40730376705766935,298.99993438903,15.687794135908742,444081.61571790604,1.2,6216.5700000003135
17.319999999999908,2121.4818466771685,353644.69267297146,353644.69267297146,11.172126716911697,0.40725116790889704,298.9953977193575,15.687794135908742,444084.24586535397,1.2,6215.040000000314
17.32999999999991,2121.2155501771686,353591.10907378636,353591.10907378636,11.171509718426227,0.4071984892229754,298.9908536713117,15.687794135908742,444086.8799099476,1.2,6213.510000000314
17.33999999999991,2120.9492536771686,353537.5289644317,353537.5289644317,11.170892673677294,0.40714573095359424,298.9863022384211,15.687794135908742,444089.5178536317,1.2,6211.980000000314
17.349999999999913,2120.6829571771686,353483.9523438355,353483.9523438355,11.170275582650355,0.40709289305441293,298.9817434142051,15.687794135908742,444092.159698352,1.2,6210.4500000003145
17.359999999999914,2120.4166606771682,353430.3792109254,353430.3792109254,11.169658445330855,0.40703997547915705,298.9771771921821,15.687794135908742,444094.80544604966,1.2,6208.920000000315
17.369999999999916,2120.1503641771687,353376.8095646294,353376.8095646294,11.169041261704246,0.4069869781817588,298.97260356588185,15.687794135908742,444097.45509865496,1.2,6207.390000000315
17.379999999999917,2119.884067677169,353323.2434038745,353323.2434038745,11.168424031755961,0.40693390111607497,298.9680225288209,15.687794135908742,444100.1086581006,1.2,6205.860000000315
17.38999999999992,2119.617771177169,353269.6807275883,353269.6807275883,11.167806755471439,0.40688074423612147,298.96343407452287,15.687794135908742,444102.76612631086,1.2,6204.3300000003155
17.39999999999992,2119.351474677169,353216.1215346976,353216.1215346976,11.167189432836102,0.4068275074958867,298.95883819650254,15.687794135908742,444105.4275052103,1.2,6202.800000000316
17.409999999999922,2119.085178177169,353162.5658241296,353162.5658241296,11.16657206383537,0.4067741908495182,298.95423488828175,15.687794135908742,444108.09279671445,1.2,6201.270000000316
17.419999999999924,2118.818881677169,353109.0135948106,353109.0135948106,11.165954648454658,0.4067207942512772,298.9496241433854,15.687794135908742,444110.76200273255,1.2,6199.740000000316
17.429999999999925,2118.5525851771686,353055.4648456677,353055.4648456677,11.165337186679375,0.40666731765563197,298.94500595534964,15.687794135908742,444113.43512516253,1.2,6198.2100000003165
17.439999999999927,2118.286288677169,353001.91957562667,353001.91957562667,11.164719678494922,0.4066137610168342,298.9403803176855,15.687794135908742,444116.1121659118,1.2,6196.680000000317
17.44999999999993,2118.019992177169,352948.37778361386,352948.37778361386,11.164102123886696,0.406560124289579,298.93574722393515,15.687794135908742,444118.79312686535,1.2,6195.150000000317
17.45999999999993,2117.753695677169,352894.83946855523,352894.83946855523,11.163484522840086,0.40650640742829774,298.93110666761186,15.687794135908742,444121.47800991987,1.2,6193.620000000317
17.46999999999993,2117.487399177169,352841.3046293766,352841.3046293766,11.162866875340477,0.40645261038791175,298.92645864226404,15.687794135908742,444124.1668169471,1.2,6192.090000000318
17.479999999999933,2117.2211026771693,352787.77326500334,352787.77326500334,11.162249181373243,0.4063987331230797,298.92180314141103,15.687794135908742,444126.85954983084,1.2,6190.560000000318
17.489999999999934,2116.9548061771693,352734.24537436094,352734.24537436094,11.161631440923756,0.4063447755886675,298.9171401585832,15.687794135908742,444129.5562104434,1.2,6189.030000000318
17.499999999999936,2116.6885096771693,352680.72095637454,352680.72095637454,11.161013653977385,0.4062907377395611,298.91246968730604,15.687794135908742,444132.2568006554,1.2,6187.500000000318
17.509999999999938,2116.422213177169,352627.2000099693,352627.2000099693,11.160395820519488,0.40623661953071294,298.907791721104,15.687794135908742,444134.9613223331,1.2,6185.970000000319
17.51999999999994,2116.155916677169,352573.68253406975,352573.68253406975,11.159777940535413,0.40618242091718926,298.9031062535045,15.687794135908742,444137.66977733624,1.2,6184.440000000319
17.52999999999994,2115.8896201771695,352520.1685276008,352520.1685276008,11.159160014010514,0.4061281418541703,298.89841327803833,15.687794135908742,444140.38216751785,1.2,6182.910000000319
17.539999999999942,2115.6233236771695,352466.65798948676,352466.65798948676,11.158542040930124,0.4060737822969506,298.8937127882392,15.687794135908742,444143.0984947246,1.2,6181.380000000319
17.549999999999944,2115.3570271771696,352413.1509186517,352413.1509186517,11.157924021279587,0.4060193422007503,298.88900477762763,15.687794135908742,444145.8187608055,1.2,6179.85000000032
17.559999999999945,2115.0907306771696,352359.6473140201,352359.6473140201,11.15730595504422,0.4059648215210921,298.8842892397436,15.687794135908742,444148.5429675938,1.2,6178.32000000032
17.569999999999947,2114.8244341771697,352306.1471745153,352306.1471745153,11.156687842209353,0.4059102202135193,298.879566168122,15.687794135908742,444151.27111692086,1.2,6176.79000000032
17.57999999999995,2114.5581376771693,352252.65049906133,352252.65049906133,11.1560696827603,0.4058555382335942,298.8748355562926,15.687794135908742,444154.003210616,1.2,6175.26000000032
17.58999999999995,2114.2918411771693,352199.1572865815,352199.1572865815,11.15545147668237,0.40580077553713584,298.8700973978007,15.687794135908742,444156.73925049475,1.2,6173.730000000321
17.59999999999995,2114.02554467717,352145.6675359994,352145.6675359994,11.154833223960868,0.4057459320797953,298.8653516861699,15.687794135908742,444159.4792383804,1.2,6172.200000000321
17.609999999999953,2113.75924817717,352092.18124623783,352092.18124623783,11.154214924581089,0.40569100781766737,298.86059841495575,15.687794135908742,444162.2231760727,1.2,6170.670000000321
17.619999999999955,2113.49295167717,352038.6984162197,352038.6984162197,11.153596578528326,0.4056360027064443,298.8558375776719,15.687794135908742,444164.97106539115,1.2,6169.140000000321
17.629999999999956,2113.22665517717,351985.2190448676,351985.2190448676,11.152978185787868,0.4055809167022151,298.8510691678595,15.687794135908742,444167.72290813393,1.2,6167.610000000322
17.639999999999958,2112.96035867717,351931.74313110457,351931.74313110457,11.152359746344983,0.405525749761043,298.84629317905075,15.687794135908742,444170.47870609985,1.2,6166.080000000322
17.64999999999996,2112.6940621771696,351878.2706738527,351878.2706738527,11.151741260184954,0.4054705018391059,298.8415096047807,15.687794135908742,444173.238461081,1.2,6164.550000000322
17.65999999999996,2112.4277656771696,351824.8016720339,351824.8016720339,11.151122727293043,0.4054151728926968,298.8367184385877,15.687794135908742,444176.002174863,1.2,6163.020000000322
17.669999999999963,2112.1614691771697,351771.3361245703,351771.3361245703,11.150504147654512,0.40535976287812964,298.8319196740048,15.687794135908742,444178.76984922925,1.2,6161.490000000323
17.679999999999964,2111.8951726771697,351717.8740303839,351717.8740303839,11.149885521254614,0.40530427175202194,298.8271133045846,15.687794135908742,444181.54148594703,1.2,6159.960000000323
17.689999999999966,2111.6288761771702,351664.415388396,351664.415388396,11.149266848078598,0.40524869947077746,298.8222993238542,15.687794135908742,444184.3170867935,1.2,6158.430000000323
17.699999999999967,2111.3625796771703,351610.96019752807,351610.96019752807,11.148648128111702,0.40519304599110256,298.8174777253601,15.687794135908742,444187.0966535297,1.2,6156.900000000323
17.70999999999997,2111.0962831771703,351557.5084567013,351557.5084567013,11.14802936133917,0.4051373112697736,298.81264850264773,15.687794135908742,444189.88018791226,1.2,6155.370000000324
17.71999999999997,2110.82998667717,351504.0601648367,351504.0601648367,11.14741054774622,0.40508149526363335,298.8078116492616,15.687794135908742,444192.6676916935,1.2,6153.840000000324
17.729999999999972,2110.56369017717,351450.6153208551,351450.6153208551,11.146791687318082,0.40502559792968923,298.8029671587533,15.687794135908742,444195.4591666167,1.2,6152.310000000324
17.739999999999974,2110.29739367717,351397.173923677,351397.173923677,11.146172780039972,0.40496961922473396,298.798115024649,15.687794135908742,444198.25461443496,1.2,6150.780000000324
17.749999999999975,2110.03109717717,351343.735972223,351343.735972223,11.145553825897101,0.4049135591058644,298.79325524049426,15.687794135908742,444201.05403688486,1.2,6149.250000000325
17.759999999999977,2109.7648006771706,351290.3014654132,351290.3014654132,11.144934824874674,0.4048574175301537,298.7883877998254,15.687794135908742,444203.85743570374,1.2,6147.720000000325
17.76999999999998,2109.4985041771706,351236.8704021679,351236.8704021679,11.144315776957885,0.4048011944549766,298.7835126961982,15.687794135908742,444206.66481261275,1.2,6146.190000000325
17.77999999999998,2109.2322076771707,351183.4427814064,351183.4427814064,11.143696682131928,0.40474488983754386,298.77862992314704,15.687794135908742,444209.4761693401,1.2,6144.660000000325
17.78999999999998,2108.9659111771703,351130.0186020491,351130.0186020491,11.143077540381995,0.4046885036353691,298.7737394742255,15.687794135908742,444212.29150759807,1.2,6143.130000000326
17.799999999999983,2108.6996146771703,351076.597863015,351076.597863015,11.142458351693254,0.4046320358058947,298.76884134297427,15.687794135908742,444215.1108291016,1.2,6141.600000000326
17.809999999999985,2108.4333181771703,351023.1805632235,351023.1805632235,11.141839116050884,0.40457548630672596,298.7639355229407,15.687794135908742,444217.9341355566,1.2,6140.070000000326
17.819999999999986,2108.1670216771704,350969.7667015936,350969.7667015936,11.141219833440053,0.4045188550956794,298.7590220076838,15.687794135908742,444220.7614286571,1.2,6138.5400000003265
17.829999999999988,2107.9007251771704,350916.3562770443,350916.3562770443,11.14060050384592,0.4044621421304993,298.754100790749,15.687794135908742,444223.5927101005,1.2,6137.010000000327
17.83999999999999,2107.6344286771705,350862.94928849424,350862.94928849424,11.139981127253641,0.40440534736918726,298.74917186569724,15.687794135908742,444226.42798156966,1.2,6135.480000000327
17.84999999999999,2107.368132177171,350809.54573486204,350809.54573486204,11.139361703648365,0.4043484707695332,298.74423522606384,15.687794135908742,444229.26724475756,1.2,6133.950000000327
17.859999999999992,2107.1018356771706,350756.145615066,350756.145615066,11.13874223301523,0.40429151228972493,298.73929086541165,15.687794135908742,444232.11050133617,1.2,6132.4200000003275
17.869999999999994,2106.8355391771706,350702.748928024,350702.748928024,11.13812271533938,0.40423447188788064,298.73433877729036,15.687794135908742,444234.95775298006,1.2,6130.890000000328
17.879999999999995,2106.5692426771707,350649.3556726542,350649.3556726542,11.137503150605932,0.40417734952213913,298.7293789552444,15.687794135908742,444237.8090013617,1.2,6129.360000000328
17.889999999999997,2106.3029461771707,350595.96584787435,350595.96584787435,11.136883538800014,0.40412014515080547,298.72441139282546,15.687794135908742,444240.6642481445,1.2,6127.830000000328
17.9,2106.0366496771708,350542.5794526019,350542.5794526019,11.136263879906748,0.4040628587323003,298.71943608358816,15.687794135908742,444243.52349498484,1.2,6126.3000000003285
17.91,2105.770353177171,350489.19648575416,350489.19648575416,11.13564417391124,0.4040054902251149,298.7144530210863,15.687794135908742,444246.38674353505,1.2,6124.770000000329
17.92,2105.5040566771713,350435.81694624847,350435.81694624847,11.135024420798599,0.4039480395878574,298.70946219887634,15.687794135908742,444249.25399544026,1.2,6123.240000000329
17.930000000000003,2105.2377601771714,350382.44083300175,350382.44083300175,11.134404620553916,0.40389050677925425,298.7044636105182,15.687794135908742,444252.12525233894,1.2,6121.710000000329
17.940000000000005,2104.971463677171,350329.0681449306,350329.0681449306,11.133784773162285,0.4038328917580538,298.69945724956636,15.687794135908742,444255.0005158676,1.2,6120.1800000003295
17.950000000000006,2104.705167177171,350275.69888095174,350275.69888095174,11.133164878608795,0.40377519448331023,298.69444310959483,15.687794135908742,444257.8797876463,1.2,6118.65000000033
17.960000000000008,2104.438870677171,350222.3330399816,350222.3330399816,11.13254493687852,0.40371741491386703,298.689421184152,15.687794135908742,444260.76306930487,1.2,6117.12000000033
17.97000000000001,2104.172574177171,350168.97062093613,350168.97062093613,11.13192494795654,0.40365955300873224,298.68439146679356,15.687794135908742,444263.6503624638,1.2,6115.59000000033
17.98000000000001,2103.906277677171,350115.61162273167,350115.61162273167,11.131304911827913,0.40360160872726514,298.67935395109834,15.687794135908742,444266.5416687253,1.2,6114.060000000331
17.990000000000013,2103.639981177171,350062.2560442838,350062.2560442838,11.130684828477708,0.40354358202852186,298.67430863061173,15.687794135908742,444269.4369897055,1.2,6112.530000000331
18.000000000000014,2103.3736846771712,350008.9038845081,350008.9038845081,11.130064697890973,0.4034854728717698,298.6692554988902,15.687794135908742,444272.3363270091,1.2,6111.000000000331
18.010000000000016,2103.1073881771713,349955.5551423203,349955.5551423203,11.129444520052756,0.40342728121653443,298.66419454950557,15.687794135908742,444275.2396822272,1.2,6109.470000000331
18.020000000000017,2102.8410916771713,349902.2098166352,349902.2098166352,11.1288242949481,0.40336900702227235,298.65912577601625,15.687794135908742,444278.1470569531,1.2,6107.940000000332
18.03000000000002,2102.5747951771714,349848.86790636793,349848.86790636793,11.128204022562043,0.40331065024855767,298.65404917198373,15.687794135908742,444281.05845277326,1.2,6106.410000000332
18.04000000000002,2102.3084986771714,349795.5294104335,349795.5294104335,11.127583702879608,0.4032522108551301,298.6489647309766,15.687794135908742,444283.973871265,1.2,6104.880000000332
18.050000000000022,2102.0422021771715,349742.1943277466,349742.1943277466,11.126963335885819,0.4031936888017532,298.6438724465584,15.687794135908742,444286.8933140038,1.2,6103.350000000332
18.060000000000024,2101.7759056771715,349688.86265722127,349688.86265722127,11.126342921565692,0.40313508404840276,298.63877231230373,15.687794135908742,444289.816782553,1.2,6101.820000000333
18.070000000000025,2101.5096091771716,349635.53439777216,349635.53439777216,11.12572245990424,0.40307639655503225,298.6336643217779,15.687794135908742,444292.74427847634,1.2,6100.290000000333
18.080000000000027,2101.2433126771716,349582.20954831317,349582.20954831317,11.125101950886465,0.403017626281808,298.62854846855765,15.687794135908742,444295.6758033263,1.2,6098.760000000333
18.09000000000003,2100.9770161771717,349528.8881077582,349528.8881077582,11.124481394497362,0.40295877318892004,298.62342474621437,15.687794135908742,444298.61135865253,1.2,6097.230000000333
18.10000000000003,2100.7107196771717,349475.57007502083,349475.57007502083,11.123860790721922,0.4028998372365372,298.6182931483102,15.687794135908742,444301.55094600545,1.2,6095.700000000334
18.11000000000003,2100.4444231771718,349422.25544901454,349422.25544901454,11.123240139545134,0.402840818384994,298.6131536684146,15.687794135908742,444304.494566926,1.2,6094.170000000334
18.120000000000033,2100.178126677172,349368.94422865263,349368.94422865263,11.12261944095197,0.40278171659469686,298.6080063000957,15.687794135908742,444307.4422229501,1.2,6092.640000000334
18.130000000000035,2099.911830177172,349315.63641284837,349315.63641284837,11.121998694927404,0.4027225318261707,298.6028510369249,15.687794135908742,444310.3939156077,1.2,6091.110000000334
18.140000000000036,2099.645533677172,349262.33200051426,349262.33200051426,11.1213779014564,0.40266326403987257,298.5976878724601,15.687794135908742,444313.3496464304,1.2,6089.580000000335
18.150000000000038,2099.379237177172,349209.0309905632,349209.0309905632,11.120757060523921,0.4026039131968458,298.5925168003029,15.687794135908742,444316.3094169199,1.2,6088.050000000335
18.16000000000004,2099.112940677172,349155.73338190775,349155.73338190775,11.12013617211492,0.40254447925750525,298.58733781399303,15.687794135908742,444319.2732286083,1.2,6086.520000000335
18.17000000000004,2098.846644177172,349102.4391734602,349102.4391734602,11.119515236214337,0.40248496218294544,298.5821509071217,15.687794135908742,444322.2410829927,1.2,6084.990000000335
18.180000000000042,2098.580347677172,349049.1483641323,349049.1483641323,11.118894252807118,0.40242536193424056,298.5769560732712,15.687794135908742,444325.21298157016,1.2,6083.460000000336
18.190000000000044,2098.314051177172,348995.8609528364,348995.8609528364,11.118273221878193,0.402365678472536,298.5717533060227,15.687794135908742,444328.1889258336,1.2,6081.930000000336
18.200000000000045,2098.047754677172,348942.57693848386,348942.57693848386,11.117652143412485,0.4023059117587245,298.5665425989276,15.687794135908742,444331.1689172873,1.2,6080.400000000336
18.210000000000047,2097.781458177172,348889.2963199865,348889.2963199865,11.117031017394925,0.40224606175442407,298.5613239455934,15.687794135908742,444334.1529573982,1.2,6078.870000000336
18.22000000000005,2097.5151616771723,348836.0190962557,348836.0190962557,11.116409843810423,0.4021861284209061,298.5560973395898,15.687794135908742,444337.1410476499,1.2,6077.340000000337
18.23000000000005,2097.2488651771723,348782.745266202,348782.745266202,11.115788622643887,0.4021261117196077,298.5508627744937,15.687794135908742,444340.13318951667,1.2,6075.810000000337
18.24000000000005,2096.9825686771724,348729.4748287369,348729.4748287369,11.115167353880217,0.40206601161185196,298.54562024386433,15.687794135908742,444343.12938447733,1.2,6074.280000000337
18.250000000000053,2096.7162721771724,348676.2077827709,348676.2077827709,11.11454603750431,0.40200582805945695,298.5403697412968,15.687794135908742,444346.12963398517,1.2,6072.750000000337
18.260000000000055,2096.4499756771725,348622.94412721443,348622.94412721443,11.113924673501053,0.401945561024032,298.5351112603604,15.687794135908742,444349.1339395029,1.2,6071.220000000338
18.270000000000056,2096.1836791771725,348569.683860978,348569.683860978,11.113303261855334,0.401885210467307,298.5298447946277,15.687794135908742,444352.14230248635,1.2,6069.690000000338
18.280000000000058,2095.9173826771726,348516.4269829717,348516.4269829717,11.11268180255202,0.40182477635131897,298.52457033769036,15.687794135908742,444355.15472437465,1.2,6068.160000000338
18.29000000000006,2095.6510861771726,348463.17349210544,348463.17349210544,11.11206029557599,0.4017642586379909,298.5192878831226,15.687794135908742,444358.17120661214,1.2,6066.630000000338
18.30000000000006,2095.3847896771726,348409.9233872889,348409.9233872889,11.111438740912096,0.4017036572894132,298.51399742450593,15.687794135908742,444361.1917506335,1.2,6065.100000000339
18.310000000000063,2095.1184931771727,348356.6766674317,348356.6766674317,11.11081713854521,0.4016429722679832,298.50869895544093,15.687794135908742,444364.2163578572,1.2,6063.570000000339
18.320000000000064,2094.8521966771727,348303.43333144323,348303.43333144323,11.11019548846017,0.401582203535845,298.5033924694986,15.687794135908742,444367.2450297135,1.2,6062.040000000339
18.330000000000066,2094.585900177173,348250.1933782326,348250.1933782326,11.109573790641827,0.4015213510554496,298.49807796026914,15.687794135908742,444370.2777676162,1.2,6060.5100000003395
18.340000000000067,2094.319603677173,348196.9568067086,348196.9568067086,11.108952045075014,0.40146041478936917,298.4927554213459,15.687794135908742,444373.31457297207,1.2,6058.98000000034
18.35000000000007,2094.053307177173,348143.72361578024,348143.72361578024,11.108330251744565,0.40139939470006214,298.4874248463048,15.687794135908742,444376.3554471926,1.2,6057.45000000034
18.36000000000007,2093.787010677173,348090.49380435585,348090.49380435585,11.107708410635306,0.40133829075015587,298.4820862287286,15.687794135908742,444379.40039168013,1.2,6055.92000000034
18.370000000000072,2093.520714177173,348037.2673713439,348037.2673713439,11.10708652173205,0.4012771029023036,298.4767395621951,15.687794135908742,444382.4494078341,1.2,6054.3900000003405
18.380000000000074,2093.254417677173,347984.0443156527,347984.0443156527,11.106464585019612,0.40121583111951326,298.47138484030535,15.687794135908742,444385.502497036,1.2,6052.860000000341
18.390000000000075,2092.988121177173,347930.82463618985,347930.82463618985,11.105842600482802,0.4011544753644938,298.4660220566266,15.687794135908742,444388.5596606807,1.2,6051.330000000341
18.400000000000077,2092.721824677173,347877.6083318634,347877.6083318634,11.105220568106414,0.4010930356005418,298.46065120477,15.687794135908742,444391.6209001331,1.2,6049.800000000341
18.41000000000008,2092.455528177173,347824.3954015809,347824.3954015809,11.104598487875238,0.4010315117906082,298.45527227830877,15.687794135908742,444394.6862167742,1.2,6048.2700000003415
18.42000000000008,2092.189231677173,347771.18584424944,347771.18584424944,11.103976359774066,0.40096990389799864,298.44988527083956,15.687794135908742,444397.7556119663,1.2,6046.740000000342
18.43000000000008,2091.9229351771733,347717.97965877654,347717.97965877654,11.103354183787678,0.4009082118860463,298.44449017595366,15.687794135908742,444400.8290870695,1.2,6045.210000000342
18.440000000000083,2091.6566386771733,347664.776844069,347664.776844069,11.10273195990084,0.4008464357183457,298.4390869872577,15.687794135908742,444403.9066434298,1.2,6043.680000000342
18.450000000000085,2091.3903421771734,347611.5773990335,347611.5773990335,11.102109688098325,0.4007845753583328,298.43367569833686,15.687794135908742,444406.98828239983,1.2,6042.1500000003425
18.460000000000086,2091.1240456771734,347558.38132257684,347558.38132257684,11.101487368364891,0.40072263076970543,298.4282563027912,15.687794135908742,444410.0740053188,1.2,6040.620000000343
18.470000000000088,2090.8577491771734,347505.18861360505,347505.18861360505,11.100865000685294,0.40066060191614233,298.42282879421197,15.687794135908742,444413.1638135253,1.2,6039.090000000343
18.48000000000009,2090.5914526771735,347451.9992710247,347451.9992710247,11.100242585044281,0.4005984887613512,298.4173931661847,15.687794135908742,444416.2577083557,1.2,6037.560000000343
18.49000000000009,2090.3251561771735,347398.8132937416,347398.8132937416,11.099620121426593,0.4005362912692546,298.4119494123064,15.687794135908742,444419.35569113464,1.2,6036.0300000003435
18.500000000000092,2090.0588596771736,347345.6306806616,347345.6306806616,11.09899760981696,0.4004740094039434,298.406497526181,15.687794135908742,444422.45776317746,1.2,6034.500000000344
18.510000000000094,2089.7925631771736,347292.45143069,347292.45143069,11.098375050200115,0.4004116431294438,298.40103750139895,15.687794135908742,444425.5639258017,1.2,6032.970000000344
18.520000000000095,2089.5262666771737,347239.2755427325,347239.2755427325,11.097752442560777,0.4003491924099502,298.39556933155785,15.687794135908742,444428.6741803154,1.2,6031.440000000344
18.530000000000097,2089.2599701771737,347186.10301569395,347186.10301569395,11.097129786883663,0.40028665720978013,298.39009301025817,15.687794135908742,444431.78852801956,1.2,6029.910000000345
18.5400000000001,2088.993673677174,347132.93384847953,347132.93384847953,11.09650708315348,0.4002240374933718,298.3846085311034,15.687794135908742,444434.9069702083,1.2,6028.380000000345
18.5500000000001,2088.727377177174,347079.7680399941,347079.7680399941,11.095884331354933,0.4001613332251938,298.37911588769174,15.687794135908742,444438.0295081729,1.2,6026.850000000345
18.5600000000001,2088.461080677174,347026.6055891421,347026.6055891421,11.095261531472712,0.40009854436997505,298.3736150736366,15.687794135908742,444441.156143191,1.2,6025.320000000345
18.570000000000103,2088.194784177174,346973.4464948279,346973.4464948279,11.094638683491509,0.40003567089238146,298.36810608253796,15.687794135908742,444444.28687654214,1.2,6023.790000000346
18.580000000000105,2087.928487677174,346920.29075595574,346920.29075595574,11.094015787396007,0.3999727127572946,298.3625889080069,15.687794135908742,444447.4217094943,1.2,6022.260000000346
18.590000000000106,2087.662191177174,346867.13837142964,346867.13837142964,11.093392843170886,0.3999096699296256,298.3570635436494,15.687794135908742,444450.5606433128,1.2,6020.730000000346
18.600000000000108,2087.395894677174,346813.9893401532,346813.9893401532,11.092769850800806,0.39984654237422024,298.3515299830579,15.687794135908742,444453.7036792654,1.2,6019.200000000346
18.61000000000011,2087.129598177174,346760.84366103006,346760.84366103006,11.092146810270437,0.39978333005623523,298.3459882198441,15.687794135908742,444456.8508186033,1.2,6017.670000000347
18.62000000000011,2086.863301677174,346707.70133296377,346707.70133296377,11.091523721564434,0.3997200329408553,298.34043824761454,15.687794135908742,444460.0020625752,1.2,6016.140000000347
18.630000000000113,2086.597005177174,346654.5623548573,346654.5623548573,11.090900584667448,0.3996566509933429,298.33488005997464,15.687794135908742,444463.1574124251,1.2,6014.610000000347
18.640000000000114,2086.3307086771742,346601.42672561365,346601.42672561365,11.09027739956412,0.3995931841792209,298.32931365054475,15.687794135908742,444466.31686938286,1.2,6013.080000000347
18.650000000000116,2086.0644121771743,346548.2944441358,346548.2944441358,11.089654166239091,0.399529632463858,298.32373901292397,15.687794135908742,444469.4804346851,1.2,6011.550000000348
18.660000000000117,2085.7981156771743,346495.165509326,346495.165509326,11.089030884676985,0.3994659958129311,298.3181561407305,15.687794135908742,444472.648109552,1.2,6010.020000000348
18.67000000000012,2085.5318191771744,346442.0399200867,346442.0399200867,11.088407554862432,0.3994022741921925,298.3125650275813,15.687794135908742,444475.81989519927,1.2,6008.490000000348
18.68000000000012,2085.2655226771744,346388.9176753203,346388.9176753203,11.087784176780046,0.39933846756751984,298.30696566709634,15.687794135908742,444478.99579283496,1.2,6006.960000000348
18.690000000000122,2084.9992261771745,346335.79877392855,346335.79877392855,11.087160750414439,0.399274575904726,298.3013580528822,15.687794135908742,444482.1758036695,1.2,6005.430000000349
18.700000000000124,2084.7329296771745,346282.68321481335,346282.68321481335,11.086537275750214,0.3992105991699337,298.2957421785647,15.687794135908742,444485.35992889706,1.2,6003.900000000349
18.710000000000125,2084.4666331771746,346229.5709968761,346229.5709968761,11.085913752771974,0.3991465373292975,298.29011803776433,15.687794135908742,444488.548169709,1.2,6002.370000000349
18.720000000000127,2084.2003366771746,346176.46211901837,346176.46211901837,11.085290181464302,0.39908239034895304,298.28448562409227,15.687794135908742,444491.74052729673,1.2,6000.840000000349
18.73000000000013,2083.9340401771747,346123.35658014106,346123.35658014106,11.084666561811787,0.39901815819520847,298.2788449311668,15.687794135908742,444494.9370028418,1.2,5999.31000000035
18.74000000000013,2083.6677436771747,346070.25437914534,346070.25437914534,11.084042893799007,0.39895384083458746,298.2731959526171,15.687794135908742,444498.13759751443,1.2,5997.78000000035
18.75000000000013,2083.4014471771748,346017.15551493183,346017.15551493183,11.083419177410534,0.3988894382334585,298.2675386820509,15.687794135908742,444501.3423124914,1.2,5996.25000000035
18.760000000000133,2083.135150677175,345964.0599864013,345964.0599864013,11.08279541263093,0.3988249503585004,298.2618731130951,15.687794135908742,444504.5511489327,1.2,5994.72000000035
18.770000000000135,2082.868854177175,345910.96779245394,345910.96779245394,11.082171599444756,0.39876037717656027,298.2561992393836,15.687794135908742,444507.7641079895,1.2,5993.190000000351
18.780000000000136,2082.602557677175,345857.87893198995,345857.87893198995,11.081547737836562,0.39869571865437914,298.2505170545328,15.687794135908742,444510.98119081696,1.2,5991.660000000351
18.790000000000138,2082.336261177175,345804.7934039093,345804.7934039093,11.080923827790901,0.39863097475896037,298.24482655217423,15.687794135908742,444514.2023985558,1.2,5990.130000000351
18.80000000000014,2082.069964677175,345751.71120711154,345751.71120711154,11.080299869292297,0.39856614545747715,298.2391277259464,15.687794135908742,444517.427732338,1.2,5988.600000000351
18.81000000000014,2081.803668177175,345698.6323404964,345698.6323404964,11.079675862325294,0.3985012307169486,298.23342056946626,15.687794135908742,444520.6571933017,1.2,5987.070000000352
18.820000000000142,2081.537371677175,345645.5568029633,345645.5568029633,11.079051806874412,0.398436230504751,298.22770507637404,15.687794135908742,444523.8907825663,1.2,5985.540000000352
18.830000000000144,2081.271075177175,345592.4845934112,345592.4845934112,11.078427702924177,0.3983711447882904,298.2219812403047,15.687794135908742,444527.1285012489,1.2,5984.010000000352
18.840000000000146,2081.004778677175,345539.41571073903,345539.41571073903,11.077803550459091,0.3983059735349593,298.21624905488375,15.687794135908742,444530.37035046605,1.2,5982.480000000352
18.850000000000147,2080.7384821771752,345486.35015384585,345486.35015384585,11.077179349463664,0.39824071671232014,298.21050851374383,15.687794135908742,444533.61633132485,1.2,5980.950000000353
18.86000000000015,2080.4721856771753,345433.2879216297,345433.2879216297,11.076555099922397,0.3981753742881992,298.2047596105327,15.687794135908742,444536.8664449185,1.2,5979.420000000353
18.87000000000015,2080.2058891771753,345380.2290129891,345380.2290129891,11.075930801819784,0.39810994623017654,298.1990023388682,15.687794135908742,444540.1206923511,1.2,5977.890000000353
18.88000000000015,2079.9395926771754,345327.1734268224,345327.1734268224,11.075306455140304,0.39804443250628113,298.19323669239975,15.687794135908742,444543.37907470344,1.2,5976.3600000003535
18.890000000000153,2079.6732961771754,345274.12116202724,345274.12116202724,11.074682059868442,0.3979788330846199,298.1874626647756,15.687794135908742,444546.6415930517,1.2,5974.830000000354
18.900000000000155,2079.4069996771755,345221.0722175015,345221.0722175015,11.074057615988668,0.3979131479331006,298.18168024961824,15.687794135908742,444549.90824848076,1.2,5973.300000000354
18.910000000000156,2079.1407031771755,345168.0265921426,345168.0265921426,11.073433123485454,0.39784737702012624,298.17588944058565,15.687794135908742,444553.1790420497,1.2,5971.770000000354
18.920000000000158,2078.8744066771756,345114.98428484786,345114.98428484786,11.07280858234325,0.39778152031403907,298.1700902313225,15.687794135908742,444556.4539748199,1.2,5970.2400000003545
18.93000000000016,2078.6081101771756,345061.9452945143,345061.9452945143,11.072183992546513,0.39771557778316813,298.16428261546395,15.687794135908742,444559.73304785194,1.2,5968.710000000355
18.94000000000016,2078.3418136771757,345008.9096200391,345008.9096200391,11.07155935407969,0.3976495493962905,298.1584665866767,15.687794135908742,444563.01626218366,1.2,5967.180000000355
18.950000000000163,2078.0755171771757,344955.8772603186,344955.8772603186,11.070934666927224,0.39758343512179994,298.15264213858535,15.687794135908742,444566.3036188706,1.2,5965.650000000355
18.960000000000164,2077.8092206771757,344902.84821424953,344902.84821424953,11.070309931073542,0.39751723492867813,298.1468092648583,15.687794135908742,444569.59511893796,1.2,5964.1200000003555
18.970000000000166,2077.542924177176,344849.8224807282,344849.8224807282,11.06968514650307,0.3974509487857068,298.1409679591381,15.687794135908742,444572.89076342,1.2,5962.590000000356
18.980000000000167,2077.276627677176,344796.80005865055,344796.80005865055,11.06906031320023,0.3973845766619338,298.13511821508257,15.687794135908742,444576.19055333687,1.2,5961.060000000356
18.99000000000017,2077.010331177176,344743.7809469124,344743.7809469124,11.06843543114944,0.3973181185264382,298.12926002634407,15.687794135908742,444579.4944897057,1.2,5959.530000000356
19.00000000000017,2076.744034677176,344690.76514440984,344690.76514440984,11.0678105003351,0.39725157434837854,298.1233933865739,15.687794135908742,444582.80257353926,1.2,5958.0000000003565
19.010000000000172,2076.477738177176,344637.7526500377,344637.7526500377,11.067185520741608,0.39718494409699273,298.11751828942204,15.687794135908742,444586.1148058447,1.2,5956.470000000357
19.020000000000174,2076.211441677176,344584.7434626919,344584.7434626919,11.066560492353362,0.39711822774196864,298.11163472857,15.687794135908742,444589.43118760636,1.2,5954.940000000357
19.030000000000175,2075.945145177176,344531.737581267,344531.737581267,11.065935415154748,0.3970514252526097,298.105742697657,15.687794135908742,444592.75171982613,1.2,5953.410000000357
19.040000000000177,2075.678848677176,344478.73500465805,344478.73500465805,11.065310289130142,0.39698453659871596,298.0998421903581,15.687794135908742,444596.0764034806,1.2,5951.8800000003575
19.05000000000018,2075.412552177176,344425.73573175975,344425.73573175975,11.064685114263922,0.3969175617499815,298.09393320033064,15.687794135908742,444599.4052395502,1.2,5950.350000000358
19.06000000000018,2075.146255677176,344372.7397614665,344372.7397614665,11.064059890540449,0.39685050067631944,298.088015721243,15.687794135908742,444602.73822900414,1.2,5948.820000000358
19.07000000000018,2074.8799591771763,344319.74709267257,344319.74709267257,11.06343461794409,0.39678335334781367,298.08208974677046,15.687794135908742,444606.0753728013,1.2,5947.290000000358
19.080000000000183,2074.6136626771763,344266.75772427185,344266.75772427185,11.062809296459188,0.3967161197343519,298.07615527056265,15.687794135908742,444609.41667190957,1.2,5945.760000000359
19.090000000000185,2074.3473661771764,344213.77165515814,344213.77165515814,11.062183926070096,0.3966487998063166,298.07021228630464,15.687794135908742,444612.76212727145,1.2,5944.230000000359
19.100000000000186,2074.0810696771764,344160.7888842255,344160.7888842255,11.061558506761154,0.39658139353394,298.0642607876599,15.687794135908742,444616.1117398357,1.2,5942.700000000359
19.110000000000188,2073.8147731771764,344107.80941036687,344107.80941036687,11.060933038516696,0.39651390088767163,298.0583007683029,15.687794135908742,444619.4655105392,1.2,5941.170000000359
19.12000000000019,2073.5484766771765,344054.83323247574,344054.83323247574,11.060307521321043,0.396446321838135,298.0523322219151,15.687794135908742,444622.8234403092,1.2,5939.64000000036
19.13000000000019,2073.2821801771765,344001.86034944496,344001.86034944496,11.059681955158519,0.3963786563559395,298.0463551421683,15.687794135908742,444626.18553007266,1.2,5938.11000000036
19.140000000000192,2073.0158836771766,343948.89076016715,343948.89076016715,11.059056340013433,0.3963109044118229,298.04036952273754,15.687794135908742,444629.5517807493,1.2,5936.58000000036
19.150000000000194,2072.7495871771766,343895.9244635354,343895.9244635354,11.058430675870099,0.39624306597674,298.03437535730853,15.687794135908742,444632.9221932463,1.2,5935.05000000036
19.160000000000196,2072.4832906771767,343842.9614584417,343842.9614584417,11.057804962712806,0.39617514102158824,298.02837263955365,15.687794135908742,444636.2967684735,1.2,5933.520000000361
19.170000000000197,2072.2169941771767,343790.0017437784,343790.0017437784,11.057179200525853,0.39610712951757643,298.0223613631644,15.687794135908742,444639.6755073241,1.2,5931.990000000361
19.1800000000002,2071.950697677177,343737.0453184373,343737.0453184373,11.056553389293526,0.39603903143608615,298.01634152183925,15.687794135908742,444643.05841068114,1.2,5930.460000000361
19.1900000000002,2071.684401177177,343684.09218131047,343684.09218131047,11.055927529000105,0.3959708467482091,298.0103131092427,15.687794135908742,444646.4454794416,1.2,5928.930000000361
19.200000000000202,2071.418104677177,343631.14233128924,343631.14233128924,11.05530161962986,0.39590257542548835,298.0042761190706,15.687794135908742,444649.83671447856,1.2,5927.400000000362
19.210000000000203,2071.151808177177,343578.195767265,343578.195767265,11.054675661167058,0.39583421743959324,297.99823054502184,15.687794135908742,444653.2321166581,1.2,5925.870000000362
19.220000000000205,2070.885511677177,343525.2524881288,343525.2524881288,11.054049653595957,0.3957657727620889,297.99217638077755,15.687794135908742,444656.63168685057,1.2,5924.340000000362
19.230000000000206,2070.619215177177,343472.3124927718,343472.3124927718,11.053423596900814,0.39569724136480633,297.98611362003396,15.687794135908742,444660.03542591154,1.2,5922.810000000362
19.240000000000208,2070.352918677177,343419.3757800845,343419.3757800845,11.052797491065867,0.39562862321979547,297.9800422564983,15.687794135908742,444663.4433346852,1.2,5921.280000000363
19.25000000000021,2070.086622177177,343366.4423489576,343366.4423489576,11.052171336075363,0.3955599182990491,297.97396228386435,15.687794135908742,444666.8554140171,1.2,5919.750000000363
19.26000000000021,2069.820325677177,343313.51219828136,343313.51219828136,11.051545131913528,0.39549112657468666,297.9678736958286,15.687794135908742,444670.27166474605,1.2,5918.220000000363
19.270000000000213,2069.554029177177,343260.5853269459,343260.5853269459,11.050918878564595,0.39542224801900144,297.96177648609455,15.687794135908742,444673.6920877005,1.2,5916.690000000363
19.280000000000214,2069.2877326771772,343207.66173384106,343207.66173384106,11.050292576012774,0.39535328260432206,297.95567064836035,15.687794135908742,444677.11668370647,1.2,5915.160000000364
19.290000000000216,2069.0214361771773,343154.7414178567,343154.7414178567,11.049666224242284,0.3952842303032416,297.9495561763391,15.687794135908742,444680.5454535759,1.2,5913.630000000364
19.300000000000217,2068.7551396771773,343101.82437788195,343101.82437788195,11.049039823237322,0.3952150910883433,297.94343306373463,15.687794135908742,444683.9783981199,1.2,5912.100000000364
19.31000000000022,2068.4888431771774,343048.9106128063,343048.9106128063,11.048413372982097,0.39514586493243,297.9373013042616,15.687794135908742,444687.415518138,1.2,5910.570000000364
19.32000000000022,2068.2225466771774,342996.00012151897,342996.00012151897,11.047786873460794,0.3950765518082932,297.9311608916253,15.687794135908742,444690.8568144289,1.2,5909.040000000365
19.330000000000222,2067.9562501771775,342943.0929029087,342943.0929029087,11.0471603246576,0.39500715168899087,297.92501181954617,15.687794135908742,444694.3022877771,1.2,5907.510000000365
19.340000000000224,2067.6899536771775,342890.1889558641,342890.1889558641,11.046533726556689,0.3949376645476157,297.91885408173914,15.687794135908742,444697.7519389645,1.2,5905.980000000365
19.350000000000225,2067.4236571771776,342837.28827927366,342837.28827927366,11.045907079142243,0.39486809035738885,297.91268767192196,15.687794135908742,444701.2057687655,1.2,5904.450000000365
19.360000000000227,2067.1573606771776,342784.3908720254,342784.3908720254,11.045280382398417,0.394798429091659,297.9065125838153,15.687794135908742,444704.66377794713,1.2,5902.920000000366
19.37000000000023,2066.8910641771777,342731.4967330077,342731.4967330077,11.04465363630937,0.39472868072381023,297.90032881113444,15.687794135908742,444708.1259672735,1.2,5901.390000000366
19.38000000000023,2066.6247676771777,342678.6058611082,342678.6058611082,11.044026840859253,0.3946588452275393,297.89413634761365,15.687794135908742,444711.5923374923,1.2,5899.860000000366
19.39000000000023,2066.3584711771778,342625.71825521457,342625.71825521457,11.04339999603222,0.3945889225764865,297.8879351869739,15.687794135908742,444715.06288935296,1.2,5898.330000000366
19.400000000000233,2066.092174677178,342572.83391421416,342572.83391421416,11.042773101812394,0.39451891274446604,297.88172532294277,15.687794135908742,444718.5376235954,1.2,5896.800000000367
19.410000000000235,2065.825878177178,342519.95283699397,342519.95283699397,11.042146158183911,0.3944488157053743,297.8755067492469,15.687794135908742,444722.0165409539,1.2,5895.270000000367
19.420000000000236,2065.559581677178,342467.07502244145,342467.07502244145,11.0415191651309,0.3943786314333732,297.8692794596276,15.687794135908742,444725.49964214896,1.2,5893.740000000367
19.430000000000238,2065.293285177178,342414.20046944276,342414.20046944276,11.040892122637475,0.3943083599025708,297.8630434478129,15.687794135908742,444728.98692790273,1.2,5892.2100000003675
19.44000000000024,2065.0269886771775,342361.3291768851,342361.3291768851,11.040265030687744,0.39423800108724716,297.8567987075377,15.687794135908742,444732.47839892766,1.2,5890.680000000368
19.45000000000024,2064.760692177178,342308.46114365436,342308.46114365436,11.039637889265812,0.3941675549619496,297.8505452325517,15.687794135908742,444735.9740559217,1.2,5889.150000000368
19.460000000000242,2064.494395677178,342255.5963686369,342255.5963686369,11.039010698355776,0.39409702150112425,297.8442830165874,15.687794135908742,444739.4738995871,1.2,5887.620000000368
19.470000000000244,2064.228099177178,342202.7348507186,342202.7348507186,11.038383457941727,0.39402640067952893,297.8380120533959,15.687794135908742,444742.9779306095,1.2,5886.0900000003685
19.480000000000246,2063.961802677178,342149.87658878515,342149.87658878515,11.037756168007746,0.3939556924719582,297.8317323367234,15.687794135908742,444746.48614967143,1.2,5884.560000000369
19.490000000000247,2063.6955061771782,342097.0215817221,342097.0215817221,11.037128828537908,0.3938848968533356,297.8254438603185,15.687794135908742,444749.99855744845,1.2,5883.030000000369
19.50000000000025,2063.4292096771783,342044.1698284146,342044.1698284146,11.036501439516286,0.3938140137986205,297.81914661792473,15.687794135908742,444753.5151546128,1.2,5881.500000000369
19.51000000000025,2063.162913177178,341991.32132774807,341991.32132774807,11.035874000926944,0.3937430432830401,297.8128406033004,15.687794135908742,444757.0359418228,1.2,5879.9700000003695
19.520000000000252,2062.8966166771784,341938.47607860714,341938.47607860714,11.03524651275393,0.3936719852819487,297.80652581020684,15.687794135908742,444760.5609197292,1.2,5878.44000000037
19.530000000000253,2062.6303201771784,341885.6340798765,341885.6340798765,11.0346189749813,0.39360083977060106,297.80020223238745,15.687794135908742,444764.0900889866,1.2,5876.91000000037
19.540000000000255,2062.3640236771785,341832.7953304408,341832.7953304408,11.03399138759309,0.3935296067245636,297.79386986360504,15.687794135908742,444767.62345023314,1.2,5875.38000000037
19.550000000000257,2062.0977271771785,341779.959829184,341779.959829184,11.033363750573345,0.3934582861194865,297.78752869762087,15.687794135908742,444771.16100410186,1.2,5873.8500000003705
19.560000000000258,2061.8314306771786,341727.12757499015,341727.12757499015,11.032736063906084,0.3933868779313322,297.78117872821554,15.687794135908742,444774.7027512092,1.2,5872.320000000371
19.57000000000026,2061.5651341771786,341674.29856674356,341674.29856674356,11.032108327575331,0.39331538213568695,297.7748199491273,15.687794135908742,444778.2486921891,1.2,5870.790000000371
19.58000000000026,2061.298837677178,341621.47280332725,341621.47280332725,11.0314805415651,0.39324379870900117,297.7684523541626,15.687794135908742,444781.79882763204,1.2,5869.260000000371
19.590000000000263,2061.0325411771782,341568.65028362494,341568.65028362494,11.030852705859404,0.393172127627119,297.7620759370653,15.687794135908742,444785.35315815674,1.2,5867.730000000372
19.600000000000264,2060.7662446771783,341515.8310065197,341515.8310065197,11.030224820442237,0.3931003688665655,297.755690691631,15.687794135908742,444788.91168434767,1.2,5866.200000000372
19.610000000000266,2060.499948177179,341463.0149708946,341463.0149708946,11.029596885297597,0.39302852240367336,297.74929661162963,15.687794135908742,444792.4744067979,1.2,5864.670000000372
19.620000000000267,2060.233651677179,341410.2021756325,341410.2021756325,11.02896890040947,0.39295658821495,297.74289369083783,15.687794135908742,444796.0413260902,1.2,5863.140000000372
19.63000000000027,2059.967355177179,341357.3926196158,341357.3926196158,11.02834086576184,0.3928845662771708,297.7364819230472,15.687794135908742,444799.61244279385,1.2,5861.610000000373
19.64000000000027,2059.701058677179,341304.5863017268,341304.5863017268,11.027712781338671,0.39281245656696406,297.73006130202776,15.687794135908742,444803.18775748333,1.2,5860.080000000373
19.650000000000272,2059.4347621771785,341251.7832208477,341251.7832208477,11.027084647123939,0.39274025906136417,297.7236318215767,15.687794135908742,444806.7672707129,1.2,5858.550000000373
19.660000000000274,2059.1684656771786,341198.9833758606,341198.9833758606,11.0264564631016,0.3926679737373045,297.71719347547355,15.687794135908742,444810.35098304,1.2,5857.020000000373
19.670000000000275,2058.9021691771786,341146.1867656469,341146.1867656469,11.025828229255605,0.3925956005720324,297.710746257517,15.687794135908742,444813.9388950063,1.2,5855.490000000374
19.680000000000277,2058.635872677179,341093.3933890884,341093.3933890884,11.025199945569902,0.392523139542741,297.70429016149194,15.687794135908742,444817.53100715426,1.2,5853.960000000374
19.69000000000028,2058.369576177179,341040.6032450661,341040.6032450661,11.02457161202843,0.3924505906270276,297.6978251812109,15.687794135908742,444821.1273200058,1.2,5852.430000000374
19.70000000000028,2058.103279677179,340987.8163324615,340987.8163324615,11.023943228615122,0.3923779538025746,297.6913513104847,15.687794135908742,444824.72783407726,1.2,5850.900000000374
19.71000000000028,2057.8369831771793,340935.03265015496,340935.03265015496,11.023314795313903,0.3923052290468266,297.6848685430945,15.687794135908742,444828.332549896,1.2,5849.370000000375
19.720000000000283,2057.570686677179,340882.2521970273,340882.2521970273,11.022686312108686,0.39223241633781664,297.67837687286493,15.687794135908742,444831.94146795897,1.2,5847.840000000375
19.730000000000285,2057.304390177179,340829.47497195913,340829.47497195913,11.022057778983388,0.3921595156533869,297.67187629359483,15.687794135908742,444835.55458877166,1.2,5846.310000000375
19.740000000000286,2057.038093677179,340776.70097383065,340776.70097383065,11.021429195921913,0.3920865269717388,297.6653667991061,15.687794135908742,444839.1719128206,1.2,5844.780000000375
19.750000000000288,2056.771797177179,340723.93020152167,340723.93020152167,11.020800562908159,0.3920134502709278,297.658848383199,15.687794135908742,444842.7934405984,1.2,5843.250000000376
19.76000000000029,2056.505500677179,340671.1626539121,340671.1626539121,11.020171879926012,0.39194028552955346,297.6523210397132,15.687794135908742,444846.41917257,1.2,5841.720000000376
19.77000000000029,2056.2392041771795,340618.3983298814,340618.3983298814,11.019543146959359,0.39186703272570284,297.64578476243406,15.687794135908742,444850.0491092243,1.2,5840.190000000376
19.780000000000292,2055.9729076771796,340565.6372283093,340565.6372283093,11.018914363992076,0.39179369183828044,297.63923954521084,15.687794135908742,444853.683251009,1.2,5838.660000000376
19.790000000000294,2055.7066111771796,340512.8793480745,340512.8793480745,11.018285531008035,0.39172026284581707,297.63268538185054,15.687794135908742,444857.32159838907,1.2,5837.130000000377
19.800000000000296,2055.4403146771792,340460.12468805624,340460.12468805624,11.017656647991094,0.3916467457272038,297.62612226618353,15.687794135908742,444860.9641518104,1.2,5835.600000000377
19.810000000000297,2055.1740181771793,340407.3732471334,340407.3732471334,11.017027714925113,0.3915731404615522,297.6195501920509,15.687794135908742,444864.61091170734,1.2,5834.070000000377
19.8200000000003,2054.9077216771793,340354.62502418394,340354.62502418394,11.01639873179394,0.3914994470280133,297.6129691532884,15.687794135908742,444868.2618785109,1.2,5832.540000000377
19.8300000000003,2054.6414251771794,340301.8800180867,340301.8800180867,11.015769698581417,0.3914256654058688,297.60637914373456,15.687794135908742,444871.91705264454,1.2,5831.010000000378
19.840000000000302,2054.37512867718,340249.1382277195,340249.1382277195,11.015140615271381,0.39135179557453004,297.5997801572304,15.687794135908742,444875.5764345247,1.2,5829.480000000378
19.850000000000303,2054.10883217718,340196.39965196035,340196.39965196035,11.014511481847656,0.3912778375136309,297.5931721876281,15.687794135908742,444879.240024555,1.2,5827.950000000378
19.860000000000305,2053.84253567718,340143.6642896867,340143.6642896867,11.01388229829406,0.39120379120275256,297.5865552287662,15.687794135908742,444882.9078231415,1.2,5826.420000000378
19.870000000000307,2053.5762391771796,340090.9321397762,340090.9321397762,11.013253064594421,0.39112965662160715,297.5799292744857,15.687794135908742,444886.57983068185,1.2,5824.890000000379
19.880000000000308,2053.3099426771796,340038.20320110605,340038.20320110605,11.012623780732532,0.3910554337503117,297.57329431865526,15.687794135908742,444890.25604755344,1.2,5823.360000000379
19.89000000000031,2053.0436461771797,339985.4774725533,339985.4774725533,11.0119944466922,0.390981122568702,297.5666503551091,15.687794135908742,444893.9364741457,1.2,5821.830000000379
19.90000000000031,2052.7773496771797,339932.7549529945,339932.7549529945,11.011365062457216,0.3909067230570653,297.559997377713,15.687794135908742,444897.62111082516,1.2,5820.300000000379
19.910000000000313,2052.5110531771797,339880.0356413066,339880.0356413066,11.010735628011371,0.3908322351957279,297.55333538032727,15.687794135908742,444901.30995795544,1.2,5818.77000000038
19.920000000000314,2052.24475667718,339827.3195363658,339827.3195363658,11.010106143338435,0.3907576589651925,297.54666435681884,15.687794135908742,444905.00301589,1.2,5817.24000000038
19.930000000000316,2051.9784601771803,339774.6066370483,339774.6066370483,11.00947660842219,0.39068299434590975,297.5399843010412,15.687794135908742,444908.70028498414,1.2,5815.71000000038
19.940000000000317,2051.71216367718,339721.8969422297,339721.8969422297,11.008847023246394,0.39060824131901084,297.5332952068996,15.687794135908742,444912.4017655584,1.2,5814.1800000003805
19.95000000000032,2051.44586717718,339669.19045078615,339669.19045078615,11.008217387794812,0.3905333998651622,297.52659706824875,15.687794135908742,444916.10745795496,1.2,5812.650000000381
19.96000000000032,2051.17957067718,339616.48716159316,339616.48716159316,11.007587702051188,0.39045846996552735,297.51988987897886,15.687794135908742,444919.81736249075,1.2,5811.120000000381
19.970000000000322,2050.91327417718,339563.78707352583,339563.78707352583,11.00695796599927,0.3903834516012644,297.5131736329706,15.687794135908742,444923.53147948155,1.2,5809.590000000381
19.980000000000324,2050.64697767718,339511.0901854593,339511.0901854593,11.006328179622793,0.39030834475357024,297.50644832409904,15.687794135908742,444927.24980924046,1.2,5808.0600000003815
19.990000000000325,2050.38068117718,339458.3964962684,339458.3964962684,11.005698342905497,0.39023314940395654,297.49971394625845,15.687794135908742,444930.9723520637,1.2,5806.530000000382
20.000000000000327,2050.1143846771806,339405.706004828,339405.706004828,11.005068455831093,0.39015786553397447,297.4929704933376,15.687794135908742,444934.6991082448,1.2,5805.000000000382
20.01000000000033,2049.84808817718,339353.0187100122,339353.0187100122,11.004438518383301,0.39008249312526,297.4862179592239,15.687794135908742,444938.4300780718,1.2,5803.470000000382
20.02000000000033,2049.5817916771803,339300.3346106953,339300.3346106953,11.003808530545832,0.3900070321597192,297.4794563378196,15.687794135908742,444942.16526181815,1.2,5801.9400000003825
20.03000000000033,2049.3154951771803,339247.65370575147,339247.65370575147,11.003178492302391,0.38993148261906824,297.4726856230012,15.687794135908742,444945.9046597663,1.2,5800.410000000383
20.040000000000333,2049.0491986771804,339194.97599405446,339194.97599405446,11.002548403636666,0.38985584448565774,297.46590580869275,15.687794135908742,444949.6482721656,1.2,5798.880000000383
20.050000000000335,2048.7829021771804,339142.30147447775,339142.30147447775,11.001918264532348,0.3897801177417865,297.4591168888048,15.687794135908742,444953.3960992672,1.2,5797.350000000383
20.060000000000336,2048.5166056771805,339089.63014589465,339089.63014589465,11.001288074973122,0.38970430236988485,297.4523188572503,15.687794135908742,444957.14814131457,1.2,5795.8200000003835
20.070000000000338,2048.2503091771805,339036.96200717834,339036.96200717834,11.000657834942658,0.3896283983524696,297.44551170794114,15.687794135908742,444960.90439854586,1.2,5794.290000000384
20.08000000000034,2047.9840126771805,338984.2970572017,338984.2970572017,11.000027544424624,0.38955240567237076,297.4386954348081,15.687794135908742,444964.6648711827,1.2,5792.760000000384
20.09000000000034,2047.7177161771806,338931.6352948377,338931.6352948377,10.99939720340268,0.3894763243123223,297.4318700317642,15.687794135908742,444968.4295594508,1.2,5791.230000000384
20.100000000000342,2047.4514196771806,338878.97671895847,338878.97671895847,10.998766811860477,0.38940015425546315,297.4250354927497,15.687794135908742,444972.198463554,1.2,5789.7000000003845
20.110000000000344,2047.1851231771807,338826.3213284365,338826.3213284365,10.998136369781667,0.3893238954846997,297.4181918116749,15.687794135908742,444975.9715837073,1.2,5788.170000000385
20.120000000000346,2046.9188266771807,338773.6691221436,338773.6691221436,10.99750587714988,0.3892475479833425,297.4113389824773,15.687794135908742,444979.74892010423,1.2,5786.640000000385
20.130000000000347,2046.6525301771808,338721.0200989518,338721.0200989518,10.996875333948754,0.3891711117347439,297.4044769990887,15.687794135908742,444983.53047293564,1.2,5785.110000000385
20.14000000000035,2046.3862336771808,338668.37425773276,338668.37425773276,10.99624474016191,0.38909458672238745,297.39760585544394,15.687794135908742,444987.31624238414,1.2,5783.580000000386
20.15000000000035,2046.1199371771809,338615.73159735766,338615.73159735766,10.995614095772973,0.3890179729298431,297.39072554547624,15.687794135908742,444991.10622862785,1.2,5782.050000000386
20.160000000000352,2045.853640677181,338563.09211669787,338563.09211669787,10.994983400765546,0.38894127034094905,297.3838360631338,15.687794135908742,444994.90043182974,1.2,5780.520000000386
20.170000000000353,2045.587344177181,338510.45581462426,338510.45581462426,10.994352655123231,0.3888644789398585,297.3769374023839,15.687794135908742,444998.6988521369,1.2,5778.990000000386
20.180000000000355,2045.321047677181,338457.82269000757,338457.82269000757,10.99372185882963,0.3887875987106276,297.37002955717594,15.687794135908742,445002.5014896999,1.2,5777.460000000387
20.190000000000357,2045.054751177181,338405.1927417184,338405.1927417184,10.993091011868334,0.38871062963767244,297.3631125214826,15.687794135908742,445006.30834465,1.2,5775.930000000387
20.200000000000358,2044.788454677181,338352.565968627,338352.565968627,10.99246011422292,0.38863357170531404,297.35618628925874,15.687794135908742,445010.1194171229,1.2,5774.400000000387
20.21000000000036,2044.5221581771812,338299.9423696034,338299.9423696034,10.99182916587696,0.3885564248980964,297.34925085447003,15.687794135908742,445013.9347072417,1.2,5772.870000000387
20.22000000000036,2044.2558616771812,338247.3219435175,338247.3219435175,10.99119816681403,0.38847918920083124,297.3423062110971,15.687794135908742,445017.7542151153,1.2,5771.340000000388
20.230000000000363,2043.9895651771812,338194.70468923904,338194.70468923904,10.990567117017688,0.38840186459814485,297.33535235309466,15.687794135908742,445021.5779408609,1.2,5769.810000000388
20.240000000000364,2043.7232686771813,338142.0906056374,338142.0906056374,10.989936016471487,0.38832445107520486,297.3283892744568,15.687794135908742,445025.40588456765,1.2,5768.280000000388
20.250000000000366,2043.4569721771813,338089.4796915819,338089.4796915819,10.989304865158974,0.38824694861685627,297.32141696913953,15.687794135908742,445029.23804633983,1.2,5766.750000000388
20.260000000000367,2043.1906756771814,338036.8719459412,338036.8719459412,10.988673663063686,0.3881693572085307,297.31443543114233,15.687794135908742,445033.07442625146,1.2,5765.220000000389
20.27000000000037,2042.9243791771814,337984.2673675844,337984.2673675844,10.988042410169164,0.388091676835338,297.3074446544265,15.687794135908742,445036.9150243916,1.2,5763.690000000389
20.28000000000037,2042.6580826771815,337931.6659553799,337931.6659553799,10.987411106458923,0.38801390748306536,297.30044463300493,15.687794135908742,445040.75984081463,1.2,5762.160000000389
20.290000000000372,2042.3917861771815,337879.06770819606,337879.06770819606,10.986779751916485,0.38793604913740537,297.29343536087293,15.687794135908742,445044.60887557885,1.2,5760.630000000389
20.300000000000374,2042.1254896771816,337826.4726249011,337826.4726249011,10.986148346525361,0.3878581017843196,297.28641683204074,15.687794135908742,445048.4621287278,1.2,5759.10000000039
20.310000000000375,2041.8591931771816,337773.88070436293,337773.88070436293,10.985516890269063,0.3877800654098098,297.27938904051285,15.687794135908742,445052.3196003021,1.2,5757.57000000039
20.320000000000377,2041.5928966771817,337721.29194544896,337721.29194544896,10.984885383131072,0.38770194000014796,297.27235198030894,15.687794135908742,445056.18129032815,1.2,5756.04000000039
20.33000000000038,2041.3266001771817,337668.70634702686,337668.70634702686,10.98425382509489,0.3876237255415104,297.2653056454307,15.687794135908742,445060.0471988361,1.2,5754.51000000039
20.34000000000038,2041.0603036771818,337616.12390796375,337616.12390796375,10.983622216143992,0.38754542202052417,297.2582500299114,15.687794135908742,445063.91732583253,1.2,5752.980000000391
20.35000000000038,2040.7940071771818,337563.54462712683,337563.54462712683,10.982990556261862,0.3874670294236766,297.25118512776197,15.687794135908742,445067.7916713297,1.2,5751.450000000391
20.360000000000383,2040.5277106771819,337510.9685033829,337510.9685033829,10.982358845431962,0.38738854773772324,297.2441109330087,15.687794135908742,445071.67023532634,1.2,5749.920000000391
20.370000000000385,2040.261414177182,337458.3955355983,337458.3955355983,10.98172708363775,0.3873099769494163,297.23702743966794,15.687794135908742,445075.5530178194,1.2,5748.390000000391
20.380000000000386,2039.995117677182,337405.8257226396,337405.8257226396,10.981095270862689,0.3872313170458677,297.2299346417794,15.687794135908742,445079.44001878763,1.2,5746.860000000392
20.390000000000388,2039.728821177182,337353.2590633728,337353.2590633728,10.980463407090221,0.3871525680140506,297.2228325333607,15.687794135908742,445083.3312382154,1.2,5745.330000000392
20.40000000000039,2039.462524677182,337300.6955566639,337300.6955566639,10.979831492303783,0.38707372984143196,297.21572110846495,15.687794135908742,445087.2266760615,1.2,5743.800000000392
20.41000000000039,2039.196228177182,337248.1352013786,337248.1352013786,10.979199526486813,0.38699480251561313,297.2086003611479,15.687794135908742,445091.1263322772,1.2,5742.270000000392
20.420000000000393,2038.9299316771821,337195.5779963824,337195.5779963824,10.97856750962273,0.3869157860241908,297.20147028545557,15.687794135908742,445095.03020681295,1.2,5740.740000000393
20.430000000000394,2038.6636351771822,337143.0239405404,337143.0239405404,10.977935441694958,0.3868366803551679,297.19433087546133,15.687794135908742,445098.93829959806,1.2,5739.210000000393
20.440000000000396,2038.3973386771822,337090.4730327176,337090.4730327176,10.977303322686904,0.38675748549649747,297.18718212522475,15.687794135908742,445102.8506105631,1.2,5737.680000000393
20.450000000000397,2038.1310421771823,337037.9252717791,337037.9252717791,10.976671152581973,0.3866782014362659,297.180024028808,15.687794135908742,445106.76713963156,1.2,5736.150000000393
20.4600000000004,2037.8647456771823,336985.38065658935,336985.38065658935,10.97603893136356,0.3865988281628281,297.1728565802882,15.687794135908742,445110.6878867118,1.2,5734.620000000394
20.4700000000004,2037.5984491771824,336932.83918601274,336932.83918601274,10.975406659015059,0.38651936566444606,297.1656797737247,15.687794135908742,445114.6128517166,1.2,5733.090000000394
20.480000000000402,2037.3321526771824,336880.3008589134,336880.3008589134,10.97477433551985,0.38643981392978566,297.15849360320396,15.687794135908742,445118.542034537,1.2,5731.560000000394
20.490000000000403,2037.0658561771825,336827.76567415503,336827.76567415503,10.974141960861301,0.3863601729474192,297.15129806279464,15.687794135908742,445122.475435068,1.2,5730.0300000003945
20.500000000000405,2036.7995596771825,336775.2336306017,336775.2336306017,10.973509535022789,0.38628044270614365,297.1440931465762,15.687794135908742,445126.41305319255,1.2,5728.500000000395
20.510000000000407,2036.5332631771826,336722.7047271167,336722.7047271167,10.97287705798767,0.38620062319488774,297.13687884863083,15.687794135908742,445130.354888786,1.2,5726.970000000395
20.520000000000408,2036.2669666771826,336670.1789625633,336670.1789625633,10.9722445297393,0.38612071440289497,297.1296551630597,15.687794135908742,445134.30094170675,1.2,5725.440000000395
20.53000000000041,2036.0006701771827,336617.6563358045,336617.6563358045,10.97161195026102,0.38604071631949716,297.1224220839623,15.687794135908742,445138.25121180835,1.2,5723.9100000003955
20.54000000000041,2035.7343736771827,336565.1368457033,336565.1368457033,10.970979319536173,0.3859606289340673,297.11517960543284,15.687794135908742,445142.2056989408,1.2,5722.380000000396
20.550000000000413,2035.4680771771827,336512.62049112207,336512.62049112207,10.970346637548092,0.38588045223638384,297.10792772159266,15.687794135908742,445146.1644029335,1.2,5720.850000000396
20.560000000000414,2035.2017806771828,336460.10727092327,336460.10727092327,10.969713904280098,0.3858001862163136,297.1006664265615,15.687794135908742,445150.1273236101,1.2,5719.320000000396
20.570000000000416,2034.9354841771828,336407.5971839691,336407.5971839691,10.969081119715508,0.38571983086362954,297.09339571444133,15.687794135908742,445154.09446079785,1.2,5717.7900000003965
20.580000000000418,2034.669187677183,336355.09022912144,336355.09022912144,10.968448283837635,0.38563938616841814,297.08611557935325,15.687794135908742,445158.06581430783,1.2,5716.260000000397
20.59000000000042,2034.402891177183,336302.5864052419,336302.5864052419,10.967815396629781,0.3855588521209006,297.07882601542076,15.687794135908742,445162.0413839432,1.2,5714.730000000397
20.60000000000042,2034.136594677183,336250.0857111922,336250.0857111922,10.96718245807524,0.38547822871143056,297.07152701677006,15.687794135908742,445166.02116949944,1.2,5713.200000000397
20.610000000000422,2033.870298177183,336197.58814583335,336197.58814583335,10.966549468157295,0.38539751593040467,297.0642185775219,15.687794135908742,445170.00517076894,1.2,5711.6700000003975
20.620000000000424,2033.604001677183,336145.0937080264,336145.0937080264,10.965916426859238,0.3853167137683975,297.0569006918036,15.687794135908742,445173.9933875345,1.2,5710.140000000398
20.630000000000425,2033.3377051771831,336092.6023966324,336092.6023966324,10.965283334164337,0.3852358222162535,297.0495733537574,15.687794135908742,445177.98581956426,1.2,5708.610000000398
20.640000000000427,2033.0714086771832,336040.11421051156,336040.11421051156,10.964650190055858,0.3851548412647691,297.0422365575118,15.687794135908742,445181.98246662796,1.2,5707.080000000398
20.65000000000043,2032.8051121771832,335987.6291485247,335987.6291485247,10.964016994517058,0.3850737709050553,297.03489029721436,15.687794135908742,445185.9833284785,1.2,5705.5500000003985
20.66000000000043,2032.5388156771833,335935.1472095315,335935.1472095315,10.963383747531191,0.38499261112844624,297.0275345670233,15.687794135908742,445189.9884048572,1.2,5704.020000000399
20.67000000000043,2032.2725191771833,335882.6683923922,335882.6683923922,10.962750449081508,0.3849113619263654,297.0201693610954,15.687794135908742,445193.9976954993,1.2,5702.490000000399
20.680000000000433,2032.0062226771834,335830.1926959664,335830.1926959664,10.962117099151236,0.3848300232902327,297.0127946735779,15.687794135908742,445198.01120013965,1.2,5700.960000000399
20.690000000000435,2031.7399261771834,335777.7201191134,335777.7201191134,10.96148369772361,0.3847485952117833,297.0054104986368,15.687794135908742,445202.0289184964,1.2,5699.4300000004
20.700000000000436,2031.4736296771835,335725.25066069275,335725.25066069275,10.960850244781852,0.3846670776828405,296.9980168304369,15.687794135908742,445206.05085028236,1.2,5697.9000000004
20.710000000000438,2031.2073331771835,335672.7843195632,335672.7843195632,10.96021674030918,0.38458547069522525,296.990613663133,15.687794135908742,445210.07699520927,1.2,5696.3700000004
20.72000000000044,2030.9410366771835,335620.32109458366,335620.32109458366,10.959583184288798,0.38450377424116355,296.9832009909072,15.687794135908742,445214.1073529679,1.2,5694.8400000004
20.73000000000044,2030.6747401771836,335567.8609846127,335567.8609846127,10.95894957670391,0.3844219883127436,296.9757788079198,15.687794135908742,445218.141923255,1.2,5693.310000000401
20.740000000000443,2030.4084436771836,335515.4039885086,335515.4039885086,10.958315917537705,0.3843401129023232,296.96834710834577,15.687794135908742,445222.18070575286,1.2,5691.780000000401
20.750000000000444,2030.1421471771837,335462.95010512945,335462.95010512945,10.957682206773375,0.38425814800248365,296.96090588637094,15.687794135908742,445226.2237001316,1.2,5690.250000000401
20.760000000000446,2029.8758506771837,335410.4993333334,335410.4993333334,10.957048444394097,0.3841760936057147,296.95345513616326,15.687794135908742,445230.270906065,1.2,5688.720000000401
20.770000000000447,2029.6095541771838,335358.0516719778,335358.0516719778,10.956414630383042,0.38409394970509053,296.9459948519342,15.687794135908742,445234.322323197,1.2,5687.190000000402
20.78000000000045,2029.3432576771838,335305.6071199203,335305.6071199203,10.955780764723373,0.3840117162934132,296.93852502786103,15.687794135908742,445238.37795118365,1.2,5685.660000000402
20.79000000000045,2029.0769611771839,335253.165676018,335253.165676018,10.955146847398252,0.38392939336393395,296.93104565815224,15.687794135908742,445242.43778965814,1.2,5684.130000000402
20.800000000000452,2028.810664677184,335200.7273391281,335200.7273391281,10.954512878390824,0.38384698090994873,296.92355673701076,15.687794135908742,445246.5018382503,1.2,5682.600000000402
20.810000000000453,2028.544368177184,335148.29210810695,335148.29210810695,10.95387885768423,0.3837644789249759,296.91605825865025,15.687794135908742,445250.57009657816,1.2,5681.070000000403
20.820000000000455,2028.278071677184,335095.8599818115,335095.8599818115,10.953244785261608,0.38368188740226267,296.9085502172501,15.687794135908742,445254.6425642717,1.2,5679.540000000403
20.830000000000457,2028.011775177184,335043.4309590979,335043.4309590979,10.95261066110609,0.38359920633568584,296.9010326070374,15.687794135908742,445258.71924092923,1.2,5678.010000000403
20.840000000000458,2027.745478677184,334991.0050388222,334991.0050388222,10.95197648520079,0.3835164357191211,296.89350542222945,15.687794135908742,445262.80012614775,1.2,5676.480000000403
20.85000000000046,2027.4791821771842,334938.5822198404,334938.5822198404,10.951342257528822,0.3834335755464872,296.885968657038,15.687794135908742,445266.8852195213,1.2,5674.950000000404
20.86000000000046,2027.2128856771842,334886.162501008,334886.162501008,10.950707978073288,0.38335062581188306,296.87842230568157,15.687794135908742,445270.9745206341,1.2,5673.420000000404
20.870000000000463,2026.9465891771843,334833.7458811804,334833.7458811804,10.9500736468173,0.38326758650949505,296.87086636237694,15.687794135908742,445275.0680290651,1.2,5671.890000000404
20.880000000000464,2026.6802926771838,334781.332359213,334781.332359213,10.949439263743933,0.38318445763386993,296.86330082136413,15.687794135908742,445279.1657443739,1.2,5670.360000000404
20.890000000000466,2026.4139961771843,334728.9219339606,334728.9219339606,10.94880482883628,0.3831012391795075,296.8557256768693,15.687794135908742,445283.26766612206,1.2,5668.830000000405
20.900000000000468,2026.1476996771844,334676.5146042779,334676.5146042779,10.948170342077411,0.3830179311413127,296.8481409231458,15.687794135908742,445287.3737938497,1.2,5667.300000000405
20.91000000000047,2025.8814031771844,334624.11036901944,334624.11036901944,10.947535803450405,0.38293453351391804,296.8405465544126,15.687794135908742,445291.48412710987,1.2,5665.770000000405
20.92000000000047,2025.6151066771845,334571.70922703954,334571.70922703954,10.946901212938311,0.38285104629263084,296.8329425649405,15.687794135908742,445295.59866542084,1.2,5664.240000000405
20.930000000000472,2025.3488101771845,334519.31117719214,334519.31117719214,10.94626657052419,0.38276746947248746,296.82532894896593,15.687794135908742,445299.7174083133,1.2,5662.710000000406
20.940000000000474,2025.0825136771846,334466.91621833143,334466.91621833143,10.945631876191088,0.38268380304883814,296.81770570074434,15.687794135908742,445303.8403553015,1.2,5661.180000000406
20.950000000000475,2024.8162171771846,334414.52434931026,334414.52434931026,10.944997129922047,0.38260004701721256,296.8100728145378,15.687794135908742,445307.96750589024,1.2,5659.650000000406
20.960000000000477,2024.5499206771847,334362.13556898263,334362.13556898263,10.944362331700095,0.3825162013729591,296.80243028458233,15.687794135908742,445312.0988595914,1.2,5658.120000000406
20.97000000000048,2024.2836241771847,334309.7498762016,334309.7498762016,10.943727481508256,0.38243226611214576,296.7947781051697,15.687794135908742,445316.2344158812,1.2,5656.590000000407
20.98000000000048,2024.0173276771848,334257.36726981995,334257.36726981995,10.943092579329548,0.38234824123038924,296.7871162705411,15.687794135908742,445320.37417425663,1.2,5655.060000000407
20.99000000000048,2023.7510311771848,334204.9877486904,334204.9877486904,10.942457625146986,0.3822641267238013,296.7794447749729,15.687794135908742,445324.5181341892,1.2,5653.530000000407
21.000000000000483,2023.4847346771849,334152.61131166545,334152.61131166545,10.941822618943563,0.38217992258844624,296.77176361272774,15.687794135908742,445328.66629515216,1.2,5652.000000000407
21.010000000000485,2023.218438177185,334100.23795759724,334100.23795759724,10.94118756070228,0.3820956288209295,296.76407277810773,15.687794135908742,445332.8186565909,1.2,5650.470000000408
21.020000000000486,2022.952141677185,334047.86768533784,334047.86768533784,10.940552450406123,0.3820112454174942,296.75637226537236,15.687794135908742,445336.9752179674,1.2,5648.940000000408
21.030000000000488,2022.6858451771845,333995.50049373903,333995.50049373903,10.939917288038078,0.3819267723750136,296.748662068829,15.687794135908742,445341.1359787118,1.2,5647.410000000408
21.04000000000049,2022.4195486771846,333943.1363816523,333943.1363816523,10.939282073581108,0.38184220969017946,296.7409421827585,15.687794135908742,445345.30093826243,1.2,5645.8800000004085
21.05000000000049,2022.153252177185,333890.7753479291,333890.7753479291,10.938646807018182,0.38175755735999883,296.73321260146093,15.687794135908742,445349.47009604063,1.2,5644.350000000409
21.060000000000493,2021.8869556771851,333838.41739142034,333838.41739142034,10.93801148833226,0.3816728153813875,296.72547331921845,15.687794135908742,445353.64345147135,1.2,5642.820000000409
21.070000000000494,2021.6206591771852,333786.0625109769,333786.0625109769,10.937376117506291,0.3815879837518,296.71772433035255,15.687794135908742,445357.8210039521,1.2,5641.290000000409
21.080000000000496,2021.3543626771852,333733.71070544963,333733.71070544963,10.936740694523218,0.38150306246842136,296.70996562915036,15.687794135908742,445362.0027528928,1.2,5639.7600000004095
21.090000000000497,2021.0880661771853,333681.3619736887,333681.3619736887,10.936105219365974,0.38141805152884006,296.7021972099263,15.687794135908742,445366.1886976818,1.2,5638.23000000041
21.1000000000005,2020.8217696771849,333629.0163145442,333629.0163145442,10.935469692017492,0.38133295093055475,296.6944190669766,15.687794135908742,445370.378837712,1.2,5636.70000000041
21.1100000000005,2020.555473177185,333576.6737268664,333576.6737268664,10.93483411246069,0.3812477606715579,296.6866311946331,15.687794135908742,445374.57317234995,1.2,5635.17000000041
21.120000000000502,2020.2891766771854,333524.33420950494,333524.33420950494,10.934198480678482,0.38116248074961656,296.67883358719723,15.687794135908742,445378.7717009727,1.2,5633.6400000004105
21.130000000000503,2020.0228801771855,333471.99776130903,333471.99776130903,10.933562796653773,0.3810771111629022,296.6710262389976,15.687794135908742,445382.9744229366,1.2,5632.110000000411
21.140000000000505,2019.7565836771855,333419.66438112815,333419.66438112815,10.932927060369458,0.38099165190976575,296.6632091443696,15.687794135908742,445387.1813375877,1.2,5630.580000000411
21.150000000000507,2019.4902871771856,333367.3340678113,333367.3340678113,10.932291271808438,0.38090610298855637,296.65538229763854,15.687794135908742,445391.3924442716,1.2,5629.050000000411
21.160000000000508,2019.2239906771856,333315.0068202071,333315.0068202071,10.931655430953583,0.38082046439793943,296.6475456931489,15.687794135908742,445395.60774231685,1.2,5627.5200000004115
21.17000000000051,2018.9576941771852,333262.6826371643,333262.6826371643,10.931019537787778,0.38073473613644393,296.63969932522315,15.687794135908742,445399.8272310582,1.2,5625.990000000412
21.18000000000051,2018.6913976771853,333210.36151753133,333210.36151753133,10.930383592293888,0.380648918203138,296.63184318822306,15.687794135908742,445404.05090980243,1.2,5624.460000000412
21.190000000000513,2018.4251011771853,333158.04346015607,333158.04346015607,10.929747594454778,0.3805630105968207,296.62397727647607,15.687794135908742,445408.2787778689,1.2,5622.930000000412
21.200000000000514,2018.1588046771853,333105.72846388636,333105.72846388636,10.929111544253294,0.38047701331664896,296.6161015843327,15.687794135908742,445412.510834558,1.2,5621.400000000413
21.210000000000516,2017.8925081771858,333053.4165275703,333053.4165275703,10.92847544167229,0.38039092636196,296.60821610615005,15.687794135908742,445416.74707916065,1.2,5619.870000000413
21.220000000000518,2017.626211677186,333001.1076500546,333001.1076500546,10.927839286694597,0.38030474973209116,296.6003208362755,15.687794135908742,445420.9875109667,1.2,5618.340000000413
21.23000000000052,2017.359915177186,332948.8018301871,332948.8018301871,10.927203079303053,0.38021848342660336,296.5924157690671,15.687794135908742,445425.23212925356,1.2,5616.810000000413
21.24000000000052,2017.0936186771855,332896.49906681443,332896.49906681443,10.926566819480477,0.3801321274452825,296.58450089889374,15.687794135908742,445429.48093328706,1.2,5615.280000000414
21.250000000000522,2016.8273221771856,332844.1993587831,332844.1993587831,10.925930507209683,0.38004568178795883,296.5765762201185,15.687794135908742,445433.73392232973,1.2,5613.750000000414
21.260000000000524,2016.5610256771856,332791.90270494,332791.90270494,10.925294142473485,0.3799591464546428,296.5686417271112,15.687794135908742,445437.99109563406,1.2,5612.220000000414
21.270000000000525,2016.2947291771857,332739.60910413123,332739.60910413123,10.924657725254683,0.3798725214456125,296.56069741425637,15.687794135908742,445442.25245243846,1.2,5610.690000000414
21.280000000000527,2016.0284326771862,332687.31855520274,332687.31855520274,10.924021255536067,0.37978580676114815,296.55274327592895,15.687794135908742,445446.5179919806,1.2,5609.160000000415
21.29000000000053,2015.7621361771862,332635.03105700045,332635.03105700045,10.923384733300423,0.379699002401708,296.5447793065103,15.687794135908742,445450.7877134878,1.2,5607.630000000415
21.30000000000053,2015.4958396771863,332582.7466083699,332582.7466083699,10.922748158530533,0.3796121083680199,296.53680550039667,15.687794135908742,445455.0616161734,1.2,5606.100000000415
21.31000000000053,2015.2295431771863,332530.4652081563,332530.4652081563,10.922111531209167,0.3795251246606776,296.52882185196233,15.687794135908742,445459.33969925664,1.2,5604.570000000415
21.320000000000533,2014.963246677186,332478.18685520487,332478.18685520487,10.921474851319084,0.3794380512806336,296.52082835560446,15.687794135908742,445463.62196193746,1.2,5603.040000000416
21.330000000000535,2014.696950177186,332425.9115483605,332425.9115483605,10.920838118843044,0.37935088822893037,296.5128250057186,15.687794135908742,445467.9084034109,1.2,5601.510000000416
21.340000000000536,2014.430653677186,332373.6392864677,332373.6392864677,10.920201333763792,0.37926363550674513,296.50481179670305,15.687794135908742,445472.19902286434,1.2,5599.980000000416
21.350000000000538,2014.164357177186,332321.37006837095,332321.37006837095,10.919564496064075,0.37917629311547923,296.4967887229665,15.687794135908742,445476.493819473,1.2,5598.450000000416
21.36000000000054,2013.898060677186,332269.10389291437,332269.10389291437,10.91892760572662,0.37908886105649003,296.48875577890414,15.687794135908742,445480.79279241344,1.2,5596.920000000417
21.37000000000054,2013.6317641771866,332216.84075894207,332216.84075894207,10.918290662734153,0.37900133933149266,296.4807129589337,15.687794135908742,445485.0959408434,1.2,5595.390000000417
21.380000000000543,2013.3654676771866,332164.5806652975,332164.5806652975,10.917653667069393,0.37891372794220424,296.4726602574635,15.687794135908742,445489.4032639196,1.2,5593.860000000417
21.390000000000544,2013.0991711771862,332112.3236108243,332112.3236108243,10.917016618715055,0.37882602689074313,296.46459766892883,15.687794135908742,445493.71476077824,1.2,5592.330000000417
21.400000000000546,2012.8328746771863,332060.06959436566,332060.06959436566,10.916379517653834,0.37873823617909563,296.4565251877429,15.687794135908742,445498.03043056093,1.2,5590.800000000418
21.410000000000547,2012.5665781771863,332007.81861476466,332007.81861476466,10.915742363868427,0.3786503558096059,296.4484428083419,15.687794135908742,445502.35027239047,1.2,5589.270000000418
21.42000000000055,2012.3002816771864,331955.5706708638,331955.5706708638,10.915105157341525,0.3785623857845741,296.44035052514823,15.687794135908742,445506.67428539123,1.2,5587.740000000418
21.43000000000055,2012.0339851771864,331903.325761506,331903.325761506,10.91446789805581,0.3784743261065248,296.43224833259484,15.687794135908742,445511.0024686753,1.2,5586.210000000418
21.440000000000552,2011.767688677187,331851.0838855333,331851.0838855333,10.91383058599395,0.37838617677802855,296.42413622510907,15.687794135908742,445515.33482135175,1.2,5584.680000000419
21.450000000000554,2011.501392177187,331798.8450417879,331798.8450417879,10.913193221138608,0.37829793780210186,296.4160141971495,15.687794135908742,445519.6713425064,1.2,5583.150000000419
21.460000000000555,2011.2350956771866,331746.60922911164,331746.60922911164,10.912555803472445,0.37820960918145125,296.40788224313604,15.687794135908742,445524.01203123963,1.2,5581.620000000419
21.470000000000557,2010.9687991771866,331694.3764463459,331694.3764463459,10.911918332978114,0.3781211909194976,296.39974035754466,15.687794135908742,445528.3568866156,1.2,5580.090000000419
21.480000000000558,2010.7025026771867,331642.1466923324,331642.1466923324,10.911280809638253,0.37803268301921683,296.39158853480023,15.687794135908742,445532.70590771956,1.2,5578.56000000042
21.49000000000056,2010.4362061771867,331589.9199659121,331589.9199659121,10.910643233435493,0.3779440854840324,296.3834267693591,15.687794135908742,445537.0590936134,1.2,5577.03000000042
21.50000000000056,2010.1699096771868,331537.69626592565,331537.69626592565,10.910005604352465,0.37785539831768006,296.37525505569636,15.687794135908742,445541.41644334304,1.2,5575.50000000042
21.510000000000563,2009.9036131771868,331485.47559121426,331485.47559121426,10.909367922371795,0.3777666215238532,296.3670733882732,15.687794135908742,445545.77795595536,1.2,5573.97000000042
21.520000000000564,2009.6373166771868,331433.257940618,331433.257940618,10.908730187476083,0.37767775510629015,296.3588817615451,15.687794135908742,445550.143630494,1.2,5572.440000000421
21.530000000000566,2009.371020177187,331381.0433129771,331381.0433129771,10.908092399647938,0.3775887990690876,296.35068016999054,15.687794135908742,445554.5134659842,1.2,5570.910000000421
21.540000000000568,2009.104723677187,331328.8317071317,331328.8317071317,10.907454558869956,0.37749975341643216,296.34246860808645,15.687794135908742,445558.88746144564,1.2,5569.380000000421
21.55000000000057,2008.838427177187,331276.62312192126,331276.62312192126,10.906816665124731,0.37741061815246785,296.33424707029576,15.687794135908742,445563.26561589923,1.2,5567.8500000004215
21.56000000000057,2008.572130677187,331224.4175561855,331224.4175561855,10.906178718394836,0.377321393281696,296.3260155511045,15.687794135908742,445567.64792834717,1.2,5566.320000000422
21.570000000000572,2008.305834177187,331172.2150087636,331172.2150087636,10.905540718662849,0.37723207880879706,296.317774045005,15.687794135908742,445572.03439778247,1.2,5564.790000000422
21.580000000000574,2008.0395376771871,331120.01547849446,331120.01547849446,10.904902665911333,0.37714267473836477,296.309522546472,15.687794135908742,445576.42502320046,1.2,5563.260000000422
21.590000000000575,2007.7732411771872,331067.8189642171,331067.8189642171,10.904264560122854,0.3770531810753054,296.30126104999886,15.687794135908742,445580.81980358093,1.2,5561.7300000004225
21.600000000000577,2007.5069446771872,331015.62546477,331015.62546477,10.903626401279956,0.3769635978246154,296.2929895500772,15.687794135908742,445585.2187378979,1.2,5560.200000000423
21.61000000000058,2007.2406481771873,330963.4349789913,330963.4349789913,10.90298818936518,0.37687392499142697,296.28470804120144,15.687794135908742,445589.62182511826,1.2,5558.670000000423
21.62000000000058,2006.9743516771873,330911.24750571937,330911.24750571937,10.902349924361063,0.37678416258127334,296.2764165178929,15.687794135908742,445594.0290641873,1.2,5557.140000000423
21.63000000000058,2006.7080551771874,330859.0630437917,330859.0630437917,10.901711606250139,0.3766943105994234,296.2681149746384,15.687794135908742,445598.44045406335,1.2,5555.6100000004235
21.640000000000583,2006.4417586771874,330806.8815920461,330806.8815920461,10.90107323501492,0.3766043690515923,296.25980340595623,15.687794135908742,445602.8559936812,1.2,5554.080000000424
21.650000000000585,2006.1754621771875,330754.70314932015,330754.70314932015,10.90043481063792,0.37651433794362915,296.25148180636677,15.687794135908742,445607.27568196843,1.2,5552.550000000424
21.660000000000586,2005.9091656771875,330702.5277144508,330702.5277144508,10.899796333101646,0.3764242172812523,296.2431501703685,15.687794135908742,445611.6995178578,1.2,5551.020000000424
21.670000000000588,2005.6428691771875,330650.3552862747,330650.3552862747,10.899157802388595,0.37633400707071457,296.23480849249927,15.687794135908742,445616.12750025507,1.2,5549.4900000004245
21.68000000000059,2005.3765726771876,330598.185863629,330598.185863629,10.898519218481255,0.3762437073180494,296.22645676726654,15.687794135908742,445620.55962807586,1.2,5547.960000000425
21.69000000000059,2005.1102761771876,330546.0194453496,330546.0194453496,10.89788058136211,0.3761533180297352,296.2180949892089,15.687794135908742,445624.99590021267,1.2,5546.430000000425
21.700000000000593,2004.8439796771877,330493.85603027313,330493.85603027313,10.897241891013625,0.3760628392121639,296.20972315284706,15.687794135908742,445629.43631556176,1.2,5544.900000000425
21.710000000000594,2004.5776831771877,330441.6956172353,330441.6956172353,10.89660314741828,0.3759722708719512,296.20134125271227,15.687794135908742,445633.8808730072,1.2,5543.3700000004255
21.720000000000596,2004.3113866771878,330389.538205072,330389.538205072,10.89596435055852,0.3758816130159808,296.1929492833505,15.687794135908742,445638.3295714188,1.2,5541.840000000426
21.730000000000597,2004.0450901771878,330337.38379261864,330337.38379261864,10.895325500416806,0.3757908656510501,296.1845472392898,15.687794135908742,445642.7824096697,1.2,5540.310000000426
21.7400000000006,2003.7787936771879,330285.23237871024,330285.23237871024,10.894686596975575,0.3757000287844018,296.17613511508944,15.687794135908742,445647.23938661057,1.2,5538.780000000426
21.7500000000006,2003.512497177188,330233.0839621822,330233.0839621822,10.89404764021727,0.3756091024231477,296.1677129052863,15.687794135908742,445651.7005010973,1.2,5537.250000000427
21.760000000000602,2003.246200677188,330180.938541869,330180.938541869,10.89340863012431,0.3755180865748449,296.1592806044486,15.687794135908742,445656.16575196263,1.2,5535.720000000427
21.770000000000604,2002.979904177188,330128.7961166054,330128.7961166054,10.892769566679116,0.37542698124687535,296.1508382071184,15.687794135908742,445660.63513804786,1.2,5534.190000000427
21.780000000000605,2002.713607677188,330076.6566852254,330076.6566852254,10.892130449864101,0.3753357864469777,296.14238570786046,15.687794135908742,445665.10865817487,1.2,5532.660000000427
21.790000000000607,2002.447311177188,330024.5202465632,330024.5202465632,10.891491279661675,0.3752445021828044,296.1339231012217,15.687794135908742,445669.5863111694,1.2,5531.130000000428
21.80000000000061,2002.1810146771882,329972.3867994527,329972.3867994527,10.890852056054229,0.3751531284625416,296.1254503817883,15.687794135908742,445674.0680958298,1.2,5529.600000000428
21.81000000000061,2001.9147181771882,329920.25634272734,329920.25634272734,10.89021277902415,0.37506166529419993,296.11696754412026,15.687794135908742,445678.5540109622,1.2,5528.070000000428
21.82000000000061,2001.6484216771883,329868.12887522054,329868.12887522054,10.889573448553826,0.3749701126859706,296.1084745827841,15.687794135908742,445683.044055363,1.2,5526.540000000428
21.830000000000613,2001.3821251771883,329816.0043957653,329816.0043957653,10.888934064625628,0.37487847064626717,296.09997149235693,15.687794135908742,445687.5382278165,1.2,5525.010000000429
21.840000000000614,2001.1158286771883,329763.88290319464,329763.88290319464,10.888294627221919,0.3747867391837724,296.0914582674307,15.687794135908742,445692.0365270931,1.2,5523.480000000429
21.850000000000616,2000.8495321771884,329711.76439634105,329711.76439634105,10.887655136325058,0.3746949183069938,296.082934902571,15.687794135908742,445696.53895197064,1.2,5521.950000000429
21.860000000000618,2000.5832356771884,329659.64887403697,329659.64887403697,10.887015591917399,0.3746030080248387,296.07440139237065,15.687794135908742,445701.0455012066,1.2,5520.420000000429
21.87000000000062,2000.3169391771885,329607.5363351146,329607.5363351146,10.88637599398128,0.37451100834630713,296.0658577314206,15.687794135908742,445705.55617355293,1.2,5518.89000000043
21.88000000000062,2000.0506426771885,329555.4267784056,329555.4267784056,10.885736342499037,0.3744189192805321,296.05730391431433,15.687794135908742,445710.070967754,1.2,5517.36000000043
21.890000000000622,1999.7843461771886,329503.32020274206,329503.32020274206,10.885096637452994,0.3743267408368279,296.0487399356519,15.687794135908742,445714.5898825445,1.2,5515.83000000043
21.900000000000624,1999.5180496771886,329451.21660695504,329451.21660695504,10.884456878825477,0.37423447302459856,296.0401657900317,15.687794135908742,445719.1129166536,1.2,5514.30000000043
21.910000000000625,1999.2517531771887,329399.1159898759,329399.1159898759,10.883817066598795,0.3741421158533835,296.0315814720546,15.687794135908742,445723.6400688033,1.2,5512.770000000431
21.920000000000627,1998.9854566771887,329347.0183503355,329347.0183503355,10.883177200755247,0.3740496693328573,296.02298697632364,15.687794135908742,445728.17133770726,1.2,5511.240000000431
21.93000000000063,1998.7191601771888,329294.9236871646,329294.9236871646,10.882537281277132,0.37395713347300685,296.0143822974611,15.687794135908742,445732.7067220638,1.2,5509.710000000431
21.94000000000063,1998.4528636771888,329242.8319991937,329242.8319991937,10.881897308146739,0.3738645082838651,296.0057674300832,15.687794135908742,445737.24622056744,1.2,5508.180000000431
21.95000000000063,1998.1865671771889,329190.7432852529,329190.7432852529,10.881257281346349,0.37377179377533537,295.9971423687841,15.687794135908742,445741.7898319186,1.2,5506.650000000432
21.960000000000633,1997.920270677189,329138.6575441723,329138.6575441723,10.880617200858229,0.37367898995789806,295.9885071082014,15.687794135908742,445746.3375547877,1.2,5505.120000000432
21.970000000000635,1997.653974177189,329086.57477478165,329086.57477478165,10.879977066664646,0.3735860968419033,295.9798616429505,15.687794135908742,445750.8893878515,1.2,5503.590000000432
21.980000000000636,1997.387677677189,329034.4949759104,329034.4949759104,10.879336878747859,0.3734931144380134,295.9712059676656,15.687794135908742,445755.4453297701,1.2,5502.060000000432
21.990000000000638,1997.121381177189,328982.4181463878,328982.4181463878,10.878696637090117,0.3734000427569373,295.9625400769752,15.687794135908742,445760.0053792003,1.2,5500.530000000433
22.00000000000064,1996.855084677189,328930.3442850431,328930.3442850431,10.878056341673659,0.3733068818095187,295.95386396551015,15.687794135908742,445764.5695347915,1.2,5499.000000000433
22.01000000000064,1996.5887881771891,328878.2733907049,328878.2733907049,10.87741599248072,0.3732136316069575,295.94517762792435,15.687794135908742,445769.13779517484,1.2,5497.470000000433
22.020000000000643,1996.3224916771892,328826.20546220156,328826.20546220156,10.876775589493521,0.37312029216023607,295.9364810588412,15.687794135908742,445773.7101589909,1.2,5495.940000000433
22.030000000000644,1996.0561951771892,328774.1404983615,328774.1404983615,10.876135132694289,0.3730268634806917,295.92777425290706,15.687794135908742,445778.2866248624,1.2,5494.410000000434
22.040000000000646,1995.7898986771893,328722.078498013,328722.078498013,10.875494622065224,0.37293334557979707,295.9190572047707,15.687794135908742,445782.867191404,1.2,5492.880000000434
22.050000000000647,1995.5236021771893,328670.01945998374,328670.01945998374,10.87485405758853,0.37283973846924867,295.9103299090915,15.687794135908742,445787.4518572186,1.2,5491.350000000434
22.06000000000065,1995.2573056771894,328617.9633831013,328617.9633831013,10.874213439246406,0.3727460421607006,295.9015923605149,15.687794135908742,445792.0406209107,1.2,5489.820000000434
22.07000000000065,1994.9910091771894,328565.91026619286,328565.91026619286,10.873572767021033,0.37265225666603224,295.89284455369693,15.687794135908742,445796.6334810722,1.2,5488.290000000435
22.080000000000652,1994.7247126771895,328513.8601080858,328513.8601080858,10.872932040894593,0.3725583819973874,295.8840864833084,15.687794135908742,445801.23043628153,1.2,5486.760000000435
22.090000000000654,1994.4584161771895,328461.8129076069,328461.8129076069,10.872291260849257,0.37246441816682746,295.8753181440019,15.687794135908742,445805.8314851202,1.2,5485.230000000435
22.100000000000655,1994.1921196771896,328409.7686635826,328409.7686635826,10.871650426867182,0.3723703651868122,295.86653953045715,15.687794135908742,445810.43662614905,1.2,5483.7000000004355
22.110000000000657,1993.9258231771896,328357.7273748394,328357.7273748394,10.87100953893053,0.37227622306971525,295.8577506373357,15.687794135908742,445815.0458579327,1.2,5482.170000000436
22.12000000000066,1993.6595266771897,328305.6890402033,328305.6890402033,10.870368597021441,0.3721819918280911,295.8489514593056,15.687794135908742,445819.6591790254,1.2,5480.640000000436
22.13000000000066,1993.3932301771897,328253.65365850023,328253.65365850023,10.869727601122058,0.37208767147489225,295.8401419910621,15.687794135908742,445824.27658796153,1.2,5479.110000000436
22.14000000000066,1993.1269336771898,328201.62122855615,328201.62122855615,10.869086551214512,0.3719932620228988,295.831322227274,15.687794135908742,445828.8980832827,1.2,5477.5800000004365
22.150000000000663,1992.8606371771898,328149.5917491961,328149.5917491961,10.86844544728093,0.3718987634851135,295.8224921626205,15.687794135908742,445833.52366351866,1.2,5476.050000000437
22.160000000000664,1992.5943406771898,328097.56521924527,328097.56521924527,10.867804289303418,0.371804175874895,295.81365179180415,15.687794135908742,445838.1533271811,1.2,5474.520000000437
22.170000000000666,1992.32804417719,328045.5416375287,328045.5416375287,10.86716307726409,0.37170949920551605,295.8048011095091,15.687794135908742,445842.78707278485,1.2,5472.990000000437
22.180000000000668,1992.06174767719,327993.5210028709,327993.5210028709,10.866521811145045,0.37161473349042873,295.7959401104261,15.687794135908742,445847.4248988351,1.2,5471.4600000004375
22.19000000000067,1991.79545117719,327941.50331409636,327941.50331409636,10.865880490928376,0.371519878743309,295.7870687892564,15.687794135908742,445852.0668038249,1.2,5469.930000000438
22.20000000000067,1991.52915467719,327889.4885700293,327889.4885700293,10.865239116596163,0.37142493497787854,295.77818714069565,15.687794135908742,445856.7127862447,1.2,5468.400000000438
22.210000000000672,1991.26285817719,327837.4767694937,327837.4767694937,10.86459768813048,0.37132990220812717,295.769295159454,15.687794135908742,445861.3628445703,1.2,5466.870000000438
22.220000000000674,1990.9965616771901,327785.4679113133,327785.4679113133,10.863956205513402,0.3712347804480473,295.7603928402317,15.687794135908742,445866.0169772771,1.2,5465.3400000004385
22.230000000000675,1990.7302651771902,327733.4619943113,327733.4619943113,10.863314668726987,0.3711395697118103,295.75148017773563,15.687794135908742,445870.6751828304,1.2,5463.810000000439
22.240000000000677,1990.4639686771902,327681.4590173111,327681.4590173111,10.862673077753286,0.371044270013767,295.7425571666791,15.687794135908742,445875.33745968604,1.2,5462.280000000439
22.25000000000068,1990.1976721771903,327629.4589791356,327629.4589791356,10.862031432574339,0.37094888136857845,295.73362380179424,15.687794135908742,445880.00380628346,1.2,5460.750000000439
22.26000000000068,1989.9313756771903,327577.4618786077,327577.4618786077,10.861389733172189,0.37085340379069,295.72468007778264,15.687794135908742,445884.6742210721,1.2,5459.2200000004395
22.27000000000068,1989.6650791771904,327525.46771454945,327525.46771454945,10.860747979528863,0.3707578372949885,295.7157259893771,15.687794135908742,445889.34870247904,1.2,5457.69000000044
22.280000000000683,1989.3987826771904,327473.4764857836,327473.4764857836,10.860106171626377,0.3706621818964087,295.7067615313047,15.687794135908742,445894.0272489275,1.2,5456.16000000044
22.290000000000685,1989.1324861771905,327421.4881911317,327421.4881911317,10.859464309446746,0.3705664376098886,295.69778669828236,15.687794135908742,445898.70985884016,1.2,5454.63000000044
22.300000000000686,1988.8661896771905,327369.5028294157,327369.5028294157,10.858822392971975,0.3704706044506766,295.688801485046,15.687794135908742,445903.39653062355,1.2,5453.100000000441
22.310000000000688,1988.5998931771906,327317.5203994571,327317.5203994571,10.858180422184063,0.370374682434244,295.67980588634197,15.687794135908742,445908.0872626723,1.2,5451.570000000441
22.32000000000069,1988.3335966771906,327265.5409000771,327265.5409000771,10.857538397064994,0.37027867157593347,295.67079989689444,15.687794135908742,445912.7820533866,1.2,5450.040000000441
22.33000000000069,1988.0673001771906,327213.5643300969,327213.5643300969,10.85689631759675,0.37018257189157416,295.6617835114629,15.687794135908742,445917.48090114165,1.2,5448.510000000441
22.340000000000693,1987.8010036771907,327161.59068833693,327161.59068833693,10.856254183761301,0.37008638339682254,295.6527567247804,15.687794135908742,445922.1838043205,1.2,5446.980000000442
22.350000000000694,1987.5347071771907,327109.61997361784,327109.61997361784,10.85561199554062,0.36999010610760263,295.6437195315945,15.687794135908742,445926.89076129213,1.2,5445.450000000442
22.360000000000696,1987.2684106771908,327057.65218475997,327057.65218475997,10.854969752916656,0.3698937400400595,295.63467192666377,15.687794135908742,445931.6017704138,1.2,5443.920000000442
22.370000000000697,1987.0021141771908,327005.6873205834,327005.6873205834,10.854327455871358,0.369797285210256,295.6256139047282,15.687794135908742,445936.3168300459,1.2,5442.390000000442
22.3800000000007,1986.7358176771909,326953.7253799076,326953.7253799076,10.853685104386669,0.3697007416345633,295.61654546054683,15.687794135908742,445941.035938533,1.2,5440.860000000443
22.3900000000007,1986.469521177191,326901.76636155247,326901.76636155247,10.853042698444524,0.36960410932957644,295.60746658888917,15.687794135908742,445945.7590942076,1.2,5439.330000000443
22.400000000000702,1986.203224677191,326849.81026433705,326849.81026433705,10.852400238026844,0.36950738831189356,295.59837728451487,15.687794135908742,445950.4862954015,1.2,5437.800000000443
22.410000000000704,1985.936928177191,326797.8570870805,326797.8570870805,10.851757723115544,0.36941057859833504,295.58927754219405,15.687794135908742,445955.2175404345,1.2,5436.270000000443
22.420000000000705,1985.670631677191,326745.9068286016,326745.9068286016,10.851115153692534,0.3693136802057254,295.58016735668696,15.687794135908742,445959.9528276253,1.2,5434.740000000444
22.430000000000707,1985.4043351771911,326693.95948771894,326693.95948771894,10.850472529739726,0.3692166931512862,295.57104672278086,15.687794135908742,445964.69215527247,1.2,5433.210000000444
22.44000000000071,1985.1380386771912,326642.01506325067,326642.01506325067,10.849829851238992,0.3691196174520235,295.5619156352324,15.687794135908742,445969.43552168406,1.2,5431.680000000444
22.45000000000071,1984.8717421771912,326590.0735540147,326590.0735540147,10.849187118172232,0.36902245312547305,295.5527740888378,15.687794135908742,445974.18292514165,1.2,5430.150000000444
22.46000000000071,1984.6054456771913,326538.1349588293,326538.1349588293,10.848544330521316,0.36892520018908637,295.5436220783748,15.687794135908742,445978.93436392973,1.2,5428.620000000445
22.470000000000713,1984.3391491771913,326486.19927651185,326486.19927651185,10.847901488268116,0.36882785866036155,295.53445959861557,15.687794135908742,445983.6898363299,1.2,5427.090000000445
22.480000000000715,1984.0728526771913,326434.2665058795,326434.2665058795,10.84725859139449,0.36873042855715127,295.52528664435494,15.687794135908742,445988.4493406055,1.2,5425.560000000445
22.490000000000716,1983.8065561771914,326382.3366457495,326382.3366457495,10.846615639882293,0.3686329098973986,295.5161032103861,15.687794135908742,445993.2128750144,1.2,5424.030000000445
22.500000000000718,1983.5402596771914,326330.40969493845,326330.40969493845,10.845972633713368,0.3685353026989635,295.5069092914841,15.687794135908742,445997.98043781804,1.2,5422.500000000446
22.51000000000072,1983.2739631771915,326278.4856522632,326278.4856522632,10.845329572869554,0.3684376069803649,295.49770488247555,15.687794135908742,446002.75202724425,1.2,5420.970000000446
22.52000000000072,1983.0076666771915,326226.56451653986,326226.56451653986,10.844686457332672,0.36833982275973204,295.48848997814014,15.687794135908742,446007.5276415396,1.2,5419.440000000446
22.530000000000722,1982.7413701771916,326174.6462865846,326174.6462865846,10.84404328708455,0.3682419500556786,295.4792645732928,15.687794135908742,446012.30727892584,1.2,5417.910000000446
22.540000000000724,1982.4750736771916,326122.7309612132,326122.7309612132,10.843400062106996,0.36814398888664723,295.47002866272214,15.687794135908742,446017.09093763237,1.2,5416.380000000447
22.550000000000725,1982.2087771771917,326070.81853924115,326070.81853924115,10.84275678238182,0.36804593927165263,295.46078224125995,15.687794135908742,446021.8786158594,1.2,5414.850000000447
22.560000000000727,1981.9424806771917,326018.90901948407,326018.90901948407,10.842113447890812,0.3679478012293192,295.4515253036913,15.687794135908742,446026.6703118259,1.2,5413.320000000447
22.57000000000073,1981.6761841771918,325967.0024007568,325967.0024007568,10.84147005861576,0.3678495747789309,295.44225784485286,15.687794135908742,446031.4660237173,1.2,5411.790000000447
22.58000000000073,1981.4098876771918,325915.09868187417,325915.09868187417,10.840826614538448,0.36775125993960034,295.4329798595548,15.687794135908742,446036.26574972685,1.2,5410.260000000448
22.59000000000073,1981.1435911771919,325863.1978616509,325863.1978616509,10.840183115640649,0.3676528567304883,295.42369134260144,15.687794135908742,446041.0694880445,1.2,5408.730000000448
22.600000000000733,1980.877294677192,325811.2999389012,325811.2999389012,10.839539561904118,0.36755436517110784,295.41439228882,15.687794135908742,446045.8772368421,1.2,5407.200000000448
22.610000000000735,1980.610998177192,325759.4049124392,325759.4049124392,10.83889595331062,0.36745578528128164,295.4050826930566,15.687794135908742,446050.6889942754,1.2,5405.670000000448
22.620000000000736,1980.344701677192,325707.5127810787,325707.5127810787,10.838252289841899,0.36735711708048696,295.3957625501143,15.687794135908742,446055.5047585166,1.2,5404.140000000449
22.630000000000738,1980.078405177192,325655.6235436334,325655.6235436334,10.837608571479697,0.36725836058877154,295.38643185483966,15.687794135908742,446060.3245277088,1.2,5402.610000000449
22.64000000000074,1979.812108677192,325603.7371989165,325603.7371989165,10.83696479820574,0.36715951582614414,295.3770906020652,15.687794135908742,446065.14829999616,1.2,5401.080000000449
22.65000000000074,1979.5458121771921,325551.85374574125,325551.85374574125,10.836320970001756,0.3670605828125304,295.3677387866051,15.687794135908742,446069.97607352625,1.2,5399.5500000004495
22.660000000000743,1979.2795156771922,325499.97318292025,325499.97318292025,10.835677086849458,0.3669615615686867,295.3583764033418,15.687794135908742,446074.80784640525,1.2,5398.02000000045
22.670000000000744,1979.0132191771922,325448.09550926636,325448.09550926636,10.835033148730558,0.36686245211476454,295.3490034470901,15.687794135908742,446079.6436167679,1.2,5396.49000000045
22.680000000000746,1978.7469226771923,325396.2207235917,325396.2207235917,10.834389155626747,0.3667632544714848,295.3396199127083,15.687794135908742,446084.4833827203,1.2,5394.96000000045
22.690000000000747,1978.4806261771923,325344.3488247086,325344.3488247086,10.833745107519722,0.3666639686594857,295.33022579503626,15.687794135908742,446089.32714237174,1.2,5393.4300000004505
22.70000000000075,1978.2143296771924,325292.47981142864,325292.47981142864,10.833101004391162,0.36656459469967057,295.3208210889287,15.687794135908742,446094.17489381775,1.2,5391.900000000451
22.71000000000075,1977.9480331771924,325240.61368256353,325240.61368256353,10.832456846222746,0.3664651326129904,295.31140578923447,15.687794135908742,446099.0266351509,1.2,5390.370000000451
22.720000000000752,1977.6817366771925,325188.7504369246,325188.7504369246,10.831812632996138,0.36636558242053063,295.3019798908046,15.687794135908742,446103.882364456,1.2,5388.840000000451
22.730000000000754,1977.4154401771925,325136.890073323,325136.890073323,10.831168364692996,0.36626594414364233,295.2925433885049,15.687794135908742,446108.7420798045,1.2,5387.3100000004515
22.740000000000755,1977.1491436771926,325085.0325905693,325085.0325905693,10.830524041294968,0.3661662178036358,295.283096277187,15.687794135908742,446113.6057792685,1.2,5385.780000000452
22.750000000000757,1976.8828471771926,325033.1779874744,325033.1779874744,10.8298796627837,0.3660664034221747,295.27363855172536,15.687794135908742,446118.47346090234,1.2,5384.250000000452
22.76000000000076,1976.6165506771927,324981.32626284845,324981.32626284845,10.829235229140824,0.3659665010209261,295.2641702069845,15.687794135908742,446123.3451227595,1.2,5382.720000000452
22.77000000000076,1976.3502541771927,324929.4774155017,324929.4774155017,10.828590740347964,0.36586651062182235,295.2546912378436,15.687794135908742,446128.22076287924,1.2,5381.1900000004525
22.78000000000076,1976.0839576771928,324877.6314442439,324877.6314442439,10.827946196386742,0.36576643224675576,295.2452016391676,15.687794135908742,446133.10037930234,1.2,5379.660000000453
22.790000000000763,1975.8176611771928,324825.7883478845,324825.7883478845,10.827301597238767,0.3656662659178842,295.23570140583627,15.687794135908742,446137.9839700556,1.2,5378.130000000453
22.800000000000765,1975.5513646771929,324773.94812523306,324773.94812523306,10.826656942885636,0.3655660116574999,295.22619053273155,15.687794135908742,446142.87153315864,1.2,5376.600000000453
22.810000000000766,1975.285068177193,324722.11077509844,324722.11077509844,10.826012233308944,0.36546566948789855,295.2166690147253,15.687794135908742,446147.76306662976,1.2,5375.070000000454
22.820000000000768,1975.018771677193,324670.2762962895,324670.2762962895,10.825367468490276,0.3653652394315981,295.20713684670017,15.687794135908742,446152.658568476,1.2,5373.540000000454
22.83000000000077,1974.752475177193,324618.44468761503,324618.44468761503,10.824722648411212,0.3652647215112503,295.19759402354083,15.687794135908742,446157.5580366968,1.2,5372.010000000454
22.84000000000077,1974.486178677193,324566.61594788317,324566.61594788317,10.824077773053315,0.36516411574968494,295.1880405401385,15.687794135908742,446162.46146928205,1.2,5370.480000000454
22.850000000000772,1974.219882177193,324514.79007590195,324514.79007590195,10.823432842398145,0.36506342216977944,295.1784763913785,15.687794135908742,446167.36886421865,1.2,5368.950000000455
22.860000000000774,1973.9535856771931,324462.9670704793,324462.9670704793,10.822787856427258,0.36496264079454543,295.1689015721484,15.687794135908742,446172.2802194861,1.2,5367.420000000455
22.870000000000775,1973.6872891771932,324411.1469304227,324411.1469304227,10.822142815122199,0.3648617716473895,295.15931607736286,15.687794135908742,446177.19553304376,1.2,5365.890000000455
22.880000000000777,1973.4209926771932,324359.3296545395,324359.3296545395,10.821497718464498,0.36476081475150496,295.1497199019057,15.687794135908742,446182.1148028608,1.2,5364.360000000455
22.89000000000078,1973.1546961771933,324307.5152416368,324307.5152416368,10.820852566435686,0.3646597701304374,295.14011304068384,15.687794135908742,446187.0380268881,1.2,5362.830000000456
22.90000000000078,1972.8883996771933,324255.70369052124,324255.70369052124,10.820207359017282,0.364558637807909,295.13049548861056,15.687794135908742,446191.9652030672,1.2,5361.300000000456
22.91000000000078,1972.6221031771934,324203.8949999996,324203.8949999996,10.8195620961908,0.3644574178076464,295.12086724058906,15.687794135908742,446196.8963293388,1.2,5359.770000000456
22.920000000000783,1972.3558066771934,324152.089168878,324152.089168878,10.818916777937734,0.364356110153511,295.1112282915248,15.687794135908742,446201.83140363626,1.2,5358.240000000456
22.930000000000785,1972.0895101771935,324100.2861959625,324100.2861959625,10.818271404239587,0.36425471486967115,295.1015786363421,15.687794135908742,446206.77042387665,1.2,5356.710000000457
22.940000000000786,1971.8232136771935,324048.48608005897,324048.48608005897,10.817625975077839,0.3641532319802132,295.09191826994686,15.687794135908742,446211.71338798077,1.2,5355.180000000457
22.950000000000788,1971.5569171771936,323996.68881997315,323996.68881997315,10.816980490433975,0.3640516615094875,295.0822471872597,15.687794135908742,446216.6602938557,1.2,5353.650000000457
22.96000000000079,1971.2906206771931,323944.8944145097,323944.8944145097,10.816334950289459,0.3639500034819353,295.07256538319945,15.687794135908742,446221.61113940325,1.2,5352.120000000457
22.97000000000079,1971.0243241771936,323893.1028624743,323893.1028624743,10.815689354625755,0.3638319271862613,295.06949556492617,15.687794135908742,446226.56584653776,1.2,5350.590000000458
22.980000000000793,1970.7580276771937,323841.3141626714,323841.3141626714,10.815043703424315,0.3637061860393521,295.06949556492617,15.687794135908742,446231.52417949465,1.2,5349.060000000458
22.990000000000794,1970.4917311771937,323789.5283139056,323789.5283139056,10.814397996666587,0.36358035343300693,295.06949556492617,15.687794135908742,446236.4861189585,1.2,5347.530000000458
23.000000000000796,1970.2254346771938,323737.7453149811,323737.7453149811,10.813752234334006,0.3634544294435062,295.06949556492617,15.687794135908742,446241.45166192163,1.2,5346.000000000458
23.010000000000797,1969.9591381771938,323685.965164702,323685.965164702,10.813106416407996,0.36332841414730993,295.06949556492617,15.687794135908742,446246.4208053687,1.2,5344.470000000459
23.0200000000008,1969.6928416771939,323634.18786187196,323634.18786187196,10.812460542869983,0.36320230762137684,295.06949556492617,15.687794135908742,446251.3935462651,1.2,5342.940000000459
23.0300000000008,1969.4265451771935,323582.4134052946,323582.4134052946,10.811814613701381,0.36307610994236483,295.06949556492617,15.687794135908742,446256.36988158815,1.2,5341.410000000459
23.040000000000802,1969.160248677194,323530.6417937732,323530.6417937732,10.811168628883587,0.3629498211875901,295.06949556492617,15.687794135908742,446261.3498082889,1.2,5339.880000000459
23.050000000000804,1968.893952177194,323478.8730261105,323478.8730261105,10.810522588398,0.36282344143417433,295.06949556492617,15.687794135908742,446266.3333233263,1.2,5338.35000000046
23.060000000000805,1968.627655677194,323427.10710110934,323427.10710110934,10.809876492226003,0.3626969707596305,295.06949556492617,15.687794135908742,446271.3204236437,1.2,5336.82000000046
23.070000000000807,1968.3613591771941,323375.3440175724,323375.3440175724,10.809230340348982,0.36257040924159656,295.06949556492617,15.687794135908742,446276.3111061797,1.2,5335.29000000046
23.08000000000081,1968.0950626771942,323323.5837743018,323323.5837743018,10.808584132748303,0.362443756957995,295.06949556492617,15.687794135908742,446281.3053678616,1.2,5333.76000000046
23.09000000000081,1967.8287661771942,323271.8263700994,323271.8263700994,10.807937869405325,0.36231701398676586,295.06949556492617,15.687794135908742,446286.3032056159,1.2,5332.230000000461
23.10000000000081,1967.5624696771938,323220.07180376706,323220.07180376706,10.807291550301407,0.3621901804061869,295.06949556492617,15.687794135908742,446291.3046163559,1.2,5330.700000000461
23.110000000000813,1967.2961731771939,323168.320074106,323168.320074106,10.806645175417895,0.3620632562945531,295.06949556492617,15.687794135908742,446296.30959699437,1.2,5329.170000000461
23.120000000000815,1967.029876677194,323116.5711799177,323116.5711799177,10.805998744736122,0.36193624173060296,295.06949556492617,15.687794135908742,446301.3181444263,1.2,5327.640000000461
23.130000000000816,1966.7635801771944,323064.8251200031,323064.8251200031,10.805352258237422,0.3618091367929858,295.06949556492617,15.687794135908742,446306.33025555016,1.2,5326.110000000462
23.140000000000818,1966.4972836771944,323013.08189316245,323013.08189316245,10.804705715903108,0.3616819415607403,295.06949556492617,15.687794135908742,446311.3459272496,1.2,5324.580000000462
23.15000000000082,1966.2309871771945,322961.3414981969,322961.3414981969,10.804059117714502,0.36155465611297544,295.06949556492617,15.687794135908742,446316.36515640485,1.2,5323.050000000462
23.16000000000082,1965.9646906771945,322909.603933906,322909.603933906,10.803412463652897,0.36142728052918877,295.06949556492617,15.687794135908742,446321.387939881,1.2,5321.5200000004625
23.170000000000822,1965.6983941771941,322857.86919909006,322857.86919909006,10.802765753699598,0.3612998148886828,295.06949556492617,15.687794135908742,446326.4142745514,1.2,5319.990000000463
23.180000000000824,1965.4320976771942,322806.1372925485,322806.1372925485,10.802118987835886,0.36117225927120095,295.06949556492617,15.687794135908742,446331.444157271,1.2,5318.460000000463
23.190000000000826,1965.1658011771942,322754.4082130808,322754.4082130808,10.801472166043046,0.36104461375666264,295.06949556492617,15.687794135908742,446336.4775848887,1.2,5316.930000000463
23.200000000000827,1964.8995046771947,322702.68195948616,322702.68195948616,10.800825288302342,0.3609168784251627,295.06949556492617,15.687794135908742,446341.514554246,1.2,5315.4000000004635
23.21000000000083,1964.6332081771948,322650.95853056345,322650.95853056345,10.800178354595037,0.3607890533569184,295.06949556492617,15.687794135908742,446346.55506217957,1.2,5313.870000000464
23.22000000000083,1964.3669116771948,322599.23792511114,322599.23792511114,10.799531364902387,0.3606611386323752,295.06949556492617,15.687794135908742,446351.5991055175,1.2,5312.340000000464
23.23000000000083,1964.1006151771949,322547.52014192793,322547.52014192793,10.798884319205639,0.3605331343322063,295.06949556492617,15.687794135908742,446356.64668107854,1.2,5310.810000000464
23.240000000000833,1963.834318677195,322495.80517981166,322495.80517981166,10.798237217486028,0.3604050405370479,295.06949556492617,15.687794135908742,446361.6977856827,1.2,5309.2800000004645
23.250000000000835,1963.5680221771945,322444.09303756023,322444.09303756023,10.797590059724778,0.36027685732808173,295.06949556492617,15.687794135908742,446366.75241612917,1.2,5307.750000000465
23.260000000000836,1963.3017256771946,322392.3837139714,322392.3837139714,10.796942845903116,0.36014858478645156,295.06949556492617,15.687794135908742,446371.81056921784,1.2,5306.220000000465
23.270000000000838,1963.0354291771946,322340.67720784247,322340.67720784247,10.796295576002251,0.3600202229933168,295.06949556492617,15.687794135908742,446376.8722417487,1.2,5304.690000000465
23.28000000000084,1962.7691326771946,322288.9735179703,322288.9735179703,10.795648250003389,0.3598917720304872,295.06949556492617,15.687794135908742,446381.9374304955,1.2,5303.1600000004655
23.29000000000084,1962.5028361771951,322237.2726431521,322237.2726431521,10.795000867887719,0.35976323197952276,295.06949556492617,15.687794135908742,446387.0061322422,1.2,5301.630000000466
23.300000000000843,1962.2365396771952,322185.574582184,322185.574582184,10.79435342963643,0.3596346029223687,295.06949556492617,15.687794135908742,446392.0783437575,1.2,5300.100000000466
23.310000000000844,1961.9702431771952,322133.8793338625,322133.8793338625,10.793705935230706,0.35950588494114355,295.06949556492617,15.687794135908742,446397.1540618031,1.2,5298.570000000466
23.320000000000846,1961.7039466771948,322082.18689698377,322082.18689698377,10.79305838465171,0.35937707811803316,295.06949556492617,15.687794135908742,446402.23328313825,1.2,5297.0400000004665
23.330000000000847,1961.4376501771949,322030.49727034353,322030.49727034353,10.792410777880605,0.35924818253550234,295.06949556492617,15.687794135908742,446407.31600451126,1.2,5295.510000000467
23.34000000000085,1961.171353677195,321978.81045273715,321978.81045273715,10.791763114898544,0.3591191982762409,295.06949556492617,15.687794135908742,446412.4022226612,1.2,5293.980000000467
23.35000000000085,1960.905057177195,321927.12644296023,321927.12644296023,10.791115395686676,0.35899012542290054,295.06949556492617,15.687794135908742,446417.4919343291,1.2,5292.450000000467
23.360000000000852,1960.6387606771955,321875.4452398074,321875.4452398074,10.79046762022613,0.3588609640585689,295.06949556492617,15.687794135908742,446422.58513623837,1.2,5290.920000000468
23.370000000000854,1960.3724641771955,321823.76684207364,321823.76684207364,10.789819788498036,0.35873171426645295,295.06949556492617,15.687794135908742,446427.681825108,1.2,5289.390000000468
23.380000000000855,1960.1061676771956,321772.0912485533,321772.0912485533,10.789171900483513,0.35860237612982615,295.06949556492617,15.687794135908742,446432.78199765447,1.2,5287.860000000468
23.390000000000857,1959.8398711771952,321720.41845804086,321720.41845804086,10.788523956163676,0.35847294973223887,295.06949556492617,15.687794135908742,446437.8856505828,1.2,5286.330000000468
23.40000000000086,1959.5735746771952,321668.7484693301,321668.7484693301,10.787875955519624,0.35834343515746586,295.06949556492617,15.687794135908742,446442.99278058973,1.2,5284.800000000469
23.41000000000086,1959.3072781771953,321617.08128121484,321617.08128121484,10.787227898532446,0.3582138324892954,295.06949556492617,15.687794135908742,446448.10338437115,1.2,5283.270000000469
23.42000000000086,1959.0409816771953,321565.4168924883,321565.4168924883,10.786579785183234,0.358084141811844,295.06949556492617,15.687794135908742,446453.2174586103,1.2,5281.740000000469
23.430000000000863,1958.7746851771954,321513.75530194386,321513.75530194386,10.785931615453068,0.35795436320939983,295.06949556492617,15.687794135908742,446458.3349999834,1.2,5280.210000000469
23.440000000000865,1958.5083886771954,321462.09650837444,321462.09650837444,10.785283389323006,0.35782449676626343,295.06949556492617,15.687794135908742,446463.45600516594,1.2,5278.68000000047
23.450000000000866,1958.242092177196,321410.44051057263,321410.44051057263,10.784635106774115,0.35769454256716887,295.06949556492617,15.687794135908742,446468.5804708169,1.2,5277.15000000047
23.460000000000868,1957.9757956771955,321358.78730733093,321358.78730733093,10.783986767787443,0.35756450069665263,295.06949556492617,15.687794135908742,446473.70839360275,1.2,5275.62000000047
23.47000000000087,1957.7094991771955,321307.13689744135,321307.13689744135,10.783338372344039,0.35743437123994654,295.06949556492617,15.687794135908742,446478.8397701625,1.2,5274.09000000047
23.48000000000087,1957.4432026771956,321255.48927969596,321255.48927969596,10.782689920424929,0.3573041542821368,295.06949556492617,15.687794135908742,446483.97459714086,1.2,5272.560000000471
23.490000000000872,1957.1769061771956,321203.84445288626,321203.84445288626,10.782041412011145,0.35717384990832224,295.06949556492617,15.687794135908742,446489.11287118227,1.2,5271.030000000471
23.500000000000874,1956.9106096771957,321152.20241580374,321152.20241580374,10.781392847083701,0.35704345820419064,295.06949556492617,15.687794135908742,446494.2545889078,1.2,5269.500000000471
23.510000000000876,1956.6443131771957,321100.5631672393,321100.5631672393,10.780744225623613,0.35691297925533666,295.06949556492617,15.687794135908742,446499.39974694233,1.2,5267.970000000471
23.520000000000877,1956.3780166771962,321048.92670598393,321048.92670598393,10.780095547611872,0.3567824131476813,295.06949556492617,15.687794135908742,446504.54834189743,1.2,5266.440000000472
23.53000000000088,1956.1117201771958,320997.2930308281,320997.2930308281,10.779446813029473,0.3566517599671045,295.06949556492617,15.687794135908742,446509.7003703868,1.2,5264.910000000472
23.54000000000088,1955.8454236771959,320945.66214056214,320945.66214056214,10.778798021857403,0.35652101979991685,295.06949556492617,15.687794135908742,446514.8558290071,1.2,5263.380000000472
23.550000000000882,1955.579127177196,320894.0340339762,320894.0340339762,10.778149174076635,0.3563901927324924,295.06949556492617,15.687794135908742,446520.0147143522,1.2,5261.850000000472
23.560000000000883,1955.312830677196,320842.40870985994,320842.40870985994,10.777500269668133,0.35625927885116415,295.06949556492617,15.687794135908742,446525.17702301755,1.2,5260.320000000473
23.570000000000885,1955.046534177196,320790.78616700304,320790.78616700304,10.776851308612855,0.3561282782429037,295.06949556492617,15.687794135908742,446530.34275157406,1.2,5258.790000000473
23.580000000000886,1954.780237677196,320739.16640419466,320739.16640419466,10.776202290891757,0.3559971909945366,295.06949556492617,15.687794135908742,446535.51189659757,1.2,5257.260000000473
23.590000000000888,1954.513941177196,320687.54942022386,320687.54942022386,10.775553216485772,0.35586601719305566,295.06949556492617,15.687794135908742,446540.6844546579,1.2,5255.730000000473
23.60000000000089,1954.2476446771961,320635.9352138792,320635.9352138792,10.774904085375836,0.3557347569258302,295.06949556492617,15.687794135908742,446545.8604223098,1.2,5254.200000000474
23.61000000000089,1953.9813481771962,320584.3237839493,320584.3237839493,10.774254897542871,0.355603410280031,295.06949556492617,15.687794135908742,446551.0397961157,1.2,5252.670000000474
23.620000000000893,1953.7150516771962,320532.7151292225,320532.7151292225,10.773605652967792,0.3554719773434655,295.06949556492617,15.687794135908742,446556.2225726133,1.2,5251.140000000474
23.630000000000894,1953.4487551771963,320481.10924848635,320481.10924848635,10.77295635163151,0.3553404582038465,295.06949556492617,15.687794135908742,446561.4087483439,1.2,5249.610000000474
23.640000000000896,1953.1824586771963,320429.5061405289,320429.5061405289,10.772306993514915,0.3552088529491579,295.06949556492617,15.687794135908742,446566.59831983777,1.2,5248.080000000475
23.650000000000897,1952.9161621771964,320377.90580413747,320377.90580413747,10.771657578598903,0.35507716166739295,295.06949556492617,15.687794135908742,446571.79128362547,1.2,5246.550000000475
23.6600000000009,1952.6498656771964,320326.3082380992,320326.3082380992,10.771008106864352,0.3549453844469719,295.06949556492617,15.687794135908742,446576.9876362199,1.2,5245.020000000475
23.6700000000009,1952.3835691771965,320274.71344120085,320274.71344120085,10.770358578292138,0.35481352137616756,295.06949556492617,15.687794135908742,446582.1873741404,1.2,5243.490000000475
23.680000000000902,1952.1172726771965,320223.12141222926,320223.12141222926,10.769708992863118,0.3546815725438355,295.06949556492617,15.687794135908742,446587.39049388317,1.2,5241.960000000476
23.690000000000904,1951.8509761771966,320171.53214997076,320171.53214997076,10.769059350558152,0.3545495380385795,295.06949556492617,15.687794135908742,446592.5969919544,1.2,5240.430000000476
23.700000000000905,1951.5846796771966,320119.94565321127,320119.94565321127,10.768409651358084,0.3544174179495332,295.06949556492617,15.687794135908742,446597.8068648392,1.2,5238.900000000476
23.710000000000907,1951.3183831771967,320068.3619207368,320068.3619207368,10.767759895243755,0.35428521236573435,295.06949556492617,15.687794135908742,446603.0201090265,1.2,5237.3700000004765
23.72000000000091,1951.0520866771967,320016.7809513329,320016.7809513329,10.76711008219599,0.3541529213764899,295.06949556492617,15.687794135908742,446608.2367209947,1.2,5235.840000000477
23.73000000000091,1950.7857901771968,319965.20274378476,319965.20274378476,10.766460212195613,0.35402054507132297,295.06949556492617,15.687794135908742,446613.4566972136,1.2,5234.310000000477
23.74000000000091,1950.5194936771968,319913.6272968774,319913.6272968774,10.765810285223433,0.35388808353992074,295.06949556492617,15.687794135908742,446618.68003414676,1.2,5232.780000000477
23.750000000000913,1950.2531971771969,319862.0546093959,319862.0546093959,10.76516030126026,0.3537555368719786,295.06949556492617,15.687794135908742,446623.9067282571,1.2,5231.2500000004775
23.760000000000915,1949.986900677197,319810.4846801244,319810.4846801244,10.76451026028688,0.3536229051575636,295.06949556492617,15.687794135908742,446629.1367759931,1.2,5229.720000000478
23.770000000000916,1949.720604177197,319758.91750784725,319758.91750784725,10.763860162284084,0.3534901884870097,295.06949556492617,15.687794135908742,446634.3701737925,1.2,5228.190000000478
23.780000000000918,1949.454307677197,319707.3530913485,319707.3530913485,10.763210007232649,0.35335738695039903,295.06949556492617,15.687794135908742,446639.6069181032,1.2,5226.660000000478
23.79000000000092,1949.188011177197,319655.79142941185,319655.79142941185,10.762559795113347,0.3532245006382883,295.06949556492617,15.687794135908742,446644.84700535424,1.2,5225.1300000004785
23.80000000000092,1948.921714677197,319604.2325208207,319604.2325208207,10.761909525906932,0.35309152964150087,295.06949556492617,15.687794135908742,446650.0904319642,1.2,5223.600000000479
23.810000000000922,1948.6554181771971,319552.6763643582,319552.6763643582,10.761259199594157,0.3529584740506591,295.06949556492617,15.687794135908742,446655.33719435957,1.2,5222.070000000479
23.820000000000924,1948.3891216771972,319501.1229588074,319501.1229588074,10.76060881615577,0.35282533395706667,295.06949556492617,15.687794135908742,446660.58728894015,1.2,5220.540000000479
23.830000000000926,1948.1228251771972,319449.5723029507,319449.5723029507,10.7599583755725,0.3526921094517228,295.06949556492617,15.687794135908742,446665.8407121174,1.2,5219.0100000004795
23.840000000000927,1947.8565286771973,319398.0243955707,319398.0243955707,10.759307877825076,0.3525588006258921,295.06949556492617,15.687794135908742,446671.0974602925,1.2,5217.48000000048
23.85000000000093,1947.5902321771973,319346.4792354493,319346.4792354493,10.758657322894212,0.35242540757136376,295.06949556492617,15.687794135908742,446676.35752984596,1.2,5215.95000000048
23.86000000000093,1947.3239356771974,319294.9368213687,319294.9368213687,10.758006710760618,0.35229193037951845,295.06949556492617,15.687794135908742,446681.6209171745,1.2,5214.42000000048
23.870000000000932,1947.0576391771974,319243.39715211,319243.39715211,10.757356041404995,0.3521583691423126,295.06949556492617,15.687794135908742,446686.8876186519,1.2,5212.8900000004805
23.880000000000933,1946.7913426771975,319191.86022645497,319191.86022645497,10.756705314808029,0.3520247239519149,295.06949556492617,15.687794135908742,446692.1576306437,1.2,5211.360000000481
23.890000000000935,1946.5250461771975,319140.3260431843,319140.3260431843,10.756054530950408,0.35189099490013825,295.06949556492617,15.687794135908742,446697.4309495294,1.2,5209.830000000481
23.900000000000936,1946.2587496771976,319088.7946010789,319088.7946010789,10.7554036898128,0.3517571820796794,295.06949556492617,15.687794135908742,446702.7075716539,1.2,5208.300000000481
23.910000000000938,1945.9924531771976,319037.2658989193,319037.2658989193,10.754752791375877,0.3516232855829303,295.06949556492617,15.687794135908742,446707.98749337357,1.2,5206.770000000482
23.92000000000094,1945.7261566771977,318985.73993548576,318985.73993548576,10.754101835620286,0.3514893055026498,295.06949556492617,15.687794135908742,446713.2707110311,1.2,5205.240000000482
23.93000000000094,1945.4598601771977,318934.2167095581,318934.2167095581,10.753450822526686,0.3513552419315498,295.06949556492617,15.687794135908742,446718.5572209702,1.2,5203.710000000482
23.940000000000943,1945.1935636771977,318882.6962199163,318882.6962199163,10.752799752075703,0.3512210949627604,295.06949556492617,15.687794135908742,446723.8470195188,1.2,5202.180000000482
23.950000000000944,1944.9272671771978,318831.1784653395,318831.1784653395,10.752148624247978,0.351086864689364,295.06949556492617,15.687794135908742,446729.1401030061,1.2,5200.650000000483
23.960000000000946,1944.6609706771978,318779.6634446069,318779.6634446069,10.751497439024122,0.35095255120491226,295.06949556492617,15.687794135908742,446734.4364677433,1.2,5199.120000000483
23.970000000000947,1944.3946741771979,318728.15115649754,318728.15115649754,10.750846196384755,0.3508181546025996,295.06949556492617,15.687794135908742,446739.7361100555,1.2,5197.590000000483
23.98000000000095,1944.128377677198,318676.64159978996,318676.64159978996,10.750194896310479,0.350683674976295,295.06949556492617,15.687794135908742,446745.03902624093,1.2,5196.060000000483
23.99000000000095,1943.862081177198,318625.13477326266,318625.13477326266,10.74954353878189,0.3505491124198198,295.06949556492617,15.687794135908742,446750.34521260014,1.2,5194.530000000484
24.000000000000952,1943.595784677198,318573.63067569357,318573.63067569357,10.748892123779575,0.35041446702710166,295.06949556492617,15.687794135908742,446755.6546654294,1.2,5193.000000000484
24.010000000000954,1943.329488177198,318522.12930586044,318522.12930586044,10.748240651284105,0.35027973889232966,295.06949556492617,15.687794135908742,446760.9673810143,1.2,5191.470000000484
24.020000000000955,1943.0631916771981,318470.630662541,318470.630662541,10.747589121276055,0.35014492810985043,295.06949556492617,15.687794135908742,446766.2833556348,1.2,5189.940000000484
24.030000000000957,1942.7968951771982,318419.13474451256,318419.13474451256,10.746937533735984,0.3500100347741166,295.06949556492617,15.687794135908742,446771.6025855658,1.2,5188.410000000485
24.04000000000096,1942.5305986771982,318367.6415505519,318367.6415505519,10.746285888644444,0.3498750589796868,295.06949556492617,15.687794135908742,446776.9250670793,1.2,5186.880000000485
24.05000000000096,1942.2643021771983,318316.151079436,318316.151079436,10.745634185981972,0.349740000821585,295.06949556492617,15.687794135908742,446782.2507964278,1.2,5185.350000000485
24.06000000000096,1941.9980056771983,318264.6633299412,318264.6633299412,10.744982425729109,0.3496048603946839,295.06949556492617,15.687794135908742,446787.57976987027,1.2,5183.820000000485
24.070000000000963,1941.7317091771984,318213.1783008436,318213.1783008436,10.744330607866381,0.34946963779411544,295.06949556492617,15.687794135908742,446792.9119836554,1.2,5182.290000000486
24.080000000000965,1941.4654126771984,318161.6959909195,318161.6959909195,10.743678732374295,0.34933433311516754,295.06949556492617,15.687794135908742,446798.24743402575,1.2,5180.760000000486
24.090000000000966,1941.1991161771984,318110.2163989442,318110.2163989442,10.743026799233366,0.3491989464533359,295.06949556492617,15.687794135908742,446803.58611721563,1.2,5179.230000000486
24.100000000000968,1940.9328196771985,318058.7395236932,318058.7395236932,10.742374808424092,0.3490634779041696,295.06949556492617,15.687794135908742,446808.9280294572,1.2,5177.700000000486
24.11000000000097,1940.6665231771985,318007.2653639416,318007.2653639416,10.741722759926962,0.34892792756357793,295.06949556492617,15.687794135908742,446814.2731669685,1.2,5176.170000000487
24.12000000000097,1940.4002266771986,317955.79391846433,317955.79391846433,10.741070653722453,0.34879229552731866,295.06949556492617,15.687794135908742,446819.62152597366,1.2,5174.640000000487
24.130000000000972,1940.1339301771986,317904.3251860359,317904.3251860359,10.740418489791038,0.3486565818915606,295.06949556492617,15.687794135908742,446824.9731026804,1.2,5173.110000000487
24.140000000000974,1939.8676336771987,317852.8591654306,317852.8591654306,10.739766268113186,0.3485207867525764,295.06949556492617,15.687794135908742,446830.3278932923,1.2,5171.580000000487
24.150000000000976,1939.6013371771987,317801.39585542254,317801.39585542254,10.739113988669352,0.3483849102068442,295.06949556492617,15.687794135908742,446835.685894005,1.2,5170.050000000488
24.160000000000977,1939.3350406771988,317749.93525478547,317749.93525478547,10.738461651439975,0.3482489523507411,295.06949556492617,15.687794135908742,446841.04710101837,1.2,5168.520000000488
24.17000000000098,1939.0687441771988,317698.4773622928,317698.4773622928,10.737809256405496,0.3481129132811566,295.06949556492617,15.687794135908742,446846.4115105113,1.2,5166.990000000488
24.18000000000098,1938.8024476771989,317647.0221767179,317647.0221767179,10.73715680354634,0.3479767930948781,295.06949556492617,15.687794135908742,446851.7791186674,1.2,5165.460000000488
24.190000000000982,1938.536151177199,317595.5696968335,317595.5696968335,10.736504292842934,0.3478405918891537,295.06949556492617,15.687794135908742,446857.14992165205,1.2,5163.930000000489
24.200000000000983,1938.269854677199,317544.1199214124,317544.1199214124,10.73585172427568,0.34770430976107797,295.06949556492617,15.687794135908742,446862.52391563624,1.2,5162.400000000489
24.210000000000985,1938.003558177199,317492.672849227,317492.672849227,10.735199097824982,0.34756794680800124,295.06949556492617,15.687794135908742,446867.9010967815,1.2,5160.870000000489
24.220000000000987,1937.737261677199,317441.2284790495,317441.2284790495,10.734546413471232,0.3474315031275289,295.06949556492617,15.687794135908742,446873.28146123874,1.2,5159.340000000489
24.230000000000988,1937.470965177199,317389.7868096515,317389.7868096515,10.73389367119482,0.3472949788172147,295.06949556492617,15.687794135908742,446878.66500516114,1.2,5157.81000000049
24.24000000000099,1937.2046686771992,317338.34783980495,317338.34783980495,10.733240870976113,0.34715837397496935,295.06949556492617,15.687794135908742,446884.05172468774,1.2,5156.28000000049
24.25000000000099,1936.9383721771992,317286.911568281,317286.911568281,10.732588012795482,0.34702168869870254,295.06949556492617,15.687794135908742,446889.441615958,1.2,5154.75000000049
24.260000000000993,1936.6720756771992,317235.4779938506,317235.4779938506,10.731935096633283,0.34688492308667995,295.06949556492617,15.687794135908742,446894.8346750968,1.2,5153.2200000004905
24.270000000000994,1936.4057791771993,317184.04711528454,317184.04711528454,10.731282122469866,0.3467480772371156,295.06949556492617,15.687794135908742,446900.2308982312,1.2,5151.690000000491
24.280000000000996,1936.1394826771993,317132.6189313534,317132.6189313534,10.730629090285564,0.34661115124847613,295.06949556492617,15.687794135908742,446905.63028147846,1.2,5150.160000000491
24.290000000000997,1935.8731861771994,317081.1934408273,317081.1934408273,10.729976000060715,0.3464741452194312,295.06949556492617,15.687794135908742,446911.0328209478,1.2,5148.630000000491
24.300000000001,1935.6068896771994,317029.77064247633,317029.77064247633,10.729322851775636,0.34633705924869906,295.06949556492617,15.687794135908742,446916.4385127466,1.2,5147.1000000004915
24.310000000001,1935.3405931771995,316978.35053507,316978.35053507,10.728669645410646,0.3461998934352511,295.06949556492617,15.687794135908742,446921.84735297185,1.2,5145.570000000492
24.320000000001002,1935.0742966771995,316926.93311737786,316926.93311737786,10.728016380946045,0.34606264787805624,295.06949556492617,15.687794135908742,446927.259337721,1.2,5144.040000000492
24.330000000001004,1934.8080001771996,316875.518388169,316875.518388169,10.727363058362124,0.3459253226765388,295.06949556492617,15.687794135908742,446932.67446307366,1.2,5142.510000000492
24.340000000001005,1934.5417036771996,316824.1063462121,316824.1063462121,10.726709677639175,0.34578791793001923,295.06949556492617,15.687794135908742,446938.0927251131,1.2,5140.9800000004925
24.350000000001007,1934.2754071771997,316772.6969902759,316772.6969902759,10.726056238757476,0.3456504337379678,295.06949556492617,15.687794135908742,446943.5141199169,1.2,5139.450000000493
24.36000000000101,1934.0091106771997,316721.2903191286,316721.2903191286,10.72540274169729,0.34551287020005467,295.06949556492617,15.687794135908742,446948.938643555,1.2,5137.920000000493
24.37000000000101,1933.7428141771998,316669.8863315383,316669.8863315383,10.724749186438878,0.3453752274162017,295.06949556492617,15.687794135908742,446954.36629208724,1.2,5136.390000000493
24.38000000000101,1933.4765176771998,316618.4850262728,316618.4850262728,10.724095572962492,0.34523750548637755,295.06949556492617,15.687794135908742,446959.79706157127,1.2,5134.8600000004935
24.390000000001013,1933.2102211771999,316567.0864020995,316567.0864020995,10.723441901248375,0.3450997045107508,295.06949556492617,15.687794135908742,446965.2309480573,1.2,5133.330000000494
24.400000000001015,1932.9439246772,316515.69045778544,316515.69045778544,10.722788171276754,0.3449618245895373,295.06949556492617,15.687794135908742,446970.6679475936,1.2,5131.800000000494
24.410000000001016,1932.6776281772,316464.29719209793,316464.29719209793,10.72213438302786,0.344823865823253,295.06949556492617,15.687794135908742,446976.1080562165,1.2,5130.270000000494
24.420000000001018,1932.4113316772,316412.9066038034,316412.9066038034,10.7214805364819,0.3446858283124608,295.06949556492617,15.687794135908742,446981.5512699605,1.2,5128.740000000495
24.43000000000102,1932.1450351772,316361.5186916681,316361.5186916681,10.720826631619088,0.3445477121580233,295.06949556492617,15.687794135908742,446986.9975848483,1.2,5127.210000000495
24.44000000000102,1931.8787386772,316310.1334544582,316310.1334544582,10.720172668419615,0.3444095174607481,295.06949556492617,15.687794135908742,446992.44699690473,1.2,5125.680000000495
24.450000000001022,1931.6124421772001,316258.75089093973,316258.75089093973,10.719518646863667,0.3442712443217421,295.06949556492617,15.687794135908742,446997.89950214303,1.2,5124.150000000495
24.460000000001024,1931.3461456772002,316207.3709998781,316207.3709998781,10.718864566931428,0.3441328928422085,295.06949556492617,15.687794135908742,447003.3550965722,1.2,5122.620000000496
24.470000000001026,1931.0798491772002,316155.9937800384,316155.9937800384,10.718210428603065,0.34399446312349746,295.06949556492617,15.687794135908742,447008.8137761958,1.2,5121.090000000496
24.480000000001027,1930.8135526772003,316104.6192301858,316104.6192301858,10.71755623185874,0.3438559552671562,295.06949556492617,15.687794135908742,447014.2755370097,1.2,5119.560000000496
24.49000000000103,1930.5472561772003,316053.2473490851,316053.2473490851,10.716901976678603,0.3437173693747266,295.06949556492617,15.687794135908742,447019.74037500954,1.2,5118.030000000496
24.50000000000103,1930.2809596772004,316001.87813550065,316001.87813550065,10.7162476630428,0.3435787055480485,295.06949556492617,15.687794135908742,447025.2082861799,1.2,5116.500000000497
24.510000000001032,1930.0146631772004,315950.5115881964,315950.5115881964,10.715593290931462,0.3434399638891072,295.06949556492617,15.687794135908742,447030.6792664989,1.2,5114.970000000497
24.520000000001033,1929.7483666772005,315899.1477059365,315899.1477059365,10.714938860324715,0.34330114449988247,295.06949556492617,15.687794135908742,447036.153311945,1.2,5113.440000000497
24.530000000001035,1929.4820701772005,315847.7864874845,315847.7864874845,10.714284371202675,0.3431622474828523,295.06949556492617,15.687794135908742,447041.6304184776,1.2,5111.910000000497
24.540000000001037,1929.2157736772006,315796.42793160374,315796.42793160374,10.713629823545444,0.3430232729402363,295.06949556492617,15.687794135908742,447047.11058206565,1.2,5110.380000000498
24.550000000001038,1928.9494771772002,315745.07203705725,315745.07203705725,10.712975217333135,0.34288422097460064,295.06949556492617,15.687794135908742,447052.5937986648,1.2,5108.850000000498
24.56000000000104,1928.6831806772002,315693.7188026078,315693.7188026078,10.712320552545817,0.3427450916886562,295.06949556492617,15.687794135908742,447058.0800642247,1.2,5107.320000000498
24.57000000000104,1928.4168841772007,315642.36822701787,315642.36822701787,10.71166582916358,0.3426058851852577,295.06949556492617,15.687794135908742,447063.56937468966,1.2,5105.790000000498
24.580000000001043,1928.1505876772007,315591.02030904975,315591.02030904975,10.711011047166496,0.3424666015673037,295.06949556492617,15.687794135908742,447069.06172600214,1.2,5104.260000000499
24.590000000001044,1927.8842911772008,315539.6750474652,315539.6750474652,10.710356206534625,0.3423272409379873,295.06949556492617,15.687794135908742,447074.5571140928,1.2,5102.730000000499
24.600000000001046,1927.6179946772008,315488.33244102605,315488.33244102605,10.709701307248018,0.3421878034007456,295.06949556492617,15.687794135908742,447080.0555348827,1.2,5101.200000000499
24.610000000001047,1927.351698177201,315436.99248849374,315436.99248849374,10.709046349286718,0.34204828905875706,295.06949556492617,15.687794135908742,447085.55698430346,1.2,5099.670000000499
24.62000000000105,1927.0854016772005,315385.65518862917,315385.65518862917,10.70839133263076,0.3419086980156444,295.06949556492617,15.687794135908742,447091.06145826896,1.2,5098.1400000005
24.63000000000105,1926.8191051772005,315334.32054019324,315334.32054019324,10.707736257260175,0.34176903037512324,295.06949556492617,15.687794135908742,447096.5689526892,1.2,5096.6100000005
24.640000000001052,1926.552808677201,315282.9885419467,315282.9885419467,10.707081123154975,0.3416292862411015,295.06949556492617,15.687794135908742,447102.0794634669,1.2,5095.0800000005
24.650000000001054,1926.286512177201,315231.6591926495,315231.6591926495,10.706425930295163,0.34148946571747935,295.06949556492617,15.687794135908742,447107.592986505,1.2,5093.5500000005
24.660000000001055,1926.0202156772011,315180.33249106177,315180.33249106177,10.705770678660743,0.34134956890844886,295.06949556492617,15.687794135908742,447113.109517695,1.2,5092.020000000501
24.670000000001057,1925.7539191772012,315129.00843594334,315129.00843594334,10.705115368231706,0.3412095959182942,295.06949556492617,15.687794135908742,447118.6290529243,1.2,5090.490000000501
24.68000000000106,1925.4876226772012,315077.68702605343,315077.68702605343,10.704459998988025,0.3410695468513908,295.06949556492617,15.687794135908742,447124.15158807737,1.2,5088.960000000501
24.69000000000106,1925.2213261772008,315026.3682601513,315026.3682601513,10.703804570909677,0.34092942181235525,295.06949556492617,15.687794135908742,447129.677119029,1.2,5087.430000000501
24.70000000000106,1924.9550296772009,314975.0521369958,314975.0521369958,10.703149083976621,0.34078922090589536,295.06949556492617,15.687794135908742,447135.20564165,1.2,5085.900000000502
24.710000000001063,1924.688733177201,314923.7386553455,314923.7386553455,10.702493538168813,0.3406489442369095,295.06949556492617,15.687794135908742,447140.737151804,1.2,5084.370000000502
24.720000000001065,1924.422436677201,314872.4278139588,314872.4278139588,10.701837933466193,0.34050859191043664,295.06949556492617,15.687794135908742,447146.2716453491,1.2,5082.840000000502
24.730000000001066,1924.1561401772015,314821.11961159366,314821.11961159366,10.701182269848694,0.34036816403140563,295.06949556492617,15.687794135908742,447151.80911814753,1.2,5081.310000000502
24.740000000001068,1923.8898436772015,314769.81404700765,314769.81404700765,10.70052654729625,0.3402276607053355,295.06949556492617,15.687794135908742,447157.3495660385,1.2,5079.780000000503
24.75000000000107,1923.6235471772015,314718.51111895853,314718.51111895853,10.699870765788768,0.34008708203748494,295.06949556492617,15.687794135908742,447162.89298487135,1.2,5078.250000000503
24.76000000000107,1923.3572506772016,314667.2108262034,314667.2108262034,10.699214925306162,0.3399464281335521,295.06949556492617,15.687794135908742,447168.439370478,1.2,5076.720000000503
24.770000000001072,1923.0909541772012,314615.9131674992,314615.9131674992,10.698559025828326,0.339805699099124,295.06949556492617,15.687794135908742,447173.98871869483,1.2,5075.1900000005035
24.780000000001074,1922.8246576772012,314564.6181416023,314564.6181416023,10.697903067335147,0.33966489503997727,295.06949556492617,15.687794135908742,447179.5410253508,1.2,5073.660000000504
24.790000000001076,1922.5583611772013,314513.3257472693,314513.3257472693,10.697247049806514,0.3395240160623261,295.06949556492617,15.687794135908742,447185.0962862577,1.2,5072.130000000504
24.800000000001077,1922.2920646772018,314462.0359832563,314462.0359832563,10.696590973222287,0.33938306227202425,295.06949556492617,15.687794135908742,447190.65449724137,1.2,5070.600000000504
24.81000000000108,1922.0257681772018,314410.7488483189,314410.7488483189,10.695934837562334,0.33924203377551265,295.06949556492617,15.687794135908742,447196.2156541044,1.2,5069.0700000005045
24.82000000000108,1921.7594716772019,314359.4643412126,314359.4643412126,10.695278642806505,0.33910093067912056,295.06949556492617,15.687794135908742,447201.77975265426,1.2,5067.540000000505
24.830000000001082,1921.493175177202,314308.1824606927,314308.1824606927,10.694622388934647,0.33895975308941456,295.06949556492617,15.687794135908742,447207.34678868833,1.2,5066.010000000505
24.840000000001083,1921.2268786772015,314256.9032055142,314256.9032055142,10.693966075926589,0.3388185011129991,295.06949556492617,15.687794135908742,447212.916758003,1.2,5064.480000000505
24.850000000001085,1920.9605821772016,314205.6265744315,314205.6265744315,10.693309703762155,0.33867717485686444,295.06949556492617,15.687794135908742,447218.4896563794,1.2,5062.9500000005055
24.860000000001087,1920.6942856772016,314154.35256619926,314154.35256619926,10.692653272421165,0.33853577442783883,295.06949556492617,15.687794135908742,447224.065479605,1.2,5061.420000000506
24.870000000001088,1920.4279891772017,314103.0811795715,314103.0811795715,10.691996781883427,0.33839429993298714,295.06949556492617,15.687794135908742,447229.6442234577,1.2,5059.890000000506
24.88000000000109,1920.1616926772017,314051.8124133019,314051.8124133019,10.691340232128733,0.3382527514796096,295.06949556492617,15.687794135908742,447235.22588370694,1.2,5058.360000000506
24.89000000000109,1919.8953961772022,314000.546266144,314000.546266144,10.690683623136874,0.33811112917499336,295.06949556492617,15.687794135908742,447240.8104561214,1.2,5056.8300000005065
24.900000000001093,1919.6290996772022,313949.28273685114,313949.28273685114,10.690026954887626,0.33796943312671024,295.06949556492617,15.687794135908742,447246.3979364597,1.2,5055.300000000507
24.910000000001094,1919.3628031772018,313898.0218241762,313898.0218241762,10.689370227360765,0.33782766344221976,295.06949556492617,15.687794135908742,447251.988320484,1.2,5053.770000000507
24.920000000001096,1919.096506677202,313846.76352687174,313846.76352687174,10.688713440536047,0.33768582022946364,295.06949556492617,15.687794135908742,447257.58160393813,1.2,5052.240000000507
24.930000000001098,1918.830210177202,313795.5078436904,313795.5078436904,10.68805659439322,0.33754390359622105,295.06949556492617,15.687794135908742,447263.177782572,1.2,5050.7100000005075
24.9400000000011,1918.563913677202,313744.2547733842,313744.2547733842,10.687399688912032,0.3374019136507035,295.06949556492617,15.687794135908742,447268.7768521185,1.2,5049.180000000508
24.9500000000011,1918.297617177202,313693.00431470474,313693.00431470474,10.686742724072218,0.3372598505009097,295.06949556492617,15.687794135908742,447274.37880831887,1.2,5047.650000000508
24.960000000001102,1918.0313206772025,313641.7564664039,313641.7564664039,10.686085699853493,0.33711771425522064,295.06949556492617,15.687794135908742,447279.98364689946,1.2,5046.120000000508
24.970000000001104,1917.7650241772026,313590.5112272326,313590.5112272326,10.685428616235576,0.3369755050221505,295.06949556492617,15.687794135908742,447285.59136358113,1.2,5044.590000000509
24.980000000001105,1917.4987276772022,313539.2685959421,313539.2685959421,10.684771473198174,0.3368332229100508,295.06949556492617,15.687794135908742,447291.20195409155,1.2,5043.060000000509
24.990000000001107,1917.2324311772022,313488.0285712828,313488.0285712828,10.68411427072098,0.33669086802799997,295.06949556492617,15.687794135908742,447296.81541412894,1.2,5041.530000000509
25.00000000000111,1916.9661346772023,313436.79115200526,313436.79115200526,10.683457008783682,0.3365484404845662,295.06949556492617,15.687794135908742,447302.43173941254,1.2,5040.000000000509
25.01000000000111,1916.6998381772023,313385.5563368596,313385.5563368596,10.682799687365955,0.33640594038874755,295.06949556492617,15.687794135908742,447308.05092564406,1.2,5038.47000000051
25.02000000000111,1916.4335416772024,313334.3241245956,313334.3241245956,10.68214230644747,0.3362633678496746,295.06949556492617,15.687794135908742,447313.67296852026,1.2,5036.94000000051
25.030000000001113,1916.1672451772024,313283.0945139628,313283.0945139628,10.681484866007889,0.33612072297656076,295.06949556492617,15.687794135908742,447319.2978637344,1.2,5035.41000000051
25.040000000001115,1915.9009486772025,313231.8675037105,313231.8675037105,10.680827366026852,0.3359780058788502,295.06949556492617,15.687794135908742,447324.925606971,1.2,5033.88000000051
25.050000000001116,1915.6346521772025,313180.6430925876,313180.6430925876,10.680169806484008,0.3358352166659214,295.06949556492617,15.687794135908742,447330.55619391694,1.2,5032.350000000511
25.060000000001118,1915.3683556772025,313129.4212793429,313129.4212793429,10.679512187358982,0.33569235544758064,295.06949556492617,15.687794135908742,447336.1896202421,1.2,5030.820000000511
25.07000000000112,1915.1020591772026,313078.2020627246,313078.2020627246,10.678854508631403,0.33554942233332113,295.06949556492617,15.687794135908742,447341.82588162884,1.2,5029.290000000511
25.08000000000112,1914.8357626772026,313026.985441481,313026.985441481,10.678196770280877,0.33540641743330973,295.06949556492617,15.687794135908742,447347.4649737332,1.2,5027.760000000511
25.090000000001123,1914.5694661772027,312975.77141435986,312975.77141435986,10.677538972287007,0.3352633408573017,295.06949556492617,15.687794135908742,447353.1068922269,1.2,5026.230000000512
25.100000000001124,1914.3031696772027,312924.5599801087,312924.5599801087,10.67688111462939,0.33512019271577376,295.06949556492617,15.687794135908742,447358.7516327537,1.2,5024.700000000512
25.110000000001126,1914.0368731772028,312873.3511374748,312873.3511374748,10.676223197287612,0.33497697311879115,295.06949556492617,15.687794135908742,447364.3991909734,1.2,5023.170000000512
25.120000000001127,1913.7705766772033,312822.144885205,312822.144885205,10.675565220241243,0.3348336821768445,295.06949556492617,15.687794135908742,447370.04956252914,1.2,5021.640000000512
25.13000000000113,1913.5042801772029,312770.9412220462,312770.9412220462,10.674907183469852,0.33469032000055365,295.06949556492617,15.687794135908742,447375.7027430587,1.2,5020.110000000513
25.14000000000113,1913.237983677203,312719.74014674476,312719.74014674476,10.674249086952996,0.3345468867004222,295.06949556492617,15.687794135908742,447381.35872820456,1.2,5018.580000000513
25.150000000001132,1912.971687177203,312668.54165804666,312668.54165804666,10.673590930670224,0.33440338238727946,295.06949556492617,15.687794135908742,447387.01751359657,1.2,5017.050000000513
25.160000000001133,1912.705390677203,312617.34575469757,312617.34575469757,10.672932714601068,0.33425980717198533,295.06949556492617,15.687794135908742,447392.6790948631,1.2,5015.520000000513
25.170000000001135,1912.439094177203,312566.1524354435,312566.1524354435,10.67227443872506,0.3341161611657734,295.06949556492617,15.687794135908742,447398.3434676181,1.2,5013.990000000514
25.180000000001137,1912.172797677203,312514.9616990292,312514.9616990292,10.67161610302172,0.3339724444796625,295.06949556492617,15.687794135908742,447404.01062748337,1.2,5012.460000000514
25.190000000001138,1911.9065011772032,312463.77354419994,312463.77354419994,10.670957707470556,0.3338286572249952,295.06949556492617,15.687794135908742,447409.68057006877,1.2,5010.930000000514
25.20000000000114,1911.6402046772032,312412.58796970034,312412.58796970034,10.670299252051072,0.3336847995132421,295.06949556492617,15.687794135908742,447415.35329097847,1.2,5009.400000000514
25.21000000000114,1911.3739081772032,312361.4049742746,312361.4049742746,10.669640736742755,0.3335408714558049,295.06949556492617,15.687794135908742,447421.0287858195,1.2,5007.870000000515
25.220000000001143,1911.1076116772033,312310.224556667,312310.224556667,10.668982161525088,0.3333968731645557,295.06949556492617,15.687794135908742,447426.70705018076,1.2,5006.340000000515
25.230000000001144,1910.8413151772033,312259.04671562114,312259.04671562114,10.668323526377543,0.33325280475129754,295.06949556492617,15.687794135908742,447432.3880796533,1.2,5004.810000000515
25.240000000001146,1910.5750186772034,312207.87144988065,312207.87144988065,10.667664831279588,0.3331086663279595,295.06949556492617,15.687794135908742,447438.07186982344,1.2,5003.280000000515
25.250000000001148,1910.3087221772034,312156.6987581889,312156.6987581889,10.667006076210667,0.33296445800650004,295.06949556492617,15.687794135908742,447443.7584162763,1.2,5001.750000000516
25.26000000000115,1910.0424256772035,312105.5286392886,312105.5286392886,10.666347261150232,0.33282017989919865,295.06949556492617,15.687794135908742,447449.4477145846,1.2,5000.220000000516
25.27000000000115,1909.7761291772035,312054.3610919226,312054.3610919226,10.665688386077717,0.33267583211826546,295.06949556492617,15.687794135908742,447455.1397603233,1.2,4998.690000000516
25.280000000001152,1909.5098326772036,312003.1961148331,312003.1961148331,10.665029450972547,0.33253141477618264,295.06949556492617,15.687794135908742,447460.834549057,1.2,4997.160000000516
25.290000000001154,1909.2435361772036,311952.0337067621,311952.0337067621,10.664370455814131,0.3323869279855088,295.06949556492617,15.687794135908742,447466.5320763474,1.2,4995.630000000517
25.300000000001155,1908.9772396772037,311900.87386645155,311900.87386645155,10.663711400581885,0.3322423718588783,295.06949556492617,15.687794135908742,447472.23233775265,1.2,4994.100000000517
25.310000000001157,1908.7109431772037,311849.71659264277,311849.71659264277,10.663052285255205,0.33209774650905094,295.06949556492617,15.687794135908742,447477.9353288265,1.2,4992.570000000517
25.32000000000116,1908.4446466772038,311798.5618840772,311798.5618840772,10.662393109813475,0.3319530520490082,295.06949556492617,15.687794135908742,447483.6410451138,1.2,4991.0400000005175
25.33000000000116,1908.1783501772038,311747.40973949555,311747.40973949555,10.661733874236074,0.3318082885918067,295.06949556492617,15.687794135908742,447489.34948215634,1.2,4989.510000000518
25.34000000000116,1907.9120536772039,311696.26015763835,311696.26015763835,10.66107457850237,0.3316634562505298,295.06949556492617,15.687794135908742,447495.06063549506,1.2,4987.980000000518
25.350000000001163,1907.645757177204,311645.1131372462,311645.1131372462,10.66041522259173,0.33151855513857925,295.06949556492617,15.687794135908742,447500.7745006578,1.2,4986.450000000518
25.360000000001165,1907.379460677204,311593.9686770591,311593.9686770591,10.659755806483494,0.3313735853692851,295.06949556492617,15.687794135908742,447506.4910731762,1.2,4984.9200000005185
25.370000000001166,1907.113164177204,311542.8267758165,311542.8267758165,10.65909633015701,0.33122854705629545,295.06949556492617,15.687794135908742,447512.2103485682,1.2,4983.390000000519
25.380000000001168,1906.846867677204,311491.68743225816,311491.68743225816,10.658436793591603,0.33108344031308895,295.06949556492617,15.687794135908742,447517.93232235964,1.2,4981.860000000519
25.39000000000117,1906.580571177204,311440.550645123,311440.550645123,10.657777196766602,0.33093826525351033,295.06949556492617,15.687794135908742,447523.65699006076,1.2,4980.330000000519
25.40000000000117,1906.3142746772041,311389.4164131501,311389.4164131501,10.65711753966131,0.33079302199147753,295.06949556492617,15.687794135908742,447529.38434717973,1.2,4978.8000000005195
25.410000000001173,1906.0479781772042,311338.28473507793,311338.28473507793,10.656457822255037,0.3306477106409821,295.06949556492617,15.687794135908742,447535.1143892214,1.2,4977.27000000052
25.420000000001174,1905.7816816772042,311287.1556096449,311287.1556096449,10.655798044527073,0.3305023313161372,295.06949556492617,15.687794135908742,447540.84711168613,1.2,4975.74000000052
25.430000000001176,1905.5153851772043,311236.02903558884,311236.02903558884,10.655138206456707,0.33035688413108016,295.06949556492617,15.687794135908742,447546.58251007315,1.2,4974.21000000052
25.440000000001177,1905.2490886772043,311184.9050116474,311184.9050116474,10.654478308023206,0.3302113692002153,295.06949556492617,15.687794135908742,447552.32057987084,1.2,4972.6800000005205
25.45000000000118,1904.9827921772044,311133.7835365582,311133.7835365582,10.653818349205837,0.3300657866381165,295.06949556492617,15.687794135908742,447558.0613165616,1.2,4971.150000000521
25.46000000000118,1904.7164956772044,311082.6646090583,311082.6646090583,10.653158329983858,0.32992013655933183,295.06949556492617,15.687794135908742,447563.80471562827,1.2,4969.620000000521
25.470000000001182,1904.4501991772045,311031.5482278845,311031.5482278845,10.652498250336516,0.32977441907848215,295.06949556492617,15.687794135908742,447569.55077255104,1.2,4968.090000000521
25.480000000001183,1904.1839026772045,310980.43439177336,310980.43439177336,10.65183811024304,0.3296286343105985,295.06949556492617,15.687794135908742,447575.2994827942,1.2,4966.5600000005215
25.490000000001185,1903.9176061772046,310929.3230994609,310929.3230994609,10.65117790968266,0.3294827823704928,295.06949556492617,15.687794135908742,447581.0508418299,1.2,4965.030000000522
25.500000000001187,1903.6513096772046,310878.2143496835,310878.2143496835,10.650517648634596,0.3293368633732414,295.06949556492617,15.687794135908742,447586.80484512064,1.2,4963.500000000522
25.510000000001188,1903.3850131772047,310827.10814117646,310827.10814117646,10.649857327078058,0.329190877434137,295.06949556492617,15.687794135908742,447592.5614881201,1.2,4961.970000000522
25.52000000000119,1903.1187166772047,310776.00447267527,310776.00447267527,10.649196944992235,0.32904482466834895,295.06949556492617,15.687794135908742,447598.32076628675,1.2,4960.440000000523
25.53000000000119,1902.8524201772047,310724.903342915,310724.903342915,10.648536502356325,0.3288987051913106,295.06949556492617,15.687794135908742,447604.0826750688,1.2,4958.910000000523
25.540000000001193,1902.5861236772048,310673.80475063034,310673.80475063034,10.6478759991495,0.3287525191185735,295.06949556492617,15.687794135908742,447609.8472099095,1.2,4957.380000000523
25.550000000001194,1902.3198271772048,310622.708694556,310622.708694556,10.647215435350935,0.3286062665657589,295.06949556492617,15.687794135908742,447615.61436624994,1.2,4955.850000000523
25.560000000001196,1902.053530677205,310571.61517342576,310571.61517342576,10.646554810939787,0.32845994764860603,295.06949556492617,15.687794135908742,447621.384139526,1.2,4954.320000000524
25.570000000001198,1901.787234177205,310520.5241859738,310520.5241859738,10.645894125895207,0.32831356248287485,295.06949556492617,15.687794135908742,447627.15652517276,1.2,4952.790000000524
25.5800000000012,1901.520937677205,310469.4357309339,310469.4357309339,10.645233380196336,0.3281671111847326,295.06949556492617,15.687794135908742,447632.93151860964,1.2,4951.260000000524
25.5900000000012,1901.254641177205,310418.3498070389,310418.3498070389,10.644572573822307,0.3280205938702214,295.06949556492617,15.687794135908742,447638.7091152608,1.2,4949.730000000524
25.600000000001202,1900.988344677205,310367.2664130222,310367.2664130222,10.643911706752238,0.3278740106554524,295.06949556492617,15.687794135908742,447644.48931054753,1.2,4948.200000000525
25.610000000001204,1900.7220481772051,310316.1855476162,310316.1855476162,10.643250778965244,0.32772736165679794,295.06949556492617,15.687794135908742,447650.27209988097,1.2,4946.670000000525
25.620000000001205,1900.4557516772052,310265.1072095535,310265.1072095535,10.642589790440429,0.32758064699079387,295.06949556492617,15.687794135908742,447656.0574786657,1.2,4945.140000000525
25.630000000001207,1900.1894551772052,310214.03139756626,310214.03139756626,10.641928741156883,0.3274338667739,295.06949556492617,15.687794135908742,447661.84544230945,1.2,4943.610000000525
25.64000000000121,1899.9231586772053,310162.9581103862,310162.9581103862,10.64126763109369,0.3272870211229315,295.06949556492617,15.687794135908742,447667.6359862059,1.2,4942.080000000526
25.65000000000121,1899.6568621772053,310111.8873467449,310111.8873467449,10.64060646022992,0.32714011015438654,295.06949556492617,15.687794135908742,447673.4291057611,1.2,4940.550000000526
25.66000000000121,1899.3905656772054,310060.8191053737,310060.8191053737,10.639945228544647,0.32699313398531077,295.06949556492617,15.687794135908742,447679.2247963597,1.2,4939.020000000526
25.670000000001213,1899.1242691772054,310009.7533850033,310009.7533850033,10.63928393601692,0.3268460927326244,295.06949556492617,15.687794135908742,447685.0230533912,1.2,4937.490000000526
25.680000000001215,1898.8579726772055,309958.69018436444,309958.69018436444,10.638622582625782,0.3266989865134098,295.06949556492617,15.687794135908742,447690.8238722386,1.2,4935.960000000527
25.690000000001216,1898.5916761772055,309907.6295021877,309907.6295021877,10.637961168350271,0.32655181544486384,295.06949556492617,15.687794135908742,447696.62724828057,1.2,4934.430000000527
25.700000000001218,1898.3253796772055,309856.57133720274,309856.57133720274,10.63729969316941,0.32640457964429714,295.06949556492617,15.687794135908742,447702.4331768912,1.2,4932.900000000527
25.71000000000122,1898.0590831772056,309805.51568813954,309805.51568813954,10.636638157062222,0.32625727922918174,295.06949556492617,15.687794135908742,447708.24165343825,1.2,4931.370000000527
25.72000000000122,1897.7927866772056,309754.4625537275,309754.4625537275,10.635976560007705,0.3261099143170072,295.06949556492617,15.687794135908742,447714.05267328885,1.2,4929.840000000528
25.730000000001223,1897.5264901772057,309703.41193269595,309703.41193269595,10.63531490198486,0.32596248502551955,295.06949556492617,15.687794135908742,447719.86623179977,1.2,4928.310000000528
25.740000000001224,1897.2601936772057,309652.3638237736,309652.3638237736,10.634653182972674,0.32581499147238635,295.06949556492617,15.687794135908742,447725.6823243312,1.2,4926.780000000528
25.750000000001226,1896.9938971772058,309601.31822568894,309601.31822568894,10.633991402950125,0.32566743377553076,295.06949556492617,15.687794135908742,447731.5009462328,1.2,4925.250000000528
25.760000000001227,1896.7276006772058,309550.2751371703,309550.2751371703,10.633329561896177,0.3255198120527972,295.06949556492617,15.687794135908742,447737.322092858,1.2,4923.720000000529
25.77000000000123,1896.4613041772059,309499.2345569458,309499.2345569458,10.632667659789794,0.3253721264223329,295.06949556492617,15.687794135908742,447743.14575954777,1.2,4922.190000000529
25.78000000000123,1896.195007677206,309448.196483743,309448.196483743,10.632005696609918,0.3252243770024922,295.06949556492617,15.687794135908742,447748.97194163507,1.2,4920.660000000529
25.790000000001232,1895.928711177206,309397.1609162892,309397.1609162892,10.631343672335495,0.3250765639112633,295.06949556492617,15.687794135908742,447754.80063446716,1.2,4919.130000000529
25.800000000001234,1895.662414677206,309346.1278533116,309346.1278533116,10.630681586945448,0.32492868726717505,295.06949556492617,15.687794135908742,447760.63183337013,1.2,4917.60000000053
25.810000000001235,1895.396118177206,309295.09729353676,309295.09729353676,10.630019440418698,0.3247807471887238,295.06949556492617,15.687794135908742,447766.46553367167,1.2,4916.07000000053
25.820000000001237,1895.129821677206,309244.0692356915,309244.0692356915,10.629357232734156,0.324632743794421,295.06949556492617,15.687794135908742,447772.30173069803,1.2,4914.54000000053
25.830000000001238,1894.8635251772062,309193.04367850185,309193.04367850185,10.628694963870723,0.3244846772029838,295.06949556492617,15.687794135908742,447778.1404197683,1.2,4913.01000000053
25.84000000000124,1894.5972286772062,309142.02062069357,309142.02062069357,10.628032633807289,0.32433654753328683,295.06949556492617,15.687794135908742,447783.98159619456,1.2,4911.480000000531
25.85000000000124,1894.3309321772063,309091.0000609924,309091.0000609924,10.62737024252273,0.32418835490426645,295.06949556492617,15.687794135908742,447789.825255287,1.2,4909.950000000531
25.860000000001243,1894.0646356772063,309039.9819981237,309039.9819981237,10.62670778999592,0.32404009943487333,295.06949556492617,15.687794135908742,447795.67139235506,1.2,4908.420000000531
25.870000000001244,1893.7983391772063,308988.96643081226,308988.96643081226,10.626045276205726,0.3238917812442623,295.06949556492617,15.687794135908742,447801.52000270004,1.2,4906.8900000005315
25.880000000001246,1893.5320426772064,308937.95335778274,308937.95335778274,10.62538270113099,0.3237434004516492,295.06949556492617,15.687794135908742,447807.371081621,1.2,4905.360000000532
25.890000000001248,1893.2657461772064,308886.94277775974,308886.94277775974,10.624720064750557,0.32359495717645365,295.06949556492617,15.687794135908742,447813.22462440876,1.2,4903.830000000532
25.90000000000125,1892.9994496772065,308835.9346894672,308835.9346894672,10.624057367043259,0.32344645153810814,295.06949556492617,15.687794135908742,447819.08062635397,1.2,4902.300000000532
25.91000000000125,1892.7331531772065,308784.92909162893,308784.92909162893,10.623394607987922,0.3232978836559631,295.06949556492617,15.687794135908742,447824.9390827502,1.2,4900.7700000005325
25.920000000001252,1892.4668566772066,308733.92598296853,308733.92598296853,10.622731787563355,0.32314925364980907,295.06949556492617,15.687794135908742,447830.79998887354,1.2,4899.240000000533
25.930000000001254,1892.2005601772066,308682.92536220886,308682.92536220886,10.62206890574836,0.3230005616393066,295.06949556492617,15.687794135908742,447836.6633400058,1.2,4897.710000000533
25.940000000001255,1891.9342636772067,308631.9272280733,308631.9272280733,10.62140596252173,0.32285180774422323,295.06949556492617,15.687794135908742,447842.5291314239,1.2,4896.180000000533
25.950000000001257,1891.6679671772067,308580.9315792841,308580.9315792841,10.620742957862252,0.3227029920846704,295.06949556492617,15.687794135908742,447848.39735839184,1.2,4894.6500000005335
25.96000000000126,1891.4016706772068,308529.93841456354,308529.93841456354,10.620079891748693,0.3225541147805341,295.06949556492617,15.687794135908742,447854.2680161817,1.2,4893.120000000534
25.97000000000126,1891.1353741772068,308478.94773263374,308478.94773263374,10.619416764159817,0.3224051759519488,295.06949556492617,15.687794135908742,447860.14110005664,1.2,4891.590000000534
25.98000000000126,1890.8690776772069,308427.9595322163,308427.9595322163,10.618753575074388,0.3222561757192496,295.06949556492617,15.687794135908742,447866.0166052714,1.2,4890.060000000534
25.990000000001263,1890.602781177207,308376.97381203267,308376.97381203267,10.618090324471142,0.32210711420268745,295.06949556492617,15.687794135908742,447871.8945270841,1.2,4888.5300000005345
26.000000000001265,1890.336484677207,308325.9905708038,308325.9905708038,10.61742701232881,0.3219579915228085,295.06949556492617,15.687794135908742,447877.77486074116,1.2,4887.000000000535
26.010000000001266,1890.070188177207,308275.0098072507,308275.0098072507,10.616763638626123,0.32180880779997967,295.06949556492617,15.687794135908742,447883.6576014963,1.2,4885.470000000535
26.020000000001268,1889.803891677207,308224.03152009356,308224.03152009356,10.616100203341794,0.3216595631550982,295.06949556492617,15.687794135908742,447889.5427445823,1.2,4883.940000000535
26.03000000000127,1889.537595177207,308173.0557080527,308173.0557080527,10.615436706454528,0.3215102577086932,295.06949556492617,15.687794135908742,447895.43028524605,1.2,4882.410000000536
26.04000000000127,1889.2712986772071,308122.08236984815,308122.08236984815,10.614773147943016,0.32136089158168124,295.06949556492617,15.687794135908742,447901.3202187197,1.2,4880.880000000536
26.050000000001273,1889.0050021772072,308071.1115041991,308071.1115041991,10.614109527785947,0.32121146489489444,295.06949556492617,15.687794135908742,447907.2125402385,1.2,4879.350000000536
26.060000000001274,1888.7387056772072,308020.14310982515,308020.14310982515,10.613445845961994,0.3210619777694566,295.06949556492617,15.687794135908742,447913.10724502616,1.2,4877.820000000536
26.070000000001276,1888.4724091772073,307969.17718544503,307969.17718544503,10.61278210244983,0.3209124303263597,295.06949556492617,15.687794135908742,447919.0043283114,1.2,4876.290000000537
26.080000000001277,1888.2061126772073,307918.2137297776,307918.2137297776,10.6121182972281,0.32076282268688655,295.06949556492617,15.687794135908742,447924.90378531214,1.2,4874.760000000537
26.09000000000128,1887.9398161772074,307867.25274154113,307867.25274154113,10.611454430275455,0.3206131549722351,295.06949556492617,15.687794135908742,447930.80561124865,1.2,4873.230000000537
26.10000000000128,1887.6735196772074,307816.2942194536,307816.2942194536,10.61079050157053,0.3204634273039877,295.06949556492617,15.687794135908742,447936.70980132703,1.2,4871.700000000537
26.110000000001282,1887.4072231772075,307765.33816223295,307765.33816223295,10.610126511091956,0.3203136398034994,295.06949556492617,15.687794135908742,447942.6163507618,1.2,4870.170000000538
26.120000000001284,1887.1409266772075,307714.38456859643,307714.38456859643,10.609462458818339,0.3201637925924158,295.06949556492617,15.687794135908742,447948.5252547559,1.2,4868.640000000538
26.130000000001285,1886.8746301772076,307663.43343726126,307663.43343726126,10.608798344728292,0.32001388579243634,295.06949556492617,15.687794135908742,447954.4365085107,1.2,4867.110000000538
26.140000000001287,1886.6083336772076,307612.4847669443,307612.4847669443,10.608134168800413,0.31986391952540927,295.06949556492617,15.687794135908742,447960.35010722117,1.2,4865.580000000538
26.150000000001288,1886.3420371772077,307561.5385563622,307561.5385563622,10.607469931013286,0.31971389391318944,295.06949556492617,15.687794135908742,447966.2660460822,1.2,4864.050000000539
26.16000000000129,1886.0757406772077,307510.594804231,307510.594804231,10.606805631345487,0.31956380907768583,295.06949556492617,15.687794135908742,447972.18432028673,1.2,4862.520000000539
26.17000000000129,1885.8094441772078,307459.6535092667,307459.6535092667,10.606141269775584,0.31941366514100145,295.06949556492617,15.687794135908742,447978.10492501984,1.2,4860.990000000539
26.180000000001293,1885.5431476772078,307408.71467018494,307408.71467018494,10.605476846282135,0.3192634622252927,295.06949556492617,15.687794135908742,447984.02785546455,1.2,4859.460000000539
26.190000000001294,1885.2768511772078,307357.7782857009,307357.7782857009,10.604812360843686,0.3191132004528158,295.06949556492617,15.687794135908742,447989.9531067997,1.2,4857.93000000054
26.200000000001296,1885.010554677208,307306.84435452963,307306.84435452963,10.604147813438772,0.3189628799457858,295.06949556492617,15.687794135908742,447995.8806742064,1.2,4856.40000000054
26.210000000001298,1884.744258177208,307255.912875386,307255.912875386,10.603483204045922,0.3188125008267049,295.06949556492617,15.687794135908742,448001.81055285386,1.2,4854.87000000054
26.2200000000013,1884.477961677208,307204.9838469844,307204.9838469844,10.602818532643651,0.3186620632181269,295.06949556492617,15.687794135908742,448007.74273790943,1.2,4853.34000000054
26.2300000000013,1884.211665177208,307154.0572680386,307154.0572680386,10.602153799210477,0.318511567242611,295.06949556492617,15.687794135908742,448013.67722454015,1.2,4851.810000000541
26.240000000001302,1883.945368677208,307103.13313726295,307103.13313726295,10.60148900372488,0.3183610130229083,295.06949556492617,15.687794135908742,448019.6140079058,1.2,4850.280000000541
26.250000000001304,1883.6790721772081,307052.2114533704,307052.2114533704,10.600824146165362,0.3182104006817276,295.06949556492617,15.687794135908742,448025.5530831674,1.2,4848.750000000541
26.260000000001305,1883.4127756772082,307001.2922150744,307001.2922150744,10.600159226510392,0.3180597303421095,295.06949556492617,15.687794135908742,448031.4944454733,1.2,4847.220000000541
26.270000000001307,1883.1464791772082,306950.37542108784,306950.37542108784,10.599494244738445,0.3179090021268647,295.06949556492617,15.687794135908742,448037.43808998074,1.2,4845.690000000542
26.28000000000131,1882.8801826772083,306899.4610701231,306899.4610701231,10.598829200827968,0.3177582161592284,295.06949556492617,15.687794135908742,448043.38401182997,1.2,4844.160000000542
26.29000000000131,1882.6138861772083,306848.54916089255,306848.54916089255,10.598164094757417,0.31760737256225235,295.06949556492617,15.687794135908742,448049.33220616885,1.2,4842.630000000542
26.30000000000131,1882.3475896772084,306797.6396921082,306797.6396921082,10.597498926505228,0.3174564714592251,295.06949556492617,15.687794135908742,448055.2826681358,1.2,4841.100000000542
26.310000000001313,1882.0812931772084,306746.7326624817,306746.7326624817,10.596833696049831,0.3173055129733451,295.06949556492617,15.687794135908742,448061.23539287277,1.2,4839.570000000543
26.320000000001315,1881.8149966772085,306695.8280707242,306695.8280707242,10.596168403369637,0.3171544972281864,295.06949556492617,15.687794135908742,448067.19037550676,1.2,4838.040000000543
26.330000000001316,1881.5487001772085,306644.92591554683,306644.92591554683,10.59550304844306,0.31700342434709305,295.06949556492617,15.687794135908742,448073.1476111741,1.2,4836.510000000543
26.340000000001318,1881.2824036772085,306594.02619566035,306594.02619566035,10.594837631248494,0.31685229445364405,295.06949556492617,15.687794135908742,448079.10709500156,1.2,4834.980000000543
26.35000000000132,1881.0161071772086,306543.12890977523,306543.12890977523,10.594172151764331,0.316701107671607,295.06949556492617,15.687794135908742,448085.06882210873,1.2,4833.450000000544
26.36000000000132,1880.7498106772086,306492.2340566014,306492.2340566014,10.593506609968943,0.3165498641247045,295.06949556492617,15.687794135908742,448091.0327876168,1.2,4831.920000000544
26.370000000001323,1880.4835141772087,306441.34163484885,306441.34163484885,10.5928410058407,0.316398563936754,295.06949556492617,15.687794135908742,448096.99898664333,1.2,4830.390000000544
26.380000000001324,1880.2172176772087,306390.45164322696,306390.45164322696,10.592175339357963,0.31624720723176014,295.06949556492617,15.687794135908742,448102.96741429856,1.2,4828.8600000005445
26.390000000001326,1879.9509211772088,306339.5640804448,306339.5640804448,10.591509610499077,0.3160957941337288,295.06949556492617,15.687794135908742,448108.93806569243,1.2,4827.330000000545
26.400000000001327,1879.6846246772088,306288.6789452115,306288.6789452115,10.590843819242378,0.31594432476666684,295.06949556492617,15.687794135908742,448114.9109359352,1.2,4825.800000000545
26.41000000000133,1879.4183281772089,306237.79623623553,306237.79623623553,10.590177965566198,0.3157927992549062,295.06949556492617,15.687794135908742,448120.8860201238,1.2,4824.270000000545
26.42000000000133,1879.152031677209,306186.915952225,306186.915952225,10.58951204944885,0.3156412177227333,295.06949556492617,15.687794135908742,448126.8633133575,1.2,4822.7400000005455
26.430000000001332,1878.885735177209,306136.0380918881,306136.0380918881,10.588846070868644,0.31548958029443436,295.06949556492617,15.687794135908742,448132.8428107354,1.2,4821.210000000546
26.440000000001334,1878.619438677209,306085.1626539323,306085.1626539323,10.58818002980388,0.3153378870943883,295.06949556492617,15.687794135908742,448138.8245073526,1.2,4819.680000000546
26.450000000001335,1878.353142177209,306034.28963706497,306034.28963706497,10.587513926232837,0.31518613824715935,295.06949556492617,15.687794135908742,448144.8083982974,1.2,4818.150000000546
26.460000000001337,1878.086845677209,305983.419039993,305983.419039993,10.5868477601338,0.3150343338772646,295.06949556492617,15.687794135908742,448150.79447865963,1.2,4816.6200000005465
26.47000000000134,1877.8205491772092,305932.55086142337,305932.55086142337,10.586181531485039,0.3148824741095441,295.06949556492617,15.687794135908742,448156.7827435166,1.2,4815.090000000547
26.48000000000134,1877.5542526772088,305881.6851000622,305881.6851000622,10.585515240264803,0.31473055906851355,295.06949556492617,15.687794135908742,448162.77318795817,1.2,4813.560000000547
26.49000000000134,1877.2879561772093,305830.82175461587,305830.82175461587,10.584848886451343,0.31457858887924184,295.06949556492617,15.687794135908742,448168.7658070526,1.2,4812.030000000547
26.500000000001343,1877.0216596772093,305779.96082378994,305779.96082378994,10.584182470022895,0.31442656366661115,295.06949556492617,15.687794135908742,448174.76059587544,1.2,4810.5000000005475
26.510000000001344,1876.7553631772093,305729.10230628983,305729.10230628983,10.583515990957691,0.31427448355559484,295.06949556492617,15.687794135908742,448180.7575494985,1.2,4808.970000000548
26.520000000001346,1876.4890666772094,305678.24620082084,305678.24620082084,10.58284944923394,0.3141223486713021,295.06949556492617,15.687794135908742,448186.7566629885,1.2,4807.440000000548
26.530000000001348,1876.2227701772094,305627.39250608784,305627.39250608784,10.582182844829854,0.31397015913897863,295.06949556492617,15.687794135908742,448192.7579314068,1.2,4805.910000000548
26.54000000000135,1875.9564736772095,305576.5412207953,305576.5412207953,10.581516177723627,0.3138179150837751,295.06949556492617,15.687794135908742,448198.76134981785,1.2,4804.3800000005485
26.55000000000135,1875.690177177209,305525.69234364724,305525.69234364724,10.580849447893447,0.31366561663116216,295.06949556492617,15.687794135908742,448204.7669132744,1.2,4802.850000000549
26.560000000001352,1875.4238806772096,305474.84587334795,305474.84587334795,10.580182655317493,0.313513263906469,295.06949556492617,15.687794135908742,448210.7746168343,1.2,4801.320000000549
26.570000000001354,1875.1575841772096,305424.00180860085,305424.00180860085,10.579515799973928,0.3133608570351139,295.06949556492617,15.687794135908742,448216.78445555194,1.2,4799.790000000549
26.580000000001355,1874.8912876772097,305373.1601481092,305373.1601481092,10.578848881840907,0.31320839614274176,295.06949556492617,15.687794135908742,448222.7964244727,1.2,4798.26000000055
26.590000000001357,1874.6249911772097,305322.32089057594,305322.32089057594,10.578181900896583,0.31305588135490137,295.06949556492617,15.687794135908742,448228.8105186459,1.2,4796.73000000055
26.60000000000136,1874.3586946772098,305271.48403470387,305271.48403470387,10.57751485711908,0.31290331279736794,295.06949556492617,15.687794135908742,448234.82673311187,1.2,4795.20000000055
26.61000000000136,1874.0923981772098,305220.6495791952,305220.6495791952,10.576847750486536,0.3127506905958661,295.06949556492617,15.687794135908742,448240.8450629128,1.2,4793.67000000055
26.62000000000136,1873.8261016772099,305169.81752275204,305169.81752275204,10.57618058097706,0.3125980148762541,295.06949556492617,15.687794135908742,448246.86550308595,1.2,4792.140000000551
26.630000000001363,1873.5598051772095,305118.9878640761,305118.9878640761,10.575513348568759,0.3124452857646606,295.06949556492617,15.687794135908742,448252.88804865745,1.2,4790.610000000551
26.640000000001365,1873.2935086772095,305068.16060186893,305068.16060186893,10.574846053239726,0.3122925033871174,295.06949556492617,15.687794135908742,448258.91269465775,1.2,4789.080000000551
26.650000000001366,1873.02721217721,305017.33573483134,305017.33573483134,10.574178694968051,0.31213966786951336,295.06949556492617,15.687794135908742,448264.9394361226,1.2,4787.550000000551
26.660000000001368,1872.76091567721,304966.51326166425,304966.51326166425,10.573511273731805,0.311986779338145,295.06949556492617,15.687794135908742,448270.96826807165,1.2,4786.020000000552
26.67000000000137,1872.49461917721,304915.69318106835,304915.69318106835,10.572843789509056,0.31183383791939423,295.06949556492617,15.687794135908742,448276.99918552145,1.2,4784.490000000552
26.68000000000137,1872.2283226772101,304864.8754917434,304864.8754917434,10.572176242277857,0.3116808437394995,295.06949556492617,15.687794135908742,448283.0321834941,1.2,4782.960000000552
26.690000000001373,1871.9620261772102,304814.06019238953,304814.06019238953,10.571508632016249,0.3115277969248305,295.06949556492617,15.687794135908742,448289.0672570064,1.2,4781.430000000552
26.700000000001374,1871.6957296772098,304763.24728170625,304763.24728170625,10.57084095870227,0.3113746976018879,295.06949556492617,15.687794135908742,448295.10440107,1.2,4779.900000000553
26.710000000001376,1871.4294331772098,304712.43675839255,304712.43675839255,10.570173222313947,0.3112215458970738,295.06949556492617,15.687794135908742,448301.14361070056,1.2,4778.370000000553
26.720000000001377,1871.1631366772103,304661.6286211477,304661.6286211477,10.569505422829286,0.31106834193728655,295.06949556492617,15.687794135908742,448307.18488089414,1.2,4776.840000000553
26.73000000000138,1870.8968401772104,304610.82286867,304610.82286867,10.568837560226296,0.3109150858489143,295.06949556492617,15.687794135908742,448313.22820666694,1.2,4775.310000000553
26.74000000000138,1870.6305436772104,304560.01949965773,304560.01949965773,10.568169634482967,0.3107617777589319,295.06949556492617,15.687794135908742,448319.2735830119,1.2,4773.780000000554
26.750000000001382,1870.3642471772105,304509.21851280914,304509.21851280914,10.56750164557729,0.3106084177940779,295.06949556492617,15.687794135908742,448325.3210049314,1.2,4772.250000000554
26.760000000001384,1870.0979506772105,304458.41990682157,304458.41990682157,10.566833593487225,0.3104550060813565,295.06949556492617,15.687794135908742,448331.3704674172,1.2,4770.720000000554
26.770000000001385,1869.83165417721,304407.62368039234,304407.62368039234,10.566165478190744,0.3103015427477183,295.06949556492617,15.687794135908742,448337.4219654634,1.2,4769.190000000554
26.780000000001387,1869.5653576772102,304356.82983221865,304356.82983221865,10.565497299665793,0.310148027920242,295.06949556492617,15.687794135908742,448343.47549405874,1.2,4767.660000000555
26.79000000000139,1869.2990611772102,304306.03836099716,304306.03836099716,10.564829057890325,0.3099944617260887,295.06949556492617,15.687794135908742,448349.5310481892,1.2,4766.130000000555
26.80000000000139,1869.0327646772103,304255.24926542415,304255.24926542415,10.56416075284226,0.3098408442924104,295.06949556492617,15.687794135908742,448355.5886228405,1.2,4764.600000000555
26.81000000000139,1868.7664681772108,304204.4625441958,304204.4625441958,10.563492384499524,0.30968717574653215,295.06949556492617,15.687794135908742,448361.64821299224,1.2,4763.070000000555
26.820000000001393,1868.5001716772108,304153.67819600756,304153.67819600756,10.562823952840029,0.3095334562157694,295.06949556492617,15.687794135908742,448367.7098136236,1.2,4761.540000000556
26.830000000001395,1868.2338751772108,304102.89621955535,304102.89621955535,10.562155457841678,0.30937968582747327,295.06949556492617,15.687794135908742,448373.7734197128,1.2,4760.010000000556
26.840000000001396,1867.9675786772104,304052.11661353393,304052.11661353393,10.56148689948236,0.30922586470907615,295.06949556492617,15.687794135908742,448379.8390262349,1.2,4758.480000000556
26.850000000001398,1867.7012821772105,304001.3393766382,304001.3393766382,10.56081827773995,0.3090719929882272,295.06949556492617,15.687794135908742,448385.90662815666,1.2,4756.950000000556
26.8600000000014,1867.4349856772105,303950.5645075626,303950.5645075626,10.560149592592325,0.308918070792474,295.06949556492617,15.687794135908742,448391.97622044804,1.2,4755.420000000557
26.8700000000014,1867.1686891772106,303899.7920050015,303899.7920050015,10.559480844017346,0.3087640982495354,295.06949556492617,15.687794135908742,448398.047798073,1.2,4753.890000000557
26.880000000001402,1866.902392677211,303849.0218676484,303849.0218676484,10.558812031992856,0.3086100754870737,295.06949556492617,15.687794135908742,448404.1213559971,1.2,4752.360000000557
26.890000000001404,1866.6360961772111,303798.2540941971,303798.2540941971,10.558143156496698,0.3084560026330122,295.06949556492617,15.687794135908742,448410.1968891765,1.2,4750.830000000557
26.900000000001405,1866.3697996772112,303747.4886833407,303747.4886833407,10.557474217506698,0.30830187981517193,295.06949556492617,15.687794135908742,448416.27439257037,1.2,4749.300000000558
26.910000000001407,1866.1035031772108,303696.7256337721,303696.7256337721,10.556805215000681,0.30814770716149803,295.06949556492617,15.687794135908742,448422.3538611338,1.2,4747.770000000558
26.92000000000141,1865.8372066772108,303645.96494418406,303645.96494418406,10.55613614895645,0.30799348480019545,295.06949556492617,15.687794135908742,448428.4352898111,1.2,4746.240000000558
26.93000000000141,1865.5709101772109,303595.2066132684,303595.2066132684,10.555467019351802,0.3078392128591399,295.06949556492617,15.687794135908742,448434.5186735597,1.2,4744.7100000005585
26.94000000000141,1865.304613677211,303544.45063971746,303544.45063971746,10.554797826164526,0.3076848914666472,295.06949556492617,15.687794135908742,448440.60400732,1.2,4743.180000000559
26.950000000001413,1865.038317177211,303493.6970222228,303493.6970222228,10.554128569372406,0.3075305207507942,295.06949556492617,15.687794135908742,448446.69128604146,1.2,4741.650000000559
26.960000000001415,1864.772020677211,303442.9457594757,303442.9457594757,10.553459248953196,0.30737610083987094,295.06949556492617,15.687794135908742,448452.7805046651,1.2,4740.120000000559
26.970000000001416,1864.5057241772115,303392.196850167,303392.196850167,10.552789864884664,0.3072216318621544,295.06949556492617,15.687794135908742,448458.8716581328,1.2,4738.5900000005595
26.980000000001418,1864.239427677211,303341.45029298746,303341.45029298746,10.552120417144549,0.3070671139461335,295.06949556492617,15.687794135908742,448464.96474137774,1.2,4737.06000000056
26.99000000000142,1863.9731311772111,303290.70608662744,303290.70608662744,10.55145090571059,0.3069125472203288,295.06949556492617,15.687794135908742,448471.05974933197,1.2,4735.53000000056
27.00000000000142,1863.7068346772112,303239.964229777,303239.964229777,10.55078133056051,0.3067579318131566,295.06949556492617,15.687794135908742,448477.1566769317,1.2,4734.00000000056
27.010000000001423,1863.4405381772112,303189.2247211257,303189.2247211257,10.550111691672026,0.30660326785319936,295.06949556492617,15.687794135908742,448483.25551910663,1.2,4732.4700000005605
27.020000000001424,1863.1742416772113,303138.48755936295,303138.48755936295,10.549441989022839,0.30644855546925054,295.06949556492617,15.687794135908742,448489.356270778,1.2,4730.940000000561
27.030000000001426,1862.9079451772113,303087.75274317805,303087.75274317805,10.548772222590651,0.3062937947899084,295.06949556492617,15.687794135908742,448495.4589268748,1.2,4729.410000000561
27.040000000001427,1862.6416486772118,303037.02027125953,303037.02027125953,10.54810239235314,0.3061389859440716,295.06949556492617,15.687794135908742,448501.56348231423,1.2,4727.880000000561
27.05000000000143,1862.3753521772119,302986.29014229594,302986.29014229594,10.547432498287979,0.3059841290605334,295.06949556492617,15.687794135908742,448507.6699320176,1.2,4726.3500000005615
27.06000000000143,1862.1090556772115,302935.56235497526,302935.56235497526,10.54676254037283,0.30582922426825154,295.06949556492617,15.687794135908742,448513.7782708996,1.2,4724.820000000562
27.070000000001432,1861.8427591772115,302884.8369079853,302884.8369079853,10.546092518585352,0.3056742716961681,295.06949556492617,15.687794135908742,448519.888493876,1.2,4723.290000000562
27.080000000001434,1861.5764626772116,302834.1138000135,302834.1138000135,10.545422432903178,0.305519271473344,295.06949556492617,15.687794135908742,448526.00059585716,1.2,4721.760000000562
27.090000000001435,1861.3101661772116,302783.3930297471,302783.3930297471,10.544752283303946,0.30536422372868927,295.06949556492617,15.687794135908742,448532.11457176006,1.2,4720.2300000005625
27.100000000001437,1861.0438696772117,302732.67459587293,302732.67459587293,10.544082069765278,0.3052091285914567,295.06949556492617,15.687794135908742,448538.2304164878,1.2,4718.700000000563
27.11000000000144,1860.7775731772117,302681.9584970772,302681.9584970772,10.54341179226478,0.30505398619083757,295.06949556492617,15.687794135908742,448544.34812494606,1.2,4717.170000000563
27.12000000000144,1860.5112766772118,302631.2447320465,302631.2447320465,10.542741450780055,0.3048987966561404,295.06949556492617,15.687794135908742,448550.4676920357,1.2,4715.640000000563
27.13000000000144,1860.2449801772118,302580.53329946654,302580.53329946654,10.542071045288692,0.3047435601165224,295.06949556492617,15.687794135908742,448556.5891126638,1.2,4714.110000000564
27.140000000001443,1859.9786836772118,302529.82419802266,302529.82419802266,10.541400575768272,0.3045882767016161,295.06949556492617,15.687794135908742,448562.7123817186,1.2,4712.580000000564
27.150000000001445,1859.712387177212,302479.11742640025,302479.11742640025,10.540730042196364,0.3044329465407673,295.06949556492617,15.687794135908742,448568.8374940996,1.2,4711.050000000564
27.160000000001446,1859.446090677212,302428.4129832841,302428.4129832841,10.540059444550522,0.30427756976334913,295.06949556492617,15.687794135908742,448574.9644447051,1.2,4709.520000000564
27.170000000001448,1859.179794177212,302377.7108673591,302377.7108673591,10.539388782808299,0.3041221464990741,295.06949556492617,15.687794135908742,448581.09322842036,1.2,4707.990000000565
27.18000000000145,1858.913497677212,302327.01107730897,302327.01107730897,10.538718056947229,0.30396667687750206,295.06949556492617,15.687794135908742,448587.2238401364,1.2,4706.460000000565
27.19000000000145,1858.647201177212,302276.3136118179,302276.3136118179,10.538047266944842,0.30381116102844236,295.06949556492617,15.687794135908742,448593.3562747344,1.2,4704.930000000565
27.200000000001452,1858.3809046772121,302225.6184695695,302225.6184695695,10.537376412778654,0.3036555990814621,295.06949556492617,15.687794135908742,448599.4905271053,1.2,4703.400000000565
27.210000000001454,1858.1146081772122,302174.9256492471,302174.9256492471,10.536705494426169,0.3034999911663771,295.06949556492617,15.687794135908742,448605.62659213005,1.2,4701.870000000566
27.220000000001455,1857.8483116772122,302124.2351495333,302124.2351495333,10.53603451186488,0.3033443374130284,295.06949556492617,15.687794135908742,448611.76446468843,1.2,4700.340000000566
27.230000000001457,1857.5820151772123,302073.54696911125,302073.54696911125,10.53536346507228,0.30318863795114853,295.06949556492617,15.687794135908742,448617.904139665,1.2,4698.810000000566
27.24000000000146,1857.3157186772123,302022.8611066629,302022.8611066629,10.534692354025836,0.3030328929108952,295.06949556492617,15.687794135908742,448624.0456119271,1.2,4697.280000000566
27.25000000000146,1857.0494221772124,301972.1775608701,301972.1775608701,10.534021178703014,0.30287710242222826,295.06949556492617,15.687794135908742,448630.1888763502,1.2,4695.750000000567
27.26000000000146,1856.7831256772124,301921.4963304149,301921.4963304149,10.533349939081267,0.30272126661508697,295.06949556492617,15.687794135908742,448636.33392781025,1.2,4694.220000000567
27.270000000001463,1856.5168291772125,301870.8174139784,301870.8174139784,10.532678635138044,0.3025653856196126,295.06949556492617,15.687794135908742,448642.48076117545,1.2,4692.690000000567
27.280000000001465,1856.2505326772125,301820.1408102416,301820.1408102416,10.532007266850766,0.30240945956605864,295.06949556492617,15.687794135908742,448648.62937130965,1.2,4691.160000000567
27.290000000001466,1855.9842361772126,301769.4665178852,301769.4665178852,10.531335834196861,0.3022534885845245,295.06949556492617,15.687794135908742,448654.77975308255,1.2,4689.630000000568
27.300000000001468,1855.7179396772126,301718.79453558964,301718.79453558964,10.530664337153741,0.3020974728054877,295.06949556492617,15.687794135908742,448660.93190134905,1.2,4688.100000000568
27.31000000000147,1855.4516431772126,301668.12486203475,301668.12486203475,10.529992775698807,0.3019414123590933,295.06949556492617,15.687794135908742,448667.0858109772,1.2,4686.570000000568
27.32000000000147,1855.1853466772127,301617.45749590034,301617.45749590034,10.529321149809443,0.30178530737573106,295.06949556492617,15.687794135908742,448673.2414768254,1.2,4685.040000000568
27.330000000001473,1854.9190501772127,301566.7924358659,301566.7924358659,10.52864945946303,0.30162915798594575,295.06949556492617,15.687794135908742,448679.3988937456,1.2,4683.510000000569
27.340000000001474,1854.6527536772128,301516.1296806103,301516.1296806103,10.527977704636944,0.3014729643201711,295.06949556492617,15.687794135908742,448685.5580565948,1.2,4681.980000000569
27.350000000001476,1854.3864571772128,301465.46922881226,301465.46922881226,10.527305885308536,0.30131672650873004,295.06949556492617,15.687794135908742,448691.71896023396,1.2,4680.450000000569
27.360000000001477,1854.1201606772129,301414.8110791504,301414.8110791504,10.526634001455157,0.30116044468245373,295.06949556492617,15.687794135908742,448697.88159950386,1.2,4678.920000000569
27.37000000000148,1853.853864177213,301364.1552303023,301364.1552303023,10.52596205305414,0.301004118971752,295.06949556492617,15.687794135908742,448704.04596926196,1.2,4677.39000000057
27.38000000000148,1853.587567677213,301313.5016809463,301313.5016809463,10.525290040082814,0.3008477495073655,295.06949556492617,15.687794135908742,448710.21206435317,1.2,4675.86000000057
27.390000000001482,1853.321271177213,301262.8504297596,301262.8504297596,10.524617962518498,0.300691336420011,295.06949556492617,15.687794135908742,448716.3798796227,1.2,4674.33000000057
27.400000000001484,1853.054974677213,301212.2014754191,301212.2014754191,10.523945820338492,0.3005348798405584,295.06949556492617,15.687794135908742,448722.54940991005,1.2,4672.80000000057
27.410000000001485,1852.7886781772131,301161.5548166018,301161.5548166018,10.52327361352009,0.300378379899765,295.06949556492617,15.687794135908742,448728.7206500589,1.2,4671.270000000571
27.420000000001487,1852.5223816772132,301110.9104519841,301110.9104519841,10.522601342040579,0.3002218367285403,295.06949556492617,15.687794135908742,448734.89359490736,1.2,4669.740000000571
27.43000000000149,1852.2560851772132,301060.2683802418,301060.2683802418,10.521929005877235,0.3000652504577695,295.06949556492617,15.687794135908742,448741.06823929417,1.2,4668.210000000571
27.44000000000149,1851.9897886772133,301009.628600051,301009.628600051,10.521256605007311,0.29990862121844514,295.06949556492617,15.687794135908742,448747.24457805394,1.2,4666.680000000571
27.45000000000149,1851.7234921772133,300958.991110087,300958.991110087,10.520584139408067,0.2997519491416228,295.06949556492617,15.687794135908742,448753.4226060187,1.2,4665.150000000572
27.460000000001493,1851.4571956772133,300908.3559090252,300908.3559090252,10.51991160905674,0.29959523435828866,295.06949556492617,15.687794135908742,448759.60231802333,1.2,4663.620000000572
27.470000000001495,1851.1908991772134,300857.72299553995,300857.72299553995,10.519239013930564,0.2994384769996239,295.06949556492617,15.687794135908742,448765.7837088949,1.2,4662.090000000572
27.480000000001496,1850.9246026772134,300807.09236830607,300807.09236830607,10.518566354006754,0.2992816771966954,295.06949556492617,15.687794135908742,448771.9667734652,1.2,4660.5600000005725
27.490000000001498,1850.6583061772135,300756.4640259976,300756.4640259976,10.517893629262527,0.2991248350806762,295.06949556492617,15.687794135908742,448778.1515065617,1.2,4659.030000000573
27.5000000000015,1850.3920096772135,300705.83796728833,300705.83796728833,10.517220839675073,0.2989679507828894,295.06949556492617,15.687794135908742,448784.3379030059,1.2,4657.500000000573
27.5100000000015,1850.1257131772136,300655.21419085166,300655.21419085166,10.516547985221587,0.29881102443463076,295.06949556492617,15.687794135908742,448790.5259576204,1.2,4655.970000000573
27.520000000001502,1849.8594166772136,300604.59269536077,300604.59269536077,10.51587506587924,0.2986540561670381,295.06949556492617,15.687794135908742,448796.71566523414,1.2,4654.4400000005735
27.530000000001504,1849.5931201772137,300553.9734794886,300553.9734794886,10.5152020816252,0.2984970461118365,295.06949556492617,15.687794135908742,448802.9070206527,1.2,4652.910000000574
27.540000000001505,1849.3268236772137,300503.35654190753,300503.35654190753,10.514529032436625,0.2983399944001536,295.06949556492617,15.687794135908742,448809.1000187056,1.2,4651.380000000574
27.550000000001507,1849.0605271772138,300452.74188128964,300452.74188128964,10.513855918290659,0.29818290116365925,295.06949556492617,15.687794135908742,448815.29465420044,1.2,4649.850000000574
27.56000000000151,1848.7942306772138,300402.129496307,300402.129496307,10.513182739164435,0.2980257665338204,295.06949556492617,15.687794135908742,448821.4909219532,1.2,4648.3200000005745
27.57000000000151,1848.5279341772139,300351.5193856308,300351.5193856308,10.512509495035076,0.29786859064216387,295.06949556492617,15.687794135908742,448827.68881677743,1.2,4646.790000000575
27.58000000000151,1848.261637677214,300300.9115479325,300300.9115479325,10.511836185879694,0.2977113736202754,295.06949556492617,15.687794135908742,448833.88833348436,1.2,4645.260000000575
27.590000000001513,1847.995341177214,300250.3059818828,300250.3059818828,10.5111628116754,0.29755411559993106,295.06949556492617,15.687794135908742,448840.08946687763,1.2,4643.730000000575
27.600000000001515,1847.729044677214,300199.7026861522,300199.7026861522,10.510489372399274,0.2973968167126597,295.06949556492617,15.687794135908742,448846.29221177055,1.2,4642.2000000005755
27.610000000001516,1847.462748177214,300149.1016594109,300149.1016594109,10.509815868028399,0.29723947709013615,295.06949556492617,15.687794135908742,448852.49656297104,1.2,4640.670000000576
27.620000000001518,1847.196451677214,300098.5029003288,300098.5029003288,10.509142298539848,0.29708209686413717,295.06949556492617,15.687794135908742,448858.70251528267,1.2,4639.140000000576
27.63000000000152,1846.9301551772141,300047.90640757524,300047.90640757524,10.50846866391068,0.2969246761666281,295.06949556492617,15.687794135908742,448864.91006350174,1.2,4637.610000000576
27.64000000000152,1846.6638586772142,299997.3121798195,299997.3121798195,10.507794964117936,0.2967672151292829,295.06949556492617,15.687794135908742,448871.1192024357,1.2,4636.080000000577
27.650000000001523,1846.3975621772142,299946.7202157305,299946.7202157305,10.50712119913866,0.2966097138839638,295.06949556492617,15.687794135908742,448877.3299268851,1.2,4634.550000000577
27.660000000001524,1846.1312656772143,299896.1305139766,299896.1305139766,10.50644736894988,0.29645217256280776,295.06949556492617,15.687794135908742,448883.5422316394,1.2,4633.020000000577
27.670000000001526,1845.8649691772143,299845.54307322623,299845.54307322623,10.505773473528611,0.2962945912976163,295.06949556492617,15.687794135908742,448889.75611150113,1.2,4631.490000000577
27.680000000001527,1845.5986726772144,299794.9578921469,299794.9578921469,10.505099512851853,0.2961369702203784,295.06949556492617,15.687794135908742,448895.97156126576,1.2,4629.960000000578
27.69000000000153,1845.3323761772144,299744.3749694066,299744.3749694066,10.504425486896604,0.2959793094633127,295.06949556492617,15.687794135908742,448902.1885757195,1.2,4628.430000000578
27.70000000000153,1845.0660796772145,299693.7943036719,299693.7943036719,10.503751395639847,0.29582160915847633,295.06949556492617,15.687794135908742,448908.40714965493,1.2,4626.900000000578
27.710000000001532,1844.7997831772145,299643.21589361015,299643.21589361015,10.503077239058555,0.2956638694379386,295.06949556492617,15.687794135908742,448914.6272778641,1.2,4625.370000000578
27.720000000001534,1844.5334866772146,299592.63973788766,299592.63973788766,10.502403017129685,0.29550609043382403,295.06949556492617,15.687794135908742,448920.848955137,1.2,4623.840000000579
27.730000000001535,1844.2671901772146,299542.06583517074,299542.06583517074,10.501728729830194,0.2953482722783123,295.06949556492617,15.687794135908742,448927.0721762615,1.2,4622.310000000579
27.740000000001537,1844.0008936772147,299491.49418412516,299491.49418412516,10.50105437713702,0.29519041510363764,295.06949556492617,15.687794135908742,448933.29693602317,1.2,4620.780000000579
27.75000000000154,1843.7345971772147,299440.92478341627,299440.92478341627,10.500379959027097,0.29503251904208866,295.06949556492617,15.687794135908742,448939.52322920546,1.2,4619.250000000579
27.76000000000154,1843.4683006772148,299390.3576317095,299390.3576317095,10.499705475477331,0.29487458422592167,295.06949556492617,15.687794135908742,448945.7510505932,1.2,4617.72000000058
27.77000000000154,1843.2020041772148,299339.79272766964,299339.79272766964,10.49903092646464,0.2947166107875765,295.06949556492617,15.687794135908742,448951.98039496376,1.2,4616.19000000058
27.780000000001543,1842.9357076772149,299289.23006996117,299289.23006996117,10.498356311965916,0.29455859885933,295.06949556492617,15.687794135908742,448958.21125710127,1.2,4614.66000000058
27.790000000001545,1842.669411177215,299238.66965724825,299238.66965724825,10.497681631958049,0.2944005485736855,295.06949556492617,15.687794135908742,448964.4436317805,1.2,4613.13000000058
27.800000000001546,1842.403114677215,299188.1114881949,299188.1114881949,10.497006886417909,0.2942424600630694,295.06949556492617,15.687794135908742,448970.6775137799,1.2,4611.600000000581
27.810000000001548,1842.136818177215,299137.55556146434,299137.55556146434,10.49633207532236,0.2940843334598744,295.06949556492617,15.687794135908742,448976.91289787844,1.2,4610.070000000581
27.82000000000155,1841.870521677215,299087.0018757199,299087.0018757199,10.495657198648258,0.29392616889676154,295.06949556492617,15.687794135908742,448983.1497788451,1.2,4608.540000000581
27.83000000000155,1841.604225177215,299036.4504296245,299036.4504296245,10.494982256372449,0.2937679665064004,295.06949556492617,15.687794135908742,448989.3881514483,1.2,4607.010000000581
27.840000000001552,1841.3379286772151,298985.9012218406,298985.9012218406,10.494307248471754,0.2936097264210813,295.06949556492617,15.687794135908742,448995.6280104715,1.2,4605.480000000582
27.850000000001554,1841.0716321772152,298935.35425103013,298935.35425103013,10.493632174923002,0.29345144877357715,295.06949556492617,15.687794135908742,449001.8693506791,1.2,4603.950000000582
27.860000000001556,1840.8053356772152,298884.8095158553,298884.8095158553,10.492957035702998,0.29329313369658283,295.06949556492617,15.687794135908742,449008.1121668385,1.2,4602.420000000582
27.870000000001557,1840.5390391772153,298834.26701497735,298834.26701497735,10.492281830788542,0.29313478132254256,295.06949556492617,15.687794135908742,449014.3564537272,1.2,4600.890000000582
27.88000000000156,1840.2727426772153,298783.7267470575,298783.7267470575,10.491606560156422,0.292976391784425,295.06949556492617,15.687794135908742,449020.60220610147,1.2,4599.360000000583
27.89000000000156,1840.0064461772154,298733.18871075654,298733.18871075654,10.490931223783413,0.2928179652147757,295.06949556492617,15.687794135908742,449026.8494187352,1.2,4597.830000000583
27.90000000000156,1839.7401496772154,298682.6529047352,298682.6529047352,10.490255821646283,0.2926595017464914,295.06949556492617,15.687794135908742,449033.0980863874,1.2,4596.300000000583
27.910000000001563,1839.4738531772155,298632.11932765343,298632.11932765343,10.489580353721786,0.2925010015123467,295.06949556492617,15.687794135908742,449039.34820382256,1.2,4594.770000000583
27.920000000001565,1839.2075566772155,298581.58797817084,298581.58797817084,10.488904819986665,0.2923424646452514,295.06949556492617,15.687794135908742,449045.5997657999,1.2,4593.240000000584
27.930000000001566,1838.9412601772156,298531.05885494733,298531.05885494733,10.488229220417653,0.29218389127794997,295.06949556492617,15.687794135908742,449051.85276708455,1.2,4591.710000000584
27.940000000001568,1838.6749636772156,298480.5319566415,298480.5319566415,10.487553554991472,0.29202528154349333,295.06949556492617,15.687794135908742,449058.10720243026,1.2,4590.180000000584
27.95000000000157,1838.4086671772156,298430.0072819127,298430.0072819127,10.486877823684832,0.29186663557480935,295.06949556492617,15.687794135908742,449064.36306659505,1.2,4588.650000000584
27.96000000000157,1838.1423706772157,298379.484829419,298379.484829419,10.486202026474436,0.29170795350487405,295.06949556492617,15.687794135908742,449070.6203543355,1.2,4587.120000000585
27.970000000001573,1837.8760741772157,298328.9645978189,298328.9645978189,10.485526163336969,0.2915492354666258,295.06949556492617,15.687794135908742,449076.8790604094,1.2,4585.590000000585
27.980000000001574,1837.6097776772158,298278.44658576977,298278.44658576977,10.484850234249109,0.29139048159305136,295.06949556492617,15.687794135908742,449083.1391795725,1.2,4584.060000000585
27.990000000001576,1837.3434811772158,298227.9307919295,298227.9307919295,10.484174239187531,0.29123169201714144,295.06949556492617,15.687794135908742,449089.40070658084,1.2,4582.5300000005855
28.000000000001577,1837.0771846772159,298177.4172149547,298177.4172149547,10.48349817812888,0.2910728668721057,295.06949556492617,15.687794135908742,449095.6636361816,1.2,4581.000000000586
28.01000000000158,1836.810888177216,298126.90585350234,298126.90585350234,10.482822051049805,0.2909140062908584,295.06949556492617,15.687794135908742,449101.9279631334,1.2,4579.470000000586
28.02000000000158,1836.544591677216,298076.3967062291,298076.3967062291,10.482145857926943,0.2907551104067025,295.06949556492617,15.687794135908742,449108.19368217996,1.2,4577.940000000586
28.030000000001582,1836.278295177216,298025.8897717907,298025.8897717907,10.481469598736915,0.2905961793527306,295.06949556492617,15.687794135908742,449114.4607880729,1.2,4576.4100000005865
28.040000000001584,1836.011998677216,297975.3850488431,297975.3850488431,10.480793273456328,0.2904372132620818,295.06949556492617,15.687794135908742,449120.7292755621,1.2,4574.880000000587
28.050000000001585,1835.7457021772161,297924.88253604167,297924.88253604167,10.48011688206179,0.29027821226811146,295.06949556492617,15.687794135908742,449126.99913938926,1.2,4573.350000000587
28.060000000001587,1835.4794056772162,297874.3822320413,297874.3822320413,10.479440424529885,0.2901191765039219,295.06949556492617,15.687794135908742,449133.2703743053,1.2,4571.820000000587
28.07000000000159,1835.2131091772162,297823.88413549715,297823.88413549715,10.478763900837198,0.28996010610291617,295.06949556492617,15.687794135908742,449139.54297505016,1.2,4570.2900000005875
28.08000000000159,1834.9468126772163,297773.38824506325,297773.38824506325,10.478087310960293,0.289801001198287,295.06949556492617,15.687794135908742,449145.81693637156,1.2,4568.760000000588
28.09000000000159,1834.6805161772163,297722.89455939364,297722.89455939364,10.477410654875722,0.28964186192348423,295.06949556492617,15.687794135908742,449152.0922530072,1.2,4567.230000000588
28.100000000001593,1834.4142196772164,297672.40307714214,297672.40307714214,10.476733932560036,0.2894826884116192,295.06949556492617,15.687794135908742,449158.3689197082,1.2,4565.700000000588
28.110000000001595,1834.1479231772164,297621.9137969623,297621.9137969623,10.476057143989774,0.2893234807963155,295.06949556492617,15.687794135908742,449164.6469312051,1.2,4564.1700000005885
28.120000000001596,1833.8816266772164,297571.42671750684,297571.42671750684,10.47538028914145,0.28916423921060236,295.06949556492617,15.687794135908742,449170.92628225253,1.2,4562.640000000589
28.130000000001598,1833.6153301772165,297520.94183742837,297520.94183742837,10.474703367991577,0.28900496378819046,295.06949556492617,15.687794135908742,449177.2069675777,1.2,4561.110000000589
28.1400000000016,1833.3490336772165,297470.45915537956,297470.45915537956,10.47402638051666,0.2888456546621964,295.06949556492617,15.687794135908742,449183.4889819314,1.2,4559.580000000589
28.1500000000016,1833.0827371772166,297419.9786700122,297419.9786700122,10.473349326693192,0.2886863119663739,295.06949556492617,15.687794135908742,449189.7723200395,1.2,4558.0500000005895
28.160000000001602,1832.8164406772166,297369.5003799781,297369.5003799781,10.472672206497643,0.2885269358340952,295.06949556492617,15.687794135908742,449196.0569766426,1.2,4556.52000000059
28.170000000001604,1832.5501441772167,297319.0242839285,297319.0242839285,10.47199501990649,0.288367526398817,295.06949556492617,15.687794135908742,449202.34294647834,1.2,4554.99000000059
28.180000000001606,1832.2838476772167,297268.55038051424,297268.55038051424,10.471317766896181,0.28820808379416574,295.06949556492617,15.687794135908742,449208.63022427715,1.2,4553.46000000059
28.190000000001607,1832.0175511772168,297218.078668386,297218.078668386,10.470640447443174,0.2880486081536397,295.06949556492617,15.687794135908742,449214.91880477505,1.2,4551.930000000591
28.20000000000161,1831.7512546772168,297167.6091461943,297167.6091461943,10.469963061523886,0.2878890996109059,295.06949556492617,15.687794135908742,449221.20868270105,1.2,4550.400000000591
28.21000000000161,1831.4849581772169,297117.14181258884,297117.14181258884,10.469285609114754,0.2877295582993762,295.06949556492617,15.687794135908742,449227.4998527944,1.2,4548.870000000591
28.220000000001612,1831.2186616772165,297066.67666621937,297066.67666621937,10.468608090192184,0.28756998435279985,295.06949556492617,15.687794135908742,449233.7923097809,1.2,4547.340000000591
28.230000000001613,1830.952365177217,297016.21370573516,297016.21370573516,10.467930504732582,0.2874103779048393,295.06949556492617,15.687794135908742,449240.08604838996,1.2,4545.810000000592
28.240000000001615,1830.686068677217,296965.7529297849,296965.7529297849,10.467252852712331,0.28725073908890236,295.06949556492617,15.687794135908742,449246.38106336084,1.2,4544.280000000592
28.250000000001616,1830.4197721772166,296915.2943370173,296915.2943370173,10.466575134107812,0.2870910680387747,295.06949556492617,15.687794135908742,449252.6773494181,1.2,4542.750000000592
28.260000000001618,1830.153475677217,296864.83792608057,296864.83792608057,10.465897348895396,0.286931364888197,295.06949556492617,15.687794135908742,449258.97490128776,1.2,4541.220000000592
28.27000000000162,1829.8871791772171,296814.3836956226,296814.3836956226,10.465219497051438,0.2867716297707388,295.06949556492617,15.687794135908742,449265.27371370303,1.2,4539.690000000593
28.28000000000162,1829.6208826772172,296763.931644291,296763.931644291,10.464541578552279,0.28661186282026213,295.06949556492617,15.687794135908742,449271.5737813852,1.2,4538.160000000593
28.290000000001623,1829.3545861772168,296713.48177073296,296713.48177073296,10.463863593374253,0.2864520641703305,295.06949556492617,15.687794135908742,449277.8750990675,1.2,4536.630000000593
28.300000000001624,1829.0882896772168,296663.03407359513,296663.03407359513,10.463185541493687,0.28629223395488335,295.06949556492617,15.687794135908742,449284.17766146845,1.2,4535.100000000593
28.310000000001626,1828.8219931772173,296612.5885515242,296612.5885515242,10.462507422886894,0.28613237230764554,295.06949556492617,15.687794135908742,449290.4814633146,1.2,4533.570000000594
28.320000000001627,1828.555696677217,296562.1452031663,296562.1452031663,10.461829237530168,0.28597247936233844,295.06949556492617,15.687794135908742,449296.7864993332,1.2,4532.040000000594
28.33000000000163,1828.289400177217,296511.7040271671,296511.7040271671,10.461150985399799,0.2858125552529732,295.06949556492617,15.687794135908742,449303.0927642397,1.2,4530.510000000594
28.34000000000163,1828.0231036772175,296461.26502217236,296461.26502217236,10.460472666472068,0.2856526001132624,295.06949556492617,15.687794135908742,449309.4002527615,1.2,4528.980000000594
28.350000000001632,1827.7568071772175,296410.82818682684,296410.82818682684,10.459794280723242,0.2854926140770399,295.06949556492617,15.687794135908742,449315.7089596211,1.2,4527.450000000595
28.360000000001634,1827.4905106772171,296360.3935197756,296360.3935197756,10.459115828129573,0.2853325972782184,295.06949556492617,15.687794135908742,449322.0188795379,1.2,4525.920000000595
28.370000000001635,1827.2242141772172,296309.96101966297,296309.96101966297,10.458437308667303,0.2851725498504964,295.06949556492617,15.687794135908742,449328.3300072398,1.2,4524.390000000595
28.380000000001637,1826.9579176772172,296259.53068513284,296259.53068513284,10.45775872231267,0.2850124719279433,295.06949556492617,15.687794135908742,449334.64233744016,1.2,4522.860000000595
28.39000000000164,1826.6916211772177,296209.1025148293,296209.1025148293,10.457080069041897,0.2848523636442046,295.06949556492617,15.687794135908742,449340.95586486877,1.2,4521.330000000596
28.40000000000164,1826.4253246772173,296158.6765073957,296158.6765073957,10.456401348831186,0.28469222513342196,295.06949556492617,15.687794135908742,449347.27058423625,1.2,4519.800000000596
28.41000000000164,1826.1590281772174,296108.2526614747,296108.2526614747,10.455722561656742,0.2845320565294796,295.06949556492617,15.687794135908742,449353.5864902631,1.2,4518.270000000596
28.420000000001643,1825.8927316772179,296057.83097570925,296057.83097570925,10.455043707494752,0.2843718579662972,295.06949556492617,15.687794135908742,449359.9035776683,1.2,4516.740000000596
28.430000000001645,1825.6264351772174,296007.4114487419,296007.4114487419,10.454364786321394,0.2842116295778293,295.06949556492617,15.687794135908742,449366.2218411699,1.2,4515.210000000597
28.440000000001646,1825.3601386772175,295956.99407921423,295956.99407921423,10.453685798112826,0.2840513714980655,295.06949556492617,15.687794135908742,449372.54127548414,1.2,4513.680000000597
28.450000000001648,1825.0938421772175,295906.57886576804,295906.57886576804,10.453006742845208,0.28389108386111295,295.06949556492617,15.687794135908742,449378.8618753229,1.2,4512.150000000597
28.46000000000165,1824.8275456772176,295856.1658070448,295856.1658070448,10.452327620494678,0.2837307668009045,295.06949556492617,15.687794135908742,449385.18363540474,1.2,4510.620000000597
28.47000000000165,1824.5612491772176,295805.7549016854,295805.7549016854,10.451648431037379,0.28357042045128183,295.06949556492617,15.687794135908742,449391.5065504519,1.2,4509.090000000598
28.480000000001652,1824.2949526772177,295755.3461483303,295755.3461483303,10.450969174449414,0.2834100449465789,295.06949556492617,15.687794135908742,449397.8306151673,1.2,4507.560000000598
28.490000000001654,1824.0286561772177,295704.9395456199,295704.9395456199,10.450289850706902,0.2832496404205379,295.06949556492617,15.687794135908742,449404.155824277,1.2,4506.030000000598
28.500000000001656,1823.7623596772178,295654.5350921939,295654.5350921939,10.449610459785937,0.28308920700735074,295.06949556492617,15.687794135908742,449410.4821724895,1.2,4504.500000000598
28.510000000001657,1823.4960631772178,295604.1327866922,295604.1327866922,10.448931001662606,0.28292874484086755,295.06949556492617,15.687794135908742,449416.8096545266,1.2,4502.970000000599
28.52000000000166,1823.2297666772179,295553.73262775363,295553.73262775363,10.448251476312983,0.2827682540553455,295.06949556492617,15.687794135908742,449423.1382650943,1.2,4501.440000000599
28.53000000000166,1822.963470177218,295503.3346140174,295503.3346140174,10.447571883713128,0.2826077347847412,295.06949556492617,15.687794135908742,449429.4679989102,1.2,4499.910000000599
28.540000000001662,1822.697173677218,295452.9387441217,295452.9387441217,10.446892223839097,0.2824471871632097,295.06949556492617,15.687794135908742,449435.79885068437,1.2,4498.3800000005995
28.550000000001663,1822.430877177218,295402.5450167049,295402.5450167049,10.446212496666933,0.2822866113248128,295.06949556492617,15.687794135908742,449442.1308151301,1.2,4496.8500000006
28.560000000001665,1822.164580677218,295352.1534304047,295352.1534304047,10.445532702172656,0.28212600740368554,295.06949556492617,15.687794135908742,449448.46388695814,1.2,4495.3200000006
28.570000000001667,1821.898284177218,295301.76398385863,295301.76398385863,10.444852840332288,0.28196537553399376,295.06949556492617,15.687794135908742,449454.79806087806,1.2,4493.7900000006
28.580000000001668,1821.6319876772181,295251.37667570385,295251.37667570385,10.444172911121836,0.2818047158497272,295.06949556492617,15.687794135908742,449461.13333160616,1.2,4492.2600000006005
28.59000000000167,1821.3656911772182,295200.991504577,295200.991504577,10.443492914517298,0.28164402848515463,295.06949556492617,15.687794135908742,449467.46969384793,1.2,4490.730000000601
28.60000000000167,1821.0993946772182,295150.6084691145,295150.6084691145,10.44281285049465,0.28148331357445067,295.06949556492617,15.687794135908742,449473.8071423124,1.2,4489.200000000601
28.610000000001673,1820.8330981772183,295100.2275679524,295100.2275679524,10.442132719029868,0.28132257125161325,295.06949556492617,15.687794135908742,449480.14567171567,1.2,4487.670000000601
28.620000000001674,1820.5668016772183,295049.84879972646,295049.84879972646,10.441452520098913,0.2811618016507531,295.06949556492617,15.687794135908742,449486.4852767693,1.2,4486.1400000006015
28.630000000001676,1820.3005051772184,294999.47216307203,294999.47216307203,10.440772253677737,0.28100100490613406,295.06949556492617,15.687794135908742,449492.8259521791,1.2,4484.610000000602
28.640000000001677,1820.0342086772184,294949.0976566239,294949.0976566239,10.440091919742267,0.2808401811518018,295.06949556492617,15.687794135908742,449499.1676926591,1.2,4483.080000000602
28.65000000000168,1819.7679121772185,294898.725279017,294898.725279017,10.43941151826844,0.28067933052195426,295.06949556492617,15.687794135908742,449505.5104929173,1.2,4481.550000000602
28.66000000000168,1819.5016156772185,294848.3550288856,294848.3550288856,10.438731049232167,0.2805184531508597,295.06949556492617,15.687794135908742,449511.8543476595,1.2,4480.0200000006025
28.670000000001682,1819.2353191772186,294797.98690486344,294797.98690486344,10.438050512609355,0.2803575491725671,295.06949556492617,15.687794135908742,449518.19925159967,1.2,4478.490000000603
28.680000000001684,1818.9690226772186,294747.62090558425,294747.62090558425,10.437369908375887,0.28019661872123625,295.06949556492617,15.687794135908742,449524.5451994473,1.2,4476.960000000603
28.690000000001685,1818.7027261772187,294697.2570296813,294697.2570296813,10.43668923650765,0.2800356619313425,295.06949556492617,15.687794135908742,449530.89218589995,1.2,4475.430000000603
28.700000000001687,1818.4364296772187,294646.8952757873,294646.8952757873,10.436008496980511,0.2798746789368129,295.06949556492617,15.687794135908742,449537.2402056761,1.2,4473.9000000006035
28.71000000000169,1818.1701331772188,294596.53564253496,294596.53564253496,10.435327689770332,0.2797136698720539,295.06949556492617,15.687794135908742,449543.589253476,1.2,4472.370000000604
28.72000000000169,1817.9038366772188,294546.1781285564,294546.1781285564,10.434646814852952,0.2795526348710473,295.06949556492617,15.687794135908742,449549.9393240164,1.2,4470.840000000604
28.73000000000169,1817.6375401772189,294495.8227324834,294495.8227324834,10.433965872204208,0.27939157406817094,295.06949556492617,15.687794135908742,449556.2904119982,1.2,4469.310000000604
28.740000000001693,1817.371243677219,294445.46945294744,294445.46945294744,10.433284861799924,0.2792304875975827,295.06949556492617,15.687794135908742,449562.64251213125,1.2,4467.780000000605
28.750000000001695,1817.104947177219,294395.1182885797,294395.1182885797,10.432603783615914,0.2790693755934259,295.06949556492617,15.687794135908742,449568.995619126,1.2,4466.250000000605
28.760000000001696,1816.838650677219,294344.76923801086,294344.76923801086,10.431922637627974,0.2789082381899517,295.06949556492617,15.687794135908742,449575.3497276885,1.2,4464.720000000605
28.770000000001698,1816.572354177219,294294.42229987116,294294.42229987116,10.43124142381189,0.27874707552131406,295.06949556492617,15.687794135908742,449581.70483252854,1.2,4463.190000000605
28.7800000000017,1816.306057677219,294244.077472791,294244.077472791,10.430560142143444,0.27858588772165127,295.06949556492617,15.687794135908742,449588.06092835666,1.2,4461.660000000606
28.7900000000017,1816.0397611772191,294193.7347554001,294193.7347554001,10.429878792598403,0.27842467492537243,295.06949556492617,15.687794135908742,449594.418009873,1.2,4460.130000000606
28.800000000001702,1815.7734646772192,294143.3941463274,294143.3941463274,10.429197375152516,0.2782634372666249,295.06949556492617,15.687794135908742,449600.7760717876,1.2,4458.600000000606
28.810000000001704,1815.5071681772192,294093.0556442021,294093.0556442021,10.428515889781526,0.27810217487958044,295.06949556492617,15.687794135908742,449607.1351088096,1.2,4457.070000000606
28.820000000001706,1815.2408716772193,294042.7192476528,294042.7192476528,10.427834336461164,0.27794088789855786,295.06949556492617,15.687794135908742,449613.49511564244,1.2,4455.540000000607
28.830000000001707,1814.9745751772193,293992.3849553079,293992.3849553079,10.427152715167152,0.2777795764578182,295.06949556492617,15.687794135908742,449619.85608699184,1.2,4454.010000000607
28.84000000000171,1814.7082786772194,293942.05276579515,293942.05276579515,10.426471025875193,0.2776182406914827,295.06949556492617,15.687794135908742,449626.21801756904,1.2,4452.480000000607
28.85000000000171,1814.4419821772194,293891.7226777422,293891.7226777422,10.425789268560987,0.27745688073381874,295.06949556492617,15.687794135908742,449632.5809020796,1.2,4450.950000000607
28.860000000001712,1814.1756856772195,293841.39468977624,293841.39468977624,10.425107443200213,0.27729549671907583,295.06949556492617,15.687794135908742,449638.94473522954,1.2,4449.420000000608
28.870000000001713,1813.9093891772195,293791.0688005241,293791.0688005241,10.424425549768554,0.27713408878132295,295.06949556492617,15.687794135908742,449645.309511732,1.2,4447.890000000608
28.880000000001715,1813.6430926772196,293740.74500861217,293740.74500861217,10.423743588241662,0.27697265705497726,295.06949556492617,15.687794135908742,449651.6752262869,1.2,4446.360000000608
28.890000000001717,1813.3767961772196,293690.4233126667,293690.4233126667,10.423061558595188,0.27681120167403084,295.06949556492617,15.687794135908742,449658.04187361035,1.2,4444.830000000608
28.900000000001718,1813.1104996772197,293640.10371131357,293640.10371131357,10.422379460804772,0.2766497227727418,295.06949556492617,15.687794135908742,449664.40944840794,1.2,4443.300000000609
28.91000000000172,1812.8442031772197,293589.786203178,293589.786203178,10.421697294846043,0.2764882204853902,295.06949556492617,15.687794135908742,449670.77794538497,1.2,4441.770000000609
28.92000000000172,1812.5779066772197,293539.47078688507,293539.47078688507,10.421015060694609,0.27632669494611506,295.06949556492617,15.687794135908742,449677.14735925186,1.2,4440.240000000609
28.930000000001723,1812.3116101772198,293489.15746105957,293489.15746105957,10.420332758326076,0.27616514628919836,295.06949556492617,15.687794135908742,449683.5176847135,1.2,4438.710000000609
28.940000000001724,1812.0453136772198,293438.8462243259,293438.8462243259,10.41965038771604,0.2760035746487404,295.06949556492617,15.687794135908742,449689.8889164818,1.2,4437.18000000061
28.950000000001726,1811.7790171772199,293388.5370753078,293388.5370753078,10.418967948840077,0.2758419801591054,295.06949556492617,15.687794135908742,449696.2610492585,1.2,4435.65000000061
28.960000000001727,1811.51272067722,293338.23001262906,293338.23001262906,10.418285441673754,0.27568036295443454,295.06949556492617,15.687794135908742,449702.63407775405,1.2,4434.12000000061
28.97000000000173,1811.24642417722,293287.9250349129,293287.9250349129,10.41760286619263,0.2755187231689704,295.06949556492617,15.687794135908742,449709.00799667486,1.2,4432.59000000061
28.98000000000173,1810.98012767722,293237.6221407823,293237.6221407823,10.416920222372246,0.27535706093677315,295.06949556492617,15.687794135908742,449715.3828007344,1.2,4431.060000000611
28.990000000001732,1810.71383117722,293187.3213288598,293187.3213288598,10.416237510188143,0.27519537639204417,295.06949556492617,15.687794135908742,449721.758484641,1.2,4429.530000000611
29.000000000001734,1810.4475346772201,293137.0225977676,293137.0225977676,10.415554729615835,0.2750336696689633,295.06949556492617,15.687794135908742,449728.13504310336,1.2,4428.000000000611
29.010000000001735,1810.1812381772202,293086.7259461274,293086.7259461274,10.414871880630834,0.2748719409016091,295.06949556492617,15.687794135908742,449734.51247083454,1.2,4426.470000000611
29.020000000001737,1809.9149416772202,293036.4313725608,293036.4313725608,10.41418896320864,0.2747101902243205,295.06949556492617,15.687794135908742,449740.89076253696,1.2,4424.940000000612
29.03000000000174,1809.6486451772203,292986.13887568883,292986.13887568883,10.41350597732474,0.27454841777105193,295.06949556492617,15.687794135908742,449747.2699129286,1.2,4423.410000000612
29.04000000000174,1809.3823486772203,292935.84845413227,292935.84845413227,10.412822922954602,0.27438662367597766,295.06949556492617,15.687794135908742,449753.6499167186,1.2,4421.880000000612
29.05000000000174,1809.1160521772204,292885.5601065115,292885.5601065115,10.412139800073696,0.2742248080733306,295.06949556492617,15.687794135908742,449760.0307686135,1.2,4420.350000000612
29.060000000001743,1808.8497556772204,292835.27383144654,292835.27383144654,10.41145660865747,0.27406297109723987,295.06949556492617,15.687794135908742,449766.41246332455,1.2,4418.820000000613
29.070000000001745,1808.5834591772204,292784.98962755705,292784.98962755705,10.410773348681369,0.27390111288185265,295.06949556492617,15.687794135908742,449772.7949955618,1.2,4417.290000000613
29.080000000001746,1808.3171626772205,292734.7074934624,292734.7074934624,10.410090020120812,0.2737392335612927,295.06949556492617,15.687794135908742,449779.1783600362,1.2,4415.760000000613
29.090000000001748,1808.0508661772205,292684.42742778145,292684.42742778145,10.40940662295122,0.27357733326966094,295.06949556492617,15.687794135908742,449785.5625514601,1.2,4414.2300000006135
29.10000000000175,1807.7845696772206,292634.14942913275,292634.14942913275,10.408723157148,0.2734154121411146,295.06949556492617,15.687794135908742,449791.94756454305,1.2,4412.700000000614
29.11000000000175,1807.5182731772206,292583.87349613465,292583.87349613465,10.408039622686541,0.27325347030958697,295.06949556492617,15.687794135908742,449798.3333940036,1.2,4411.170000000614
29.120000000001752,1807.2519766772207,292533.59962740506,292533.59962740506,10.407356019542222,0.27309150790930814,295.06949556492617,15.687794135908742,449804.72003454895,1.2,4409.640000000614
29.130000000001754,1806.9856801772207,292483.3278215612,292483.3278215612,10.406672347690415,0.2729295250742436,295.06949556492617,15.687794135908742,449811.10748089646,1.2,4408.1100000006145
29.140000000001756,1806.7193836772208,292433.05807722034,292433.05807722034,10.405988607106476,0.2727675219384145,295.06949556492617,15.687794135908742,449817.495727761,1.2,4406.580000000615
29.150000000001757,1806.4530871772208,292382.7903929994,292382.7903929994,10.405304797765755,0.2726054986359376,295.06949556492617,15.687794135908742,449823.8847698543,1.2,4405.050000000615
29.16000000000176,1806.1867906772209,292332.52476751455,292332.52476751455,10.40462091964358,0.27244345530086433,295.06949556492617,15.687794135908742,449830.27460188995,1.2,4403.520000000615
29.17000000000176,1805.920494177221,292282.261199382,292282.261199382,10.403936972715274,0.2722813920672215,295.06949556492617,15.687794135908742,449836.6652185832,1.2,4401.9900000006155
29.180000000001762,1805.654197677221,292231.9996872173,292231.9996872173,10.403252956956146,0.27211930906901,295.06949556492617,15.687794135908742,449843.05661464995,1.2,4400.460000000616
29.190000000001763,1805.387901177221,292181.74022963585,292181.74022963585,10.402568872341499,0.2719572064402852,295.06949556492617,15.687794135908742,449849.44878480386,1.2,4398.930000000616
29.200000000001765,1805.121604677221,292131.48282525263,292131.48282525263,10.401884718846617,0.27179508431499677,295.06949556492617,15.687794135908742,449855.84172376303,1.2,4397.400000000616
29.210000000001767,1804.855308177221,292081.22747268213,292081.22747268213,10.401200496446773,0.2716329428272278,295.06949556492617,15.687794135908742,449862.23542624025,1.2,4395.8700000006165
29.220000000001768,1804.5890116772212,292030.97417053866,292030.97417053866,10.40051620511723,0.2714707821109548,295.06949556492617,15.687794135908742,449868.6298869523,1.2,4394.340000000617
29.23000000000177,1804.3227151772212,291980.722917436,291980.722917436,10.399831844833242,0.2713086023001681,295.06949556492617,15.687794135908742,449875.02510061563,1.2,4392.810000000617
29.24000000000177,1804.0564186772212,291930.47371198784,291930.47371198784,10.399147415570043,0.2711464035286317,295.06949556492617,15.687794135908742,449881.42106195557,1.2,4391.280000000617
29.250000000001773,1803.7901221772213,291880.22655280697,291880.22655280697,10.398462917302865,0.2709841859303215,295.06949556492617,15.687794135908742,449887.817765689,1.2,4389.750000000618
29.260000000001774,1803.5238256772213,291829.9814385064,291829.9814385064,10.39777835000692,0.2708219496393454,295.06949556492617,15.687794135908742,449894.2152065277,1.2,4388.220000000618
29.270000000001776,1803.2575291772214,291779.7383676985,291779.7383676985,10.397093713657418,0.27065969478926655,295.06949556492617,15.687794135908742,449900.613379205,1.2,4386.690000000618
29.280000000001777,1802.9912326772214,291729.49733899534,291729.49733899534,10.39640900822954,0.27049742151425654,295.06949556492617,15.687794135908742,449907.01227842976,1.2,4385.160000000618
29.29000000000178,1802.7249361772215,291679.2583510084,291679.2583510084,10.395724233698473,0.27033512994802167,295.06949556492617,15.687794135908742,449913.4118989299,1.2,4383.630000000619
29.30000000000178,1802.4586396772215,291629.02140234923,291629.02140234923,10.395039390039381,0.27017282022455774,295.06949556492617,15.687794135908742,449919.8122354217,1.2,4382.100000000619
29.310000000001782,1802.1923431772216,291578.7864916285,291578.7864916285,10.394354477227427,0.2700104924776336,295.06949556492617,15.687794135908742,449926.21328262996,1.2,4380.570000000619
29.320000000001784,1801.9260466772216,291528.5536174569,291528.5536174569,10.393669495237749,0.2698481468411478,295.06949556492617,15.687794135908742,449932.6150352747,1.2,4379.040000000619
29.330000000001785,1801.6597501772217,291478.3227784448,291478.3227784448,10.392984444045478,0.2696857834490095,295.06949556492617,15.687794135908742,449939.0174880758,1.2,4377.51000000062
29.340000000001787,1801.3934536772217,291428.0939732018,291428.0939732018,10.392299323625739,0.2695234024348215,295.06949556492617,15.687794135908742,449945.4206357644,1.2,4375.98000000062
29.35000000000179,1801.1271571772218,291377.8672003376,291377.8672003376,10.391614133953638,0.2693610039325528,295.06949556492617,15.687794135908742,449951.8244730582,1.2,4374.45000000062
29.36000000000179,1800.8608606772218,291327.64245846093,291327.64245846093,10.390928875004269,0.2691985880759055,295.06949556492617,15.687794135908742,449958.2289946849,1.2,4372.92000000062
29.37000000000179,1800.5945641772219,291277.4197461809,291277.4197461809,10.39024354675272,0.269036154998512,295.06949556492617,15.687794135908742,449964.6341953746,1.2,4371.390000000621
29.380000000001793,1800.328267677222,291227.1990621057,291227.1990621057,10.38955814917406,0.2688737048342121,295.06949556492617,15.687794135908742,449971.04006985005,1.2,4369.860000000621
29.390000000001795,1800.061971177222,291176.98040484334,291176.98040484334,10.388872682243356,0.26871123771669636,295.06949556492617,15.687794135908742,449977.4466128392,1.2,4368.330000000621
29.400000000001796,1799.795674677222,291126.7637730013,291126.7637730013,10.388187145935646,0.2685487537795459,295.06949556492617,15.687794135908742,449983.85381907475,1.2,4366.800000000621
29.410000000001798,1799.529378177222,291076.5491651872,291076.5491651872,10.387501540225976,0.2683862531566265,295.06949556492617,15.687794135908742,449990.2616832777,1.2,4365.270000000622
29.4200000000018,1799.263081677222,291026.3365800077,291026.3365800077,10.386815865089368,0.26822373598157556,295.06949556492617,15.687794135908742,449996.6702001786,1.2,4363.740000000622
29.4300000000018,1798.9967851772221,290976.1260160694,290976.1260160694,10.386130120500832,0.2680612023878023,295.06949556492617,15.687794135908742,450003.07936451666,1.2,4362.210000000622
29.440000000001803,1798.7304886772222,290925.91747197823,290925.91747197823,10.385444306435373,0.26789865250919637,295.06949556492617,15.687794135908742,450009.48917101225,1.2,4360.680000000622
29.450000000001804,1798.4641921772222,290875.7109463403,290875.7109463403,10.384758422867971,0.2677360864793005,295.06949556492617,15.687794135908742,450015.8996143994,1.2,4359.150000000623
29.460000000001806,1798.1978956772223,290825.5064377608,290825.5064377608,10.384072469773614,0.2675735044317432,295.06949556492617,15.687794135908742,450022.31068940874,1.2,4357.620000000623
29.470000000001807,1797.9315991772223,290775.30394484487,290775.30394484487,10.383386447127261,0.2674109065001208,295.06949556492617,15.687794135908742,450028.72239077213,1.2,4356.090000000623
29.48000000000181,1797.6653026772224,290725.1034661972,290725.1034661972,10.382700354903863,0.26724829281787926,295.06949556492617,15.687794135908742,450035.1347132275,1.2,4354.560000000623
29.49000000000181,1797.3990061772224,290674.90500042203,290674.90500042203,10.382014193078362,0.2670856635185495,295.06949556492617,15.687794135908742,450041.54765150935,1.2,4353.030000000624
29.500000000001812,1797.1327096772225,290624.7085461233,290624.7085461233,10.381327961625686,0.26692301873551205,295.06949556492617,15.687794135908742,450047.9612003581,1.2,4351.500000000624
29.510000000001813,1796.8664131772225,290574.51410190476,290574.51410190476,10.380641660520755,0.26676035860246716,295.06949556492617,15.687794135908742,450054.3753545015,1.2,4349.970000000624
29.520000000001815,1796.6001166772226,290524.3216663692,290524.3216663692,10.379955289738469,0.26659768325268934,295.06949556492617,15.687794135908742,450060.79010868404,1.2,4348.440000000624
29.530000000001817,1796.3338201772226,290474.13123811973,290474.13123811973,10.37926884925372,0.2664349928196549,295.06949556492617,15.687794135908742,450067.2054576426,1.2,4346.910000000625
29.540000000001818,1796.0675236772227,290423.94281575887,290423.94281575887,10.378582339041392,0.26627228743676673,295.06949556492617,15.687794135908742,450073.62139611685,1.2,4345.380000000625
29.55000000000182,1795.8012271772227,290373.7563978886,290373.7563978886,10.377895759076354,0.2661095672374721,295.06949556492617,15.687794135908742,450080.0379188441,1.2,4343.850000000625
29.56000000000182,1795.5349306772227,290323.57198311045,290323.57198311045,10.377209109333455,0.2659468323551445,295.06949556492617,15.687794135908742,450086.4550205655,1.2,4342.320000000625
29.570000000001823,1795.2686341772228,290273.38957002596,290273.38957002596,10.376522389787544,0.2657840829230837,295.06949556492617,15.687794135908742,450092.87269602437,1.2,4340.790000000626
29.580000000001824,1795.0023376772228,290223.2091572361,290223.2091572361,10.375835600413456,0.2656213190747502,295.06949556492617,15.687794135908742,450099.2909399581,1.2,4339.260000000626
29.590000000001826,1794.736041177223,290173.0307433413,290173.0307433413,10.375148741186006,0.2654585409434127,295.06949556492617,15.687794135908742,450105.7097471116,1.2,4337.730000000626
29.600000000001828,1794.469744677223,290122.85432694195,290122.85432694195,10.374461812080002,0.265295748662227,295.06949556492617,15.687794135908742,450112.129112234,1.2,4336.2000000006265
29.61000000000183,1794.203448177223,290072.6799066378,290072.6799066378,10.37377481307024,0.26513294236450835,295.06949556492617,15.687794135908742,450118.5490300684,1.2,4334.670000000627
29.62000000000183,1793.937151677223,290022.5074810283,290022.5074810283,10.373087744131505,0.2649701221835359,295.06949556492617,15.687794135908742,450124.9694953592,1.2,4333.140000000627
29.630000000001832,1793.670855177223,289972.3370487128,289972.3370487128,10.372400605238571,0.2648072882523585,295.06949556492617,15.687794135908742,450131.3905028599,1.2,4331.610000000627
29.640000000001834,1793.4045586772231,289922.1686082896,289922.1686082896,10.37171339636619,0.2646444407041833,295.06949556492617,15.687794135908742,450137.8120473177,1.2,4330.0800000006275
29.650000000001835,1793.1382621772232,289872.0021583574,289872.0021583574,10.371026117489114,0.2644815796722199,295.06949556492617,15.687794135908742,450144.2341234799,1.2,4328.550000000628
29.660000000001837,1792.8719656772232,289821.837697514,289821.837697514,10.370338768582075,0.26431870528948576,295.06949556492617,15.687794135908742,450150.6567261011,1.2,4327.020000000628
29.67000000000184,1792.6056691772233,289771.67522435705,289771.67522435705,10.3696513496198,0.2641558176892331,295.06949556492617,15.687794135908742,450157.0798499269,1.2,4325.490000000628
29.68000000000184,1792.3393726772233,289721.51473748375,289721.51473748375,10.368963860576997,0.2639929170044831,295.06949556492617,15.687794135908742,450163.50348971185,1.2,4323.9600000006285
29.69000000000184,1792.0730761772234,289671.3562354908,289671.3562354908,10.368276301428365,0.26383000336818074,295.06949556492617,15.687794135908742,450169.9276402134,1.2,4322.430000000629
29.700000000001843,1791.8067796772234,289621.19971697516,289621.19971697516,10.367588672148587,0.2636670769135822,295.06949556492617,15.687794135908742,450176.3522961771,1.2,4320.900000000629
29.710000000001845,1791.5404831772235,289571.0451805324,289571.0451805324,10.366900972712346,0.2635041377734797,295.06949556492617,15.687794135908742,450182.77745236666,1.2,4319.370000000629
29.720000000001846,1791.2741866772235,289520.8926247586,289520.8926247586,10.366213203094294,0.26334118608105317,295.06949556492617,15.687794135908742,450189.2031035301,1.2,4317.8400000006295
29.730000000001848,1791.0078901772235,289470.74204824894,289470.74204824894,10.36552536326908,0.2631782219689801,295.06949556492617,15.687794135908742,450195.6292444357,1.2,4316.31000000063
29.74000000000185,1790.7415936772236,289420.59344959847,289420.59344959847,10.364837453211353,0.2630152455702862,295.06949556492617,15.687794135908742,450202.055869838,1.2,4314.78000000063
29.75000000000185,1790.4752971772236,289370.44682740176,289370.44682740176,10.36414947289573,0.26285225701780385,295.06949556492617,15.687794135908742,450208.4829744988,1.2,4313.25000000063
29.760000000001853,1790.2090006772237,289320.30218025297,289320.30218025297,10.363461422296824,0.262689256444404,295.06949556492617,15.687794135908742,450214.9105531788,1.2,4311.7200000006305
29.770000000001854,1789.9427041772237,289270.159506746,289270.159506746,10.362773301389236,0.2625262439828793,295.06949556492617,15.687794135908742,450221.3386006416,1.2,4310.190000000631
29.780000000001856,1789.6764076772238,289220.0188054745,289220.0188054745,10.362085110147557,0.26236321976606064,295.06949556492617,15.687794135908742,450227.76711164915,1.2,4308.660000000631
29.790000000001857,1789.4101111772238,289169.8800750312,289169.8800750312,10.361396848546365,0.262200183926662,295.06949556492617,15.687794135908742,450234.1960809684,1.2,4307.130000000631
29.80000000000186,1789.1438146772239,289119.7433140091,289119.7433140091,10.360708516560216,0.2620371365973191,295.06949556492617,15.687794135908742,450240.6255033689,1.2,4305.600000000632
29.81000000000186,1788.877518177224,289069.6085210003,289069.6085210003,10.36002011416367,0.26187407791093553,295.06949556492617,15.687794135908742,450247.05537361006,1.2,4304.070000000632
29.820000000001862,1788.611221677224,289019.4756945971,289019.4756945971,10.35933164133126,0.261711008000105,295.06949556492617,15.687794135908742,450253.48568646313,1.2,4302.540000000632
29.830000000001863,1788.344925177224,288969.3448333907,288969.3448333907,10.35864309803752,0.26154792699753476,295.06949556492617,15.687794135908742,450259.9164366954,1.2,4301.010000000632
29.840000000001865,1788.078628677224,288919.2159359727,288919.2159359727,10.357954484256961,0.2613848350358909,295.06949556492617,15.687794135908742,450266.34761907504,1.2,4299.480000000633
29.850000000001867,1787.812332177224,288869.0890009336,288869.0890009336,10.357265799964084,0.2612217322475684,295.06949556492617,15.687794135908742,450272.7792283818,1.2,4297.950000000633
29.860000000001868,1787.5460356772242,288818.96402686404,288818.96402686404,10.356577045133381,0.2610586187652665,295.06949556492617,15.687794135908742,450279.21125938266,1.2,4296.420000000633
29.87000000000187,1787.2797391772242,288768.84101235395,288768.84101235395,10.355888219739334,0.26089549472133605,295.06949556492617,15.687794135908742,450285.6437068587,1.2,4294.890000000633
29.88000000000187,1787.0134426772242,288718.7199559931,288718.7199559931,10.355199323756404,0.2607323602483166,295.06949556492617,15.687794135908742,450292.07656558347,1.2,4293.360000000634
29.890000000001873,1786.7471461772243,288668.6008563707,288668.6008563707,10.354510357159041,0.2605692154785524,295.06949556492617,15.687794135908742,450298.5098303385,1.2,4291.830000000634
29.900000000001874,1786.4808496772243,288618.4837120758,288618.4837120758,10.353821319921694,0.26040606054469045,295.06949556492617,15.687794135908742,450304.9434958928,1.2,4290.300000000634
29.910000000001876,1786.2145531772244,288568.3685216972,288568.3685216972,10.353132212018792,0.2602428955788758,295.06949556492617,15.687794135908742,450311.3775570358,1.2,4288.770000000634
29.920000000001878,1785.9482566772244,288518.2552838225,288518.2552838225,10.352443033424747,0.2600797207136321,295.06949556492617,15.687794135908742,450317.8120085416,1.2,4287.240000000635
29.93000000000188,1785.6819601772245,288468.1439970398,288468.1439970398,10.35175378411396,0.25991653608117243,295.06949556492617,15.687794135908742,450324.2468451966,1.2,4285.710000000635
29.94000000000188,1785.4156636772245,288418.0346599366,288418.0346599366,10.351064464060828,0.259753341813858,295.06949556492617,15.687794135908742,450330.68206178147,1.2,4284.180000000635
29.950000000001882,1785.1493671772246,288367.9272710997,288367.9272710997,10.350375073239732,0.25959013804393033,295.06949556492617,15.687794135908742,450337.1176530816,1.2,4282.650000000635
29.960000000001884,1784.8830706772246,288317.821829116,288317.821829116,10.349685611625034,0.2594269249036256,295.06949556492617,15.687794135908742,450343.55361388245,1.2,4281.120000000636
29.970000000001885,1784.6167741772247,288267.71833257156,288267.71833257156,10.348996079191087,0.2592637025251746,295.06949556492617,15.687794135908742,450349.9899389699,1.2,4279.590000000636
29.980000000001887,1784.3504776772247,288217.6167800524,288217.6167800524,10.34830647591224,0.25910047104057377,295.06949556492617,15.687794135908742,450356.4266231387,1.2,4278.060000000636
29.99000000000189,1784.0841811772248,288167.51717014395,288167.51717014395,10.347616801762822,0.258937230582004,295.06949556492617,15.687794135908742,450362.86366117693,1.2,4276.530000000636
30.00000000000189,1783.8178846772248,288117.4195014313,288117.4195014313,10.346927056717144,0.2587739812815258,295.06949556492617,15.687794135908742,450369.3010478768,1.2,4275.000000000637
30.01000000000189,1783.5515881772249,288067.3237724994,288067.3237724994,10.346237240749517,0.25861072327104107,295.06949556492617,15.687794135908742,450375.7387780372,1.2,4273.470000000637
30.020000000001893,1783.285291677225,288017.2299819323,288017.2299819323,10.34554735383423,0.25844745668271124,295.06949556492617,15.687794135908742,450382.1768464464,1.2,4271.940000000637
30.030000000001895,1783.018995177225,287967.1381283141,287967.1381283141,10.344857395945565,0.25828418164838685,295.06949556492617,15.687794135908742,450388.6152479055,1.2,4270.410000000637
30.040000000001896,1782.752698677225,287917.04821022856,287917.04821022856,10.344167367057791,0.25812089830006296,295.06949556492617,15.687794135908742,450395.0539772094,1.2,4268.880000000638
30.050000000001898,1782.486402177225,287866.9602262587,287866.9602262587,10.34347726714516,0.2579576067696891,295.06949556492617,15.687794135908742,450401.4930291547,1.2,4267.350000000638
30.0600000000019,1782.220105677225,287816.8741749874,287816.8741749874,10.342787096181915,0.2577943071888665,295.06949556492617,15.687794135908742,450407.9323985523,1.2,4265.820000000638
30.0700000000019,1781.9538091772251,287766.79005499714,287766.79005499714,10.34209685414229,0.25763099968979397,295.06949556492617,15.687794135908742,450414.37208018923,1.2,4264.290000000638
30.080000000001903,1781.6875126772252,287716.7078648699,287716.7078648699,10.341406541000502,0.2574676844040564,295.06949556492617,15.687794135908742,450420.8120688765,1.2,4262.760000000639
30.090000000001904,1781.4212161772252,287666.6276031876,287666.6276031876,10.340716156730752,0.25730436146341984,295.06949556492617,15.687794135908742,450427.25235941843,1.2,4261.230000000639
30.100000000001906,1781.1549196772253,287616.5492685311,287616.5492685311,10.340025701307235,0.25714103099952784,295.06949556492617,15.687794135908742,450433.6929466238,1.2,4259.700000000639
30.110000000001907,1780.8886231772253,287566.4728594815,287566.4728594815,10.339335174704138,0.25697769314409113,295.06949556492617,15.687794135908742,450440.1338252989,1.2,4258.170000000639
30.12000000000191,1780.6223266772254,287516.3983746197,287516.3983746197,10.338644576895618,0.2568143480287731,295.06949556492617,15.687794135908742,450446.5749902519,1.2,4256.64000000064
30.13000000000191,1780.3560301772254,287466.3258125253,287466.3258125253,10.337953907855837,0.2566509957849262,295.06949556492617,15.687794135908742,450453.0164363032,1.2,4255.11000000064
30.140000000001912,1780.0897336772255,287416.2551717783,287416.2551717783,10.337263167558937,0.2564876365442705,295.06949556492617,15.687794135908742,450459.4581582587,1.2,4253.58000000064
30.150000000001913,1779.8234371772255,287366.18645095796,287366.18645095796,10.336572355979051,0.2563242704382146,295.06949556492617,15.687794135908742,450465.90015093645,1.2,4252.0500000006405
30.160000000001915,1779.5571406772256,287316.1196486435,287316.1196486435,10.335881473090291,0.2561608975983078,295.06949556492617,15.687794135908742,450472.3424091493,1.2,4250.520000000641
30.170000000001917,1779.2908441772256,287266.0547634132,287266.0547634132,10.335190518866765,0.25599751815590066,295.06949556492617,15.687794135908742,450478.7849277174,1.2,4248.990000000641
30.180000000001918,1779.0245476772257,287215.9917938456,287215.9917938456,10.334499493282566,0.2558341322423334,295.06949556492617,15.687794135908742,450485.22770146216,1.2,4247.460000000641
30.19000000000192,1778.7582511772257,287165.93073851825,287165.93073851825,10.333808396311781,0.25567073998916084,295.06949556492617,15.687794135908742,450491.6707251955,1.2,4245.9300000006415
30.20000000000192,1778.4919546772257,287115.87159600866,287115.87159600866,10.333117227928465,0.2555073415275884,295.06949556492617,15.687794135908742,450498.1139937438,1.2,4244.400000000642
30.210000000001923,1778.2256581772258,287065.81436489394,287065.81436489394,10.332425988106682,0.25534393698884805,295.06949556492617,15.687794135908742,450504.5575019323,1.2,4242.870000000642
30.220000000001924,1777.9593616772254,287015.7590437507,287015.7590437507,10.331734676820469,0.2551805265042352,295.06949556492617,15.687794135908742,450511.00124458346,1.2,4241.340000000642
30.230000000001926,1777.693065177226,286965.7056311554,286965.7056311554,10.331043294043864,0.25501711020473344,295.06949556492617,15.687794135908742,450517.4452165324,1.2,4239.8100000006425
30.240000000001928,1777.426768677226,286915.65412568365,286915.65412568365,10.330351839750877,0.2548536882216521,295.06949556492617,15.687794135908742,450523.889412601,1.2,4238.280000000643
30.25000000000193,1777.160472177226,286865.60452591104,286865.60452591104,10.329660313915515,0.25469026068587597,295.06949556492617,15.687794135908742,450530.3338276284,1.2,4236.750000000643
30.26000000000193,1776.894175677226,286815.55683041277,286815.55683041277,10.328968716511772,0.25452682772853985,295.06949556492617,15.687794135908742,450536.7784564433,1.2,4235.220000000643
30.270000000001932,1776.627879177226,286765.5110377636,286765.5110377636,10.328277047513629,0.2543633894806533,295.06949556492617,15.687794135908742,450543.22329387977,1.2,4233.6900000006435
30.280000000001934,1776.3615826772261,286715.4671465378,286715.4671465378,10.327585306895049,0.2541999460731756,295.06949556492617,15.687794135908742,450549.6683347736,1.2,4232.160000000644
30.290000000001935,1776.0952861772257,286665.42515530915,286665.42515530915,10.326893494629983,0.25403649763701575,295.06949556492617,15.687794135908742,450556.11357396294,1.2,4230.630000000644
30.300000000001937,1775.8289896772258,286615.38506265153,286615.38506265153,10.326201610692383,0.25387304430299457,295.06949556492617,15.687794135908742,450562.5590062888,1.2,4229.100000000644
30.31000000000194,1775.5626931772263,286565.34686713794,286565.34686713794,10.325509655056173,0.253709586202031,295.06949556492617,15.687794135908742,450569.0046265888,1.2,4227.5700000006445
30.32000000000194,1775.2963966772263,286515.3105673412,286515.3105673412,10.324817627695268,0.2535461234648813,295.06949556492617,15.687794135908742,450575.45042970695,1.2,4226.040000000645
30.33000000000194,1775.030100177226,286465.27616183355,286465.27616183355,10.324125528583572,0.25338265622232475,295.06949556492617,15.687794135908742,450581.89641048614,1.2,4224.510000000645
30.340000000001943,1774.7638036772264,286415.24364918726,286415.24364918726,10.323433357694977,0.2532191846050887,295.06949556492617,15.687794135908742,450588.3425637715,1.2,4222.980000000645
30.350000000001945,1774.4975071772265,286365.21302797383,286365.21302797383,10.322741115003364,0.2530557087437003,295.06949556492617,15.687794135908742,450594.7888844159,1.2,4221.450000000646
30.360000000001946,1774.231210677226,286315.1842967644,286315.1842967644,10.322048800482595,0.2528922287687465,295.06949556492617,15.687794135908742,450601.23536726995,1.2,4219.920000000646
30.370000000001948,1773.964914177226,286265.1574541299,286265.1574541299,10.321356414106525,0.25272874481083607,295.06949556492617,15.687794135908742,450607.6820071833,1.2,4218.390000000646
30.38000000000195,1773.6986176772261,286215.13249864074,286215.13249864074,10.320663955848993,0.2525652570004143,295.06949556492617,15.687794135908742,450614.1287990123,1.2,4216.860000000646
30.39000000000195,1773.4323211772266,286165.10942886706,286165.10942886706,10.319971425683834,0.25240176546791093,295.06949556492617,15.687794135908742,450620.5757376135,1.2,4215.330000000647
30.400000000001953,1773.1660246772262,286115.0882433784,286115.0882433784,10.31927882358485,0.2522382703437772,295.06949556492617,15.687794135908742,450627.02281784307,1.2,4213.800000000647
30.410000000001954,1772.8997281772263,286065.06894074404,286065.06894074404,10.318586149525853,0.2520747717584112,295.06949556492617,15.687794135908742,450633.4700345588,1.2,4212.270000000647
30.420000000001956,1772.6334316772268,286015.05151953286,286015.05151953286,10.317893403480632,0.25191126984204665,295.06949556492617,15.687794135908742,450639.91738262534,1.2,4210.740000000647
30.430000000001957,1772.3671351772268,285965.0359783134,285965.0359783134,10.317200585422961,0.25174776472504934,295.06949556492617,15.687794135908742,450646.36485690216,1.2,4209.210000000648
30.44000000000196,1772.1008386772264,285915.02231565374,285915.02231565374,10.316507695326605,0.2515842565376938,295.06949556492617,15.687794135908742,450652.8124522519,1.2,4207.680000000648
30.45000000000196,1771.8345421772265,285865.01053012157,285865.01053012157,10.315814733165315,0.2514207454100901,295.06949556492617,15.687794135908742,450659.26016354386,1.2,4206.150000000648
30.460000000001962,1771.5682456772265,285815.00062028423,285815.00062028423,10.315121698912828,0.25125723147244206,295.06949556492617,15.687794135908742,450665.70798564417,1.2,4204.620000000648
30.470000000001964,1771.3019491772266,285764.9925847085,285764.9925847085,10.314428592542876,0.2510937148547883,295.06949556492617,15.687794135908742,450672.15591342456,1.2,4203.090000000649
30.480000000001965,1771.0356526772266,285714.98642196105,285714.98642196105,10.313735414029166,0.2509301956870396,295.06949556492617,15.687794135908742,450678.6039417626,1.2,4201.560000000649
30.490000000001967,1770.7693561772267,285664.98213060806,285664.98213060806,10.3130421633454,0.25076667409927333,295.06949556492617,15.687794135908742,450685.0520655288,1.2,4200.030000000649
30.500000000001968,1770.5030596772272,285614.979709215,285614.979709215,10.312348840465267,0.2506031502214013,295.06949556492617,15.687794135908742,450691.5002796005,1.2,4198.500000000649
30.51000000000197,1770.2367631772267,285564.9791563475,285564.9791563475,10.311655445362442,0.2504396241831333,295.06949556492617,15.687794135908742,450697.94857886265,1.2,4196.97000000065
30.52000000000197,1769.9704666772268,285514.9804705704,285514.9804705704,10.310961978010585,0.25027609611452867,295.06949556492617,15.687794135908742,450704.3969581869,1.2,4195.44000000065
30.530000000001973,1769.7041701772268,285464.9836504482,285464.9836504482,10.310268438383343,0.25011256614522315,295.06949556492617,15.687794135908742,450710.8454124611,1.2,4193.91000000065
30.540000000001974,1769.437873677227,285414.98869454506,285414.98869454506,10.309574826454359,0.24994903440498112,295.06949556492617,15.687794135908742,450717.29393656855,1.2,4192.38000000065
30.550000000001976,1769.171577177227,285364.99560142495,285364.99560142495,10.308881142197253,0.2497855010235841,295.06949556492617,15.687794135908742,450723.7425253914,1.2,4190.850000000651
30.560000000001978,1768.905280677227,285315.0043696511,285315.0043696511,10.308187385585631,0.24962196613061088,295.06949556492617,15.687794135908742,450730.19117381994,1.2,4189.320000000651
30.57000000000198,1768.638984177227,285265.0149977862,285265.0149977862,10.307493556593098,0.24945842985562067,295.06949556492617,15.687794135908742,450736.63987674535,1.2,4187.790000000651
30.58000000000198,1768.372687677227,285215.02748439345,285215.02748439345,10.306799655193235,0.24929489232822605,295.06949556492617,15.687794135908742,450743.08862905664,1.2,4186.260000000651
30.590000000001982,1768.1063911772271,285165.0418280345,285165.0418280345,10.30610568135962,0.24913135367783643,295.06949556492617,15.687794135908742,450749.5374256509,1.2,4184.730000000652
30.600000000001984,1767.8400946772272,285115.05802727124,285115.05802727124,10.305411635065804,0.2489678140338412,295.06949556492617,15.687794135908742,450755.9862614259,1.2,4183.200000000652
30.610000000001985,1767.5737981772272,285065.0760806652,285065.0760806652,10.304717516285335,0.2488042735256092,295.06949556492617,15.687794135908742,450762.43513128016,1.2,4181.670000000652
30.620000000001987,1767.3075016772273,285015.09598677733,285015.09598677733,10.304023324991748,0.24864073228245204,295.06949556492617,15.687794135908742,450768.8840301147,1.2,4180.140000000652
30.63000000000199,1767.0412051772273,284965.11774416827,284965.11774416827,10.303329061158571,0.2484771904335145,295.06949556492617,15.687794135908742,450775.33295283676,1.2,4178.610000000653
30.64000000000199,1766.7749086772274,284915.1413513981,284915.1413513981,10.3026347247593,0.24831364810817574,295.06949556492617,15.687794135908742,450781.7818943447,1.2,4177.080000000653
30.65000000000199,1766.5086121772274,284865.16680702666,284865.16680702666,10.301940315767437,0.2481501054355014,295.06949556492617,15.687794135908742,450788.2308495492,1.2,4175.550000000653
30.660000000001993,1766.2423156772275,284815.19410961354,284815.19410961354,10.30124583415646,0.2479865625445724,295.06949556492617,15.687794135908742,450794.67981336,1.2,4174.020000000653
30.670000000001995,1765.9760191772275,284765.22325771744,284765.22325771744,10.300551279899842,0.24782301956455693,295.06949556492617,15.687794135908742,450801.12878068374,1.2,4172.490000000654
30.680000000001996,1765.7097226772275,284715.25424989715,284715.25424989715,10.299856652971034,0.24765947662441878,295.06949556492617,15.687794135908742,450807.5777464352,1.2,4170.960000000654
30.690000000001998,1765.4434261772276,284665.2870847109,284665.2870847109,10.299161953343484,0.24749593385309987,295.06949556492617,15.687794135908742,450814.02670552937,1.2,4169.430000000654
30.700000000002,1765.1771296772276,284615.3217607165,284615.3217607165,10.298467180990619,0.24733239137951943,295.06949556492617,15.687794135908742,450820.47565288295,1.2,4167.9000000006545
30.710000000002,1764.9108331772277,284565.35827647126,284565.35827647126,10.29777233588586,0.24716884933250113,295.06949556492617,15.687794135908742,450826.92458341597,1.2,4166.370000000655
30.720000000002003,1764.6445366772277,284515.39663053234,284515.39663053234,10.297077418002605,0.2470053078407372,295.06949556492617,15.687794135908742,450833.37349205377,1.2,4164.840000000655
30.730000000002004,1764.3782401772278,284465.4368214563,284465.4368214563,10.296382427314251,0.2468417670329693,295.06949556492617,15.687794135908742,450839.82237371954,1.2,4163.310000000655
30.740000000002006,1764.1119436772278,284415.4788477993,284415.4788477993,10.295687363794174,0.24667822703777065,295.06949556492617,15.687794135908742,450846.2712233434,1.2,4161.7800000006555
30.750000000002007,1763.8456471772279,284365.5227081172,284365.5227081172,10.294992227415745,0.24651468798387224,295.06949556492617,15.687794135908742,450852.7200358492,1.2,4160.250000000656
30.76000000000201,1763.579350677228,284315.5684009655,284315.5684009655,10.294297018152307,0.2463511499997636,295.06949556492617,15.687794135908742,450859.1688061701,1.2,4158.720000000656
30.77000000000201,1763.313054177228,284265.61592489906,284265.61592489906,10.293601735977202,0.24618761321391083,295.06949556492617,15.687794135908742,450865.6175292403,1.2,4157.190000000656
30.780000000002012,1763.046757677228,284215.6652784727,284215.6652784727,10.292906380863759,0.24602407775482757,295.06949556492617,15.687794135908742,450872.06619999226,1.2,4155.6600000006565
30.790000000002014,1762.780461177228,284165.7164602405,284165.7164602405,10.292210952785295,0.24586054375085878,295.06949556492617,15.687794135908742,450878.5148133648,1.2,4154.130000000657
30.800000000002015,1762.514164677228,284115.7694687562,284115.7694687562,10.291515451715101,0.2456970113303969,295.06949556492617,15.687794135908742,450884.96336429525,1.2,4152.600000000657
30.810000000002017,1762.2478681772282,284065.8243025735,284065.8243025735,10.29081987762647,0.24553348062166483,295.06949556492617,15.687794135908742,450891.41184772714,1.2,4151.070000000657
30.82000000000202,1761.9815716772282,284015.88096024503,284015.88096024503,10.290124230492676,0.24536995175293272,295.06949556492617,15.687794135908742,450897.86025860265,1.2,4149.5400000006575
30.83000000000202,1761.7152751772282,283965.9394403238,283965.9394403238,10.289428510286982,0.24520642485233712,295.06949556492617,15.687794135908742,450904.3085918689,1.2,4148.010000000658
30.84000000000202,1761.4489786772283,283915.99974136177,283915.99974136177,10.288732716982635,0.2450429000479532,295.06949556492617,15.687794135908742,450910.7568424756,1.2,4146.480000000658
30.850000000002023,1761.1826821772283,283866.0618619108,283866.0618619108,10.288036850552864,0.2448793774676863,295.06949556492617,15.687794135908742,450917.205005379,1.2,4144.950000000658
30.860000000002024,1760.9163856772284,283816.12580052234,283816.12580052234,10.287340910970897,0.24471585723963185,295.06949556492617,15.687794135908742,450923.65307552775,1.2,4143.420000000659
30.870000000002026,1760.6500891772284,283766.1915557474,283766.1915557474,10.286644898209948,0.2445523394916793,295.06949556492617,15.687794135908742,450930.1010478792,1.2,4141.890000000659
30.880000000002028,1760.3837926772285,283716.2591261364,283716.2591261364,10.285948812243202,0.2443888243515839,295.06949556492617,15.687794135908742,450936.54891739524,1.2,4140.360000000659
30.89000000000203,1760.1174961772285,283666.32851023995,283666.32851023995,10.285252653043848,0.24422531194725394,295.06949556492617,15.687794135908742,450942.99667903234,1.2,4138.830000000659
30.90000000000203,1759.8511996772286,283616.3997066075,283616.3997066075,10.284556420585055,0.24406180240639141,295.06949556492617,15.687794135908742,450949.4443277548,1.2,4137.30000000066
30.910000000002032,1759.5849031772286,283566.47271378845,283566.47271378845,10.283860114839982,0.2438982958567071,295.06949556492617,15.687794135908742,450955.89185852633,1.2,4135.77000000066
30.920000000002034,1759.3186066772287,283516.54753033194,283516.54753033194,10.283163735781766,0.24373479242581278,295.06949556492617,15.687794135908742,450962.3392663152,1.2,4134.24000000066
30.930000000002035,1759.0523101772287,283466.62415478646,283466.62415478646,10.282467283383541,0.24357129224132856,295.06949556492617,15.687794135908742,450968.7865460889,1.2,4132.71000000066
30.940000000002037,1758.7860136772288,283416.70258570026,283416.70258570026,10.281770757618428,0.24340779543073948,295.06949556492617,15.687794135908742,450975.2336928201,1.2,4131.180000000661
30.95000000000204,1758.5197171772288,283366.7828216211,283366.7828216211,10.281074158459527,0.2432443021215027,295.06949556492617,15.687794135908742,450981.68070148316,1.2,4129.650000000661
30.96000000000204,1758.2534206772289,283316.8648610964,283316.8648610964,10.28037748587993,0.24308081244090432,295.06949556492617,15.687794135908742,450988.1275670585,1.2,4128.120000000661
30.97000000000204,1757.987124177229,283266.94870267285,283266.94870267285,10.279680739852711,0.2429173265162736,295.06949556492617,15.687794135908742,450994.5742845253,1.2,4126.590000000661
30.980000000002043,1757.720827677229,283217.0343448974,283217.0343448974,10.278983920350939,0.2427538444747689,295.06949556492617,15.687794135908742,451001.02084886923,1.2,4125.060000000662
30.990000000002045,1757.454531177229,283167.12178631604,283167.12178631604,10.278287027347668,0.24259036644373352,295.06949556492617,15.687794135908742,451007.46725506906,1.2,4123.530000000662
31.000000000002046,1757.188234677229,283117.2110254745,283117.2110254745,10.277590060815932,0.2424268925501256,295.06949556492617,15.687794135908742,451013.9134981182,1.2,4122.000000000662
31.010000000002048,1756.921938177229,283067.302060918,283067.302060918,10.276893020728753,0.24226342292115885,295.06949556492617,15.687794135908742,451020.3595730004,1.2,4120.470000000662
31.02000000000205,1756.6556416772291,283017.3948911918,283017.3948911918,10.276195907059149,0.24209995768376877,295.06949556492617,15.687794135908742,451026.8054747102,1.2,4118.940000000663
31.03000000000205,1756.3893451772292,282967.4895148402,282967.4895148402,10.27549871978012,0.24193649696489639,295.06949556492617,15.687794135908742,451033.25119824184,1.2,4117.410000000663
31.040000000002053,1756.1230486772292,282917.58593040734,282917.58593040734,10.274801458864642,0.24177304089138243,295.06949556492617,15.687794135908742,451039.69673859375,1.2,4115.880000000663
31.050000000002054,1755.8567521772293,282867.6841364369,282867.6841364369,10.274104124285694,0.2416095895902148,295.06949556492617,15.687794135908742,451046.1420907584,1.2,4114.350000000663
31.060000000002056,1755.5904556772293,282817.78413147235,282817.78413147235,10.273406716016238,0.24144614318810256,295.06949556492617,15.687794135908742,451052.5872497394,1.2,4112.820000000664
31.070000000002057,1755.3241591772294,282767.88591405645,282767.88591405645,10.272709234029215,0.24128270181161818,295.06949556492617,15.687794135908742,451059.03221054544,1.2,4111.290000000664
31.08000000000206,1755.0578626772294,282717.9894827319,282717.9894827319,10.272011678297558,0.24111926558751612,295.06949556492617,15.687794135908742,451065.4769681781,1.2,4109.760000000664
31.09000000000206,1754.7915661772295,282668.0948360406,282668.0948360406,10.271314048794189,0.2409558346422367,295.06949556492617,15.687794135908742,451071.921517652,1.2,4108.230000000664
31.100000000002062,1754.5252696772295,282618.2019725241,282618.2019725241,10.270616345492007,0.2407924091022955,295.06949556492617,15.687794135908742,451078.3658539778,1.2,4106.700000000665
31.110000000002064,1754.2589731772296,282568.31089072407,282568.31089072407,10.269918568363915,0.24062898909407066,295.06949556492617,15.687794135908742,451084.80997217225,1.2,4105.170000000665
31.120000000002065,1753.9926766772296,282518.42158918106,282518.42158918106,10.269220717382785,0.24046557474387387,295.06949556492617,15.687794135908742,451091.25386725453,1.2,4103.640000000665
31.130000000002067,1753.7263801772297,282468.5340664356,282468.5340664356,10.268522792521484,0.2403021661781262,295.06949556492617,15.687794135908742,451097.6975342394,1.2,4102.110000000665
31.14000000000207,1753.4600836772297,282418.6483210278,282418.6483210278,10.267824793752867,0.24013876352300506,295.06949556492617,15.687794135908742,451104.1409681513,1.2,4100.580000000666
31.15000000000207,1753.1937871772298,282368.76435149723,282368.76435149723,10.267126721049777,0.23997536690476154,295.06949556492617,15.687794135908742,451110.58416401193,1.2,4099.050000000666
31.16000000000207,1752.9274906772298,282318.882156383,282318.882156383,10.266428574385033,0.23981197644936775,295.06949556492617,15.687794135908742,451117.0271168537,1.2,4097.520000000666
31.170000000002073,1752.6611941772298,282269.0017342243,282269.0017342243,10.26573035373145,0.2396485922829748,295.06949556492617,15.687794135908742,451123.4698217023,1.2,4095.990000000666
31.180000000002075,1752.39489767723,282219.12308355916,282219.12308355916,10.265032059061832,0.23948521453163035,295.06949556492617,15.687794135908742,451129.912273587,1.2,4094.460000000666
31.190000000002076,1752.1286011772295,282169.24620292557,282169.24620292557,10.26433369034896,0.2393218433210678,295.06949556492617,15.687794135908742,451136.3544675502,1.2,4092.9300000006656
31.200000000002078,1751.8623046772295,282119.3710908614,282119.3710908614,10.263635247565608,0.23915847877719856,295.06949556492617,15.687794135908742,451142.79639862647,1.2,4091.4000000006654
31.21000000000208,1751.5960081772296,282069.4977459038,282069.4977459038,10.26293673068454,0.23899512102579537,295.06949556492617,15.687794135908742,451149.2380618565,1.2,4089.870000000665
31.22000000000208,1751.3297116772296,282019.62616658927,282019.62616658927,10.262238139678498,0.23883177019242194,295.06949556492617,15.687794135908742,451155.6794522887,1.2,4088.340000000665
31.230000000002082,1751.0634151772297,281969.7563514543,281969.7563514543,10.261539474520214,0.2386684264028539,295.06949556492617,15.687794135908742,451162.1205649636,1.2,4086.810000000665
31.240000000002084,1750.7971186772297,281919.8882990349,281919.8882990349,10.260840735182414,0.23850508978255247,295.06949556492617,15.687794135908742,451168.56139493384,1.2,4085.2800000006646
31.250000000002085,1750.5308221772293,281870.02200786636,281870.02200786636,10.260141921637798,0.23834176045701505,295.06949556492617,15.687794135908742,451175.00193725066,1.2,4083.7500000006644
31.260000000002087,1750.2645256772294,281820.15747648414,281820.15747648414,10.25944303385906,0.23817843855173942,295.06949556492617,15.687794135908742,451181.4421869653,1.2,4082.220000000664
31.27000000000209,1749.9982291772294,281770.2947034227,281770.2947034227,10.25874407181888,0.23801512419201426,295.06949556492617,15.687794135908742,451187.8821391373,1.2,4080.690000000664
31.28000000000209,1749.7319326772295,281720.4336872165,281720.4336872165,10.258045035489921,0.237851817503268,295.06949556492617,15.687794135908742,451194.3217888207,1.2,4079.160000000664
31.29000000000209,1749.4656361772295,281670.57442639914,281670.57442639914,10.257345924844843,0.23768851861057974,295.06949556492617,15.687794135908742,451200.7611310832,1.2,4077.6300000006636
31.300000000002093,1749.199339677229,281620.71691950434,281620.71691950434,10.25664673985628,0.23752522763923795,295.06949556492617,15.687794135908742,451207.2001609845,1.2,4076.1000000006634
31.310000000002095,1748.9330431772291,281570.861165065,281570.861165065,10.255947480496854,0.2373619447143213,295.06949556492617,15.687794135908742,451213.63887359214,1.2,4074.570000000663
31.320000000002096,1748.6667466772292,281521.0071616139,281521.0071616139,10.255248146739186,0.23719866996076808,295.06949556492617,15.687794135908742,451220.07726397953,1.2,4073.040000000663
31.330000000002098,1748.4004501772292,281471.1549076832,281471.1549076832,10.254548738555865,0.23703540350351612,295.06949556492617,15.687794135908742,451226.5153272201,1.2,4071.510000000663
31.3400000000021,1748.1341536772293,281421.30440180463,281421.30440180463,10.253849255919485,0.2368721454674324,295.06949556492617,15.687794135908742,451232.9530583898,1.2,4069.9800000006626
31.3500000000021,1747.8678571772293,281371.4556425097,281371.4556425097,10.253149698802615,0.23670889597724362,295.06949556492617,15.687794135908742,451239.3904525705,1.2,4068.4500000006624
31.360000000002103,1747.6015606772294,281321.60862832936,281321.60862832936,10.252450067177811,0.2365456551577792,295.06949556492617,15.687794135908742,451245.8275048398,1.2,4066.920000000662
31.370000000002104,1747.335264177229,281271.7633577941,281271.7633577941,10.251750361017622,0.23638242313369287,295.06949556492617,15.687794135908742,451252.2642102821,1.2,4065.390000000662
31.380000000002106,1747.068967677229,281221.91982943413,281221.91982943413,10.251050580294573,0.23621920002946298,295.06949556492617,15.687794135908742,451258.70056398906,1.2,4063.860000000662
31.390000000002107,1746.802671177229,281172.07804177917,281172.07804177917,10.250350724981187,0.23605598596973928,295.06949556492617,15.687794135908742,451265.1365610453,1.2,4062.3300000006616
31.40000000000211,1746.536374677229,281122.23799335863,281122.23799335863,10.249650795049972,0.23589278107896064,295.06949556492617,15.687794135908742,451271.5721965437,1.2,4060.8000000006614
31.41000000000211,1746.2700781772287,281072.39968270116,281072.39968270116,10.248950790473408,0.23572958548156348,295.06949556492617,15.687794135908742,451278.0074655776,1.2,4059.270000000661
31.420000000002112,1746.0037816772287,281022.56310833554,281022.56310833554,10.248250711223983,0.23556639930173875,295.06949556492617,15.687794135908742,451284.44236324966,1.2,4057.740000000661
31.430000000002114,1745.7374851772288,280972.7282687897,280972.7282687897,10.247550557274154,0.23540322266388217,295.06949556492617,15.687794135908742,451290.8768846546,1.2,4056.210000000661
31.440000000002115,1745.4711886772288,280922.8951625911,280922.8951625911,10.246850328596372,0.2352400556919709,295.06949556492617,15.687794135908742,451297.3110249036,1.2,4054.6800000006606
31.450000000002117,1745.2048921772289,280873.06378826743,280873.06378826743,10.246150025163079,0.23507689851011734,295.06949556492617,15.687794135908742,451303.74477910285,1.2,4053.1500000006604
31.46000000000212,1744.938595677229,280823.23414434516,280823.23414434516,10.245449646946692,0.23491375124242975,295.06949556492617,15.687794135908742,451310.17814235797,1.2,4051.62000000066
31.47000000000212,1744.672299177229,280773.4062293508,280773.4062293508,10.244749193919624,0.2347506140127366,295.06949556492617,15.687794135908742,451316.6111097864,1.2,4050.09000000066
31.48000000000212,1744.4060026772286,280723.58004181035,280723.58004181035,10.244048666054274,0.2345874869448966,295.06949556492617,15.687794135908742,451323.04367650376,1.2,4048.56000000066
31.490000000002123,1744.1397061772286,280673.7555802493,280673.7555802493,10.243348063323015,0.2344243701627298,295.06949556492617,15.687794135908742,451329.4758376277,1.2,4047.0300000006596
31.500000000002125,1743.8734096772287,280623.9328431928,280623.9328431928,10.242647385698227,0.23426126378994816,295.06949556492617,15.687794135908742,451335.90758828004,1.2,4045.5000000006594
31.510000000002126,1743.6071131772287,280574.1118291656,280574.1118291656,10.241946633152256,0.23409816795015576,295.06949556492617,15.687794135908742,451342.3389235862,1.2,4043.970000000659
31.520000000002128,1743.3408166772288,280524.292536692,280524.292536692,10.241245805657448,0.23393508276705458,295.06949556492617,15.687794135908742,451348.76983866864,1.2,4042.440000000659
31.53000000000213,1743.0745201772284,280474.474964296,280474.474964296,10.240544903186134,0.2337720083641696,295.06949556492617,15.687794135908742,451355.20032865636,1.2,4040.910000000659
31.54000000000213,1742.8082236772284,280424.6591105008,280424.6591105008,10.23984392571062,0.2336089448649168,295.06949556492617,15.687794135908742,451361.6303886827,1.2,4039.3800000006586
31.550000000002132,1742.5419271772284,280374.8449738299,280374.8449738299,10.239142873203214,0.2334458923925353,295.06949556492617,15.687794135908742,451368.060013888,1.2,4037.8500000006584
31.560000000002134,1742.2756306772285,280325.03255280555,280325.03255280555,10.238441745636203,0.2332828510703614,295.06949556492617,15.687794135908742,451374.4891994086,1.2,4036.320000000658
31.570000000002135,1742.0093341772285,280275.22184594994,280275.22184594994,10.237740542981857,0.23311982102162201,295.06949556492617,15.687794135908742,451380.9179403855,1.2,4034.790000000658
31.580000000002137,1741.7430376772286,280225.4128517852,280225.4128517852,10.23703926521244,0.23295680236929844,295.06949556492617,15.687794135908742,451387.34623196913,1.2,4033.260000000658
31.59000000000214,1741.4767411772282,280175.60556883237,280175.60556883237,10.236337912300188,0.2327937952365022,295.06949556492617,15.687794135908742,451393.7740693049,1.2,4031.7300000006576
31.60000000000214,1741.2104446772282,280125.79999561247,280125.79999561247,10.235636484217347,0.2326307997462356,295.06949556492617,15.687794135908742,451400.20144754235,1.2,4030.2000000006574
31.61000000000214,1740.9441481772283,280075.9961306462,280075.9961306462,10.234934980936131,0.23246781602125466,295.06949556492617,15.687794135908742,451406.6283618411,1.2,4028.670000000657
31.620000000002143,1740.6778516772283,280026.1939724534,280026.1939724534,10.23423340242874,0.23230484418454744,295.06949556492617,15.687794135908742,451413.0548073512,1.2,4027.140000000657
31.630000000002145,1740.4115551772284,279976.39351955405,279976.39351955405,10.233531748667371,0.23214188435882116,295.06949556492617,15.687794135908742,451419.48077923385,1.2,4025.610000000657
31.640000000002146,1740.145258677228,279926.5947704671,279926.5947704671,10.2328300196242,0.23197893666667344,295.06949556492617,15.687794135908742,451425.9062726548,1.2,4024.0800000006566
31.650000000002148,1739.878962177228,279876.7977237116,279876.7977237116,10.232128215271391,0.23181600123086438,295.06949556492617,15.687794135908742,451432.3312827735,1.2,4022.5500000006564
31.66000000000215,1739.612665677228,279827.0023778058,279827.0023778058,10.231426335581098,0.2316530781738053,295.06949556492617,15.687794135908742,451438.7558047626,1.2,4021.020000000656
31.67000000000215,1739.346369177228,279777.20873126807,279777.20873126807,10.230724380525452,0.23149016761796726,295.06949556492617,15.687794135908742,451445.17983379256,1.2,4019.490000000656
31.680000000002153,1739.0800726772281,279727.41678261553,279727.41678261553,10.230022350076576,0.23132726968571118,295.06949556492617,15.687794135908742,451451.6033650388,1.2,4017.960000000656
31.690000000002154,1738.8137761772282,279677.6265303655,279677.6265303655,10.229320244206583,0.2311643844991851,295.06949556492617,15.687794135908742,451458.0263936843,1.2,4016.4300000006556
31.700000000002156,1738.5474796772278,279627.83797303477,279627.83797303477,10.228618062887563,0.23100151218066464,295.06949556492617,15.687794135908742,451464.4489149079,1.2,4014.9000000006554
31.710000000002157,1738.2811831772278,279578.0511091397,279578.0511091397,10.227915806091602,0.23083865285224606,295.06949556492617,15.687794135908742,451470.8709238943,1.2,4013.370000000655
31.72000000000216,1738.0148866772279,279528.265937196,279528.265937196,10.22721347379077,0.2306758066359829,295.06949556492617,15.687794135908742,451477.29241583106,1.2,4011.840000000655
31.73000000000216,1737.748590177228,279478.482455719,279478.482455719,10.226511065957112,0.2305129736538172,295.06949556492617,15.687794135908742,451483.7133859096,1.2,4010.310000000655
31.740000000002162,1737.482293677228,279428.7006632241,279428.7006632241,10.22580858256268,0.23035015402761383,295.06949556492617,15.687794135908742,451490.13382932433,1.2,4008.7800000006546
31.750000000002164,1737.2159971772276,279378.9205582256,279378.9205582256,10.225106023579487,0.23018734787929523,295.06949556492617,15.687794135908742,451496.55374126736,1.2,4007.2500000006544
31.760000000002165,1736.9497006772276,279329.14213923784,279329.14213923784,10.224403388979555,0.230024555330537,295.06949556492617,15.687794135908742,451502.97311694094,1.2,4005.720000000654
31.770000000002167,1736.6834041772277,279279.36540477455,279279.36540477455,10.223700678734883,0.22986177650300424,295.06949556492617,15.687794135908742,451509.3919515474,1.2,4004.190000000654
31.78000000000217,1736.4171076772277,279229.59035334905,279229.59035334905,10.222997892817451,0.22969901151828406,295.06949556492617,15.687794135908742,451515.810240292,1.2,4002.660000000654
31.79000000000217,1736.1508111772278,279179.8169834742,279179.8169834742,10.22229503119923,0.22953626049791911,295.06949556492617,15.687794135908742,451522.2279783824,1.2,4001.1300000006536
31.80000000000217,1735.8845146772278,279130.0452936624,279130.0452936624,10.221592093852184,0.2293735235632048,295.06949556492617,15.687794135908742,451528.6451610352,1.2,3999.6000000006534
31.810000000002173,1735.6182181772274,279080.2752824259,279080.2752824259,10.22088908074825,0.22921080083552683,295.06949556492617,15.687794135908742,451535.0617834639,1.2,3998.070000000653
31.820000000002175,1735.3519216772274,279030.5069482762,279030.5069482762,10.220185991859363,0.2290480924360237,295.06949556492617,15.687794135908742,451541.47784089175,1.2,3996.540000000653
31.830000000002176,1735.0856251772275,278980.7402897245,278980.7402897245,10.21948282715743,0.22888539848588993,295.06949556492617,15.687794135908742,451547.89332853956,1.2,3995.010000000653
31.840000000002178,1734.8193286772275,278930.9753052815,278930.9753052815,10.218779586614358,0.2287227191062743,295.06949556492617,15.687794135908742,451554.3082416303,1.2,3993.4800000006526
31.85000000000218,1734.5530321772276,278881.2119934578,278881.2119934578,10.218076270202038,0.22856005441814592,295.06949556492617,15.687794135908742,451560.7225753937,1.2,3991.9500000006524
31.86000000000218,1734.2867356772272,278831.450352763,278831.450352763,10.21737287789234,0.22839740454236068,295.06949556492617,15.687794135908742,451567.136325064,1.2,3990.420000000652
31.870000000002182,1734.0204391772272,278781.69038170675,278781.69038170675,10.216669409657122,0.22823476959993,295.06949556492617,15.687794135908742,451573.5494858694,1.2,3988.890000000652
31.880000000002184,1733.7541426772273,278731.93207879807,278731.93207879807,10.215965865468238,0.2280721497114838,295.06949556492617,15.687794135908742,451579.96205305326,1.2,3987.360000000652
31.890000000002185,1733.4878461772273,278682.17544254556,278682.17544254556,10.215262245297511,0.22790954499790708,295.06949556492617,15.687794135908742,451586.37402184843,1.2,3985.8300000006516
31.900000000002187,1733.2215496772274,278632.4204714576,278632.4204714576,10.214558549116768,0.22774695557956962,295.06949556492617,15.687794135908742,451592.7853875087,1.2,3984.3000000006514
31.91000000000219,1732.9552531772274,278582.6671640416,278582.6671640416,10.213854776897803,0.22758438157719613,295.06949556492617,15.687794135908742,451599.19614527345,1.2,3982.770000000651
31.92000000000219,1732.688956677227,278532.91551880527,278532.91551880527,10.213150928612416,0.22742182311102976,295.06949556492617,15.687794135908742,451605.6062904012,1.2,3981.240000000651
31.93000000000219,1732.422660177227,278483.1655342552,278483.1655342552,10.21244700423238,0.22725928030150064,295.06949556492617,15.687794135908742,451612.01581814274,1.2,3979.710000000651
31.940000000002193,1732.156363677227,278433.41720889823,278433.41720889823,10.211743003729458,0.22709675326879153,295.06949556492617,15.687794135908742,451618.4247237593,1.2,3978.1800000006506
31.950000000002195,1731.8900671772271,278383.67054124014,278383.67054124014,10.211038927075395,0.22693424213313765,295.06949556492617,15.687794135908742,451624.83300250955,1.2,3976.6500000006504
31.960000000002196,1731.6237706772272,278333.9255297867,278333.9255297867,10.210334774241934,0.22677174701456035,295.06949556492617,15.687794135908742,451631.24064966076,1.2,3975.12000000065
31.970000000002198,1731.3574741772268,278284.18217304297,278284.18217304297,10.209630545200787,0.2266092680331664,295.06949556492617,15.687794135908742,451637.64766047656,1.2,3973.59000000065
31.9800000000022,1731.0911776772268,278234.4404695137,278234.4404695137,10.208926239923665,0.22644680530881478,295.06949556492617,15.687794135908742,451644.05403023056,1.2,3972.06000000065
31.9900000000022,1730.8248811772269,278184.7004177034,278184.7004177034,10.208221858382256,0.22628435896144958,295.06949556492617,15.687794135908742,451650.45975419343,1.2,3970.5300000006496
32.0000000000022,1730.558584677227,278134.9620161157,278134.9620161157,10.207517400548245,0.2261219291108666,295.06949556492617,15.687794135908742,451656.86482764076,1.2,3969.0000000006494
32.0100000000022,1730.292288177227,278085.22526325437,278085.22526325437,10.206812866393294,0.22595951587664737,295.06949556492617,15.687794135908742,451663.26924585755,1.2,3967.470000000649
32.0200000000022,1730.025991677227,278035.49015762226,278035.49015762226,10.206108255889049,0.22579711937849062,295.06949556492617,15.687794135908742,451669.6730041235,1.2,3965.940000000649
32.0300000000022,1729.759695177227,277985.756697722,277985.756697722,10.205403569007153,0.22563473973594672,295.06949556492617,15.687794135908742,451676.0760977244,1.2,3964.410000000649
32.040000000002195,1729.4933986772267,277936.0248820557,277936.0248820557,10.204698805719227,0.22547237706825207,295.06949556492617,15.687794135908742,451682.47852195846,1.2,3962.8800000006486
32.05000000000219,1729.2271021772267,277886.29470912524,277886.29470912524,10.203993965996874,0.225310031494892,295.06949556492617,15.687794135908742,451688.88027211407,1.2,3961.3500000006484
32.06000000000219,1728.9608056772267,277836.5661774317,277836.5661774317,10.203289049811698,0.2251477031349718,295.06949556492617,15.687794135908742,451695.28134349437,1.2,3959.820000000648
32.07000000000219,1728.6945091772268,277786.8392854762,277786.8392854762,10.20258405713527,0.22498539210777865,295.06949556492617,15.687794135908742,451701.68173139583,1.2,3958.290000000648
32.08000000000219,1728.4282126772264,277737.1140317591,277737.1140317591,10.201878987939159,0.22482309853228574,295.06949556492617,15.687794135908742,451708.08143112675,1.2,3956.760000000648
32.090000000002185,1728.1619161772264,277687.39041478036,277687.39041478036,10.20117384219492,0.22466082252754876,295.06949556492617,15.687794135908742,451714.4804379927,1.2,3955.2300000006476
32.10000000000218,1727.8956196772265,277637.66843303945,277637.66843303945,10.200468619874087,0.2244985642125401,295.06949556492617,15.687794135908742,451720.87874730193,1.2,3953.7000000006474
32.11000000000218,1727.6293231772265,277587.94808503566,277587.94808503566,10.199763320948186,0.22433632370605014,295.06949556492617,15.687794135908742,451727.2763543706,1.2,3952.170000000647
32.12000000000218,1727.3630266772266,277538.2293692677,277538.2293692677,10.19905794538873,0.2241741011267859,295.06949556492617,15.687794135908742,451733.6732545172,1.2,3950.640000000647
32.13000000000218,1727.0967301772266,277488.51228423376,277488.51228423376,10.198352493167205,0.22401189659353563,295.06949556492617,15.687794135908742,451740.06944305805,1.2,3949.110000000647
32.140000000002175,1726.8304336772267,277438.79682843154,277438.79682843154,10.197646964255101,0.2238497102249051,295.06949556492617,15.687794135908742,451746.46491531585,1.2,3947.5800000006466
32.15000000000217,1726.5641371772263,277389.08300035866,277389.08300035866,10.196941358623882,0.2236875421391533,295.06949556492617,15.687794135908742,451752.85966662754,1.2,3946.0500000006464
32.16000000000217,1726.2978406772263,277339.3707985121,277339.3707985121,10.196235676245,0.2235253924547843,295.06949556492617,15.687794135908742,451759.2536923201,1.2,3944.520000000646
32.17000000000217,1726.0315441772264,277289.6602213879,277289.6602213879,10.195529917089896,0.22336326129008655,295.06949556492617,15.687794135908742,451765.64698772907,1.2,3942.990000000646
32.18000000000217,1725.7652476772264,277239.951267483,277239.951267483,10.194824081129994,0.22320114876319902,295.06949556492617,15.687794135908742,451772.03954819584,1.2,3941.460000000646
32.190000000002165,1725.4989511772264,277190.24393529224,277190.24393529224,10.194118168336704,0.22303905499234006,295.06949556492617,15.687794135908742,451778.43136905873,1.2,3939.9300000006456
32.20000000000216,1725.232654677226,277140.5382233113,277140.5382233113,10.193412178681426,0.22287698009548002,295.06949556492617,15.687794135908742,451784.82244566607,1.2,3938.4000000006454
32.21000000000216,1724.966358177226,277090.83413003484,277090.83413003484,10.19270611213554,0.22271492419060268,295.06949556492617,15.687794135908742,451791.2127733651,1.2,3936.870000000645
32.22000000000216,1724.7000616772261,277041.131653957,277041.131653957,10.19199996867041,0.2225528873955745,295.06949556492617,15.687794135908742,451797.6023475081,1.2,3935.340000000645
32.23000000000216,1724.4337651772262,276991.4307935719,276991.4307935719,10.191293748257392,0.22239086982820952,295.06949556492617,15.687794135908742,451803.9911634494,1.2,3933.810000000645
32.240000000002155,1724.1674686772262,276941.731547373,276941.731547373,10.19058745086783,0.22222887160623686,295.06949556492617,15.687794135908742,451810.37921654666,1.2,3932.2800000006446
32.25000000000215,1723.9011721772263,276892.0339138533,276892.0339138533,10.189881076473046,0.22206689284720252,295.06949556492617,15.687794135908742,451816.76650216454,1.2,3930.7500000006444
32.26000000000215,1723.6348756772259,276842.33789150533,276842.33789150533,10.18917462504435,0.22190493366866482,295.06949556492617,15.687794135908742,451823.15301566746,1.2,3929.220000000644
32.27000000000215,1723.368579177226,276792.6434788213,276792.6434788213,10.188468096553038,0.22174299418806423,295.06949556492617,15.687794135908742,451829.5387524243,1.2,3927.690000000644
32.28000000000215,1723.102282677226,276742.95067429275,276742.95067429275,10.187761490970399,0.22158107452262515,295.06949556492617,15.687794135908742,451835.92370781285,1.2,3926.160000000644
32.290000000002145,1722.835986177226,276693.25947641116,276693.25947641116,10.187054808267693,0.2214191747896495,295.06949556492617,15.687794135908742,451842.30787720723,1.2,3924.6300000006436
32.30000000000214,1722.569689677226,276643.56988366734,276643.56988366734,10.186348048416178,0.22125729510619027,295.06949556492617,15.687794135908742,451848.6912559918,1.2,3923.1000000006434
32.31000000000214,1722.3033931772256,276593.88189455157,276593.88189455157,10.185641211387095,0.2210954355894099,295.06949556492617,15.687794135908742,451855.07383954676,1.2,3921.570000000643
32.32000000000214,1722.0370966772257,276544.1955075539,276544.1955075539,10.184934297151667,0.220933596356157,295.06949556492617,15.687794135908742,451861.45562326396,1.2,3920.040000000643
32.33000000000214,1721.7708001772257,276494.5107211637,276494.5107211637,10.184227305681105,0.22077177752338892,295.06949556492617,15.687794135908742,451867.8366025321,1.2,3918.510000000643
32.340000000002135,1721.5045036772258,276444.82753387006,276444.82753387006,10.183520236946608,0.22060997920804107,295.06949556492617,15.687794135908742,451874.21677273937,1.2,3916.9800000006426
32.35000000000213,1721.2382071772258,276395.14594416163,276395.14594416163,10.182813090919355,0.22044820152660577,295.06949556492617,15.687794135908742,451880.59612929256,1.2,3915.4500000006424
32.36000000000213,1720.9719106772259,276345.4659505269,276345.4659505269,10.18210586757052,0.22028644459590985,295.06949556492617,15.687794135908742,451886.9746675849,1.2,3913.920000000642
32.37000000000213,1720.7056141772255,276295.78755145316,276295.78755145316,10.18139856687125,0.22012470853227234,295.06949556492617,15.687794135908742,451893.3523830291,1.2,3912.390000000642
32.38000000000213,1720.4393176772255,276246.1107454279,276246.1107454279,10.180691188792693,0.21996299345231357,295.06949556492617,15.687794135908742,451899.7292710272,1.2,3910.860000000642
32.390000000002125,1720.1730211772256,276196.43553093803,276196.43553093803,10.179983733305962,0.2198012994723079,295.06949556492617,15.687794135908742,451906.10532699374,1.2,3909.3300000006416
32.40000000000212,1719.9067246772256,276146.76190646994,276146.76190646994,10.179276200382175,0.219639626708378,295.06949556492617,15.687794135908742,451912.48054634966,1.2,3907.8000000006414
32.41000000000212,1719.6404281772257,276097.08987050963,276097.08987050963,10.178568589992432,0.2194779752767209,295.06949556492617,15.687794135908742,451918.85492451314,1.2,3906.270000000641
32.42000000000212,1719.3741316772253,276047.41942154244,276047.41942154244,10.177860902107808,0.21931634529338126,295.06949556492617,15.687794135908742,451925.228456908,1.2,3904.740000000641
32.43000000000212,1719.1078351772253,275997.7505580536,275997.7505580536,10.177153136699372,0.2191547368743485,295.06949556492617,15.687794135908742,451931.60113896074,1.2,3903.210000000641
32.440000000002115,1718.8415386772253,275948.083278528,275948.083278528,10.176445293738182,0.2189931501355242,295.06949556492617,15.687794135908742,451937.9729661008,1.2,3901.6800000006406
32.45000000000211,1718.5752421772254,275898.4175814494,275898.4175814494,10.17573737319527,0.21883158519259321,295.06949556492617,15.687794135908742,451944.3439337666,1.2,3900.1500000006404
32.46000000000211,1718.3089456772254,275848.75346530176,275848.75346530176,10.175029375041666,0.21867004216140956,295.06949556492617,15.687794135908742,451950.7140373893,1.2,3898.62000000064
32.47000000000211,1718.0426491772255,275799.09092856845,275799.09092856845,10.174321299248376,0.218508521157482,295.06949556492617,15.687794135908742,451957.0832724145,1.2,3897.09000000064
32.48000000000211,1717.776352677225,275749.42996973236,275749.42996973236,10.173613145786394,0.21834702229645553,295.06949556492617,15.687794135908742,451963.4516342818,1.2,3895.56000000064
32.490000000002105,1717.5100561772251,275699.77058727574,275699.77058727574,10.17290491462671,0.2181855456936619,295.06949556492617,15.687794135908742,451969.8191184433,1.2,3894.0300000006396
32.5000000000021,1717.2437596772252,275650.11277968064,275650.11277968064,10.172196605740279,0.2180240914643767,295.06949556492617,15.687794135908742,451976.1857203533,1.2,3892.5000000006394
32.5100000000021,1716.9774631772252,275600.4565454287,275600.4565454287,10.171488219098059,0.21786265972385072,295.06949556492617,15.687794135908742,451982.5514354673,1.2,3890.970000000639
32.5200000000021,1716.7111666772253,275550.8018830011,275550.8018830011,10.17077975467099,0.21770125058721396,295.06949556492617,15.687794135908742,451988.9162592453,1.2,3889.440000000639
32.5300000000021,1716.4448701772249,275501.14879087807,275501.14879087807,10.17007121242999,0.2175398641694114,295.06949556492617,15.687794135908742,451995.2801871548,1.2,3887.910000000639
32.540000000002095,1716.178573677225,275451.4972675401,275451.4972675401,10.169362592345973,0.2173785005854909,295.06949556492617,15.687794135908742,452001.6432146589,1.2,3886.3800000006386
32.55000000000209,1715.912277177225,275401.8473114669,275401.8473114669,10.168653894389825,0.21721715995021912,295.06949556492617,15.687794135908742,452008.0053372323,1.2,3884.8500000006384
32.56000000000209,1715.645980677225,275352.19892113784,275352.19892113784,10.167945118532431,0.21705584237840134,295.06949556492617,15.687794135908742,452014.3665503476,1.2,3883.320000000638
32.57000000000209,1715.379684177225,275302.5520950318,275302.5520950318,10.16723626474466,0.2168945479846574,295.06949556492617,15.687794135908742,452020.72684948513,1.2,3881.790000000638
32.58000000000209,1715.113387677225,275252.90683162695,275252.90683162695,10.166527332997356,0.21673327688367666,295.06949556492617,15.687794135908742,452027.08623012266,1.2,3880.260000000638
32.590000000002085,1714.8470911772247,275203.26312940137,275203.26312940137,10.165818323261355,0.2165720291898359,295.06949556492617,15.687794135908742,452033.4446877497,1.2,3878.7300000006376
32.60000000000208,1714.5807946772247,275153.6209868327,275153.6209868327,10.165109235507485,0.21641080501764465,295.06949556492617,15.687794135908742,452039.8022178505,1.2,3877.2000000006374
32.61000000000208,1714.3144981772248,275103.9804023979,275103.9804023979,10.164400069706543,0.21624960448123612,295.06949556492617,15.687794135908742,452046.1588159252,1.2,3875.670000000637
32.62000000000208,1714.0482016772248,275054.34137457365,275054.34137457365,10.163690825829331,0.21608842769497105,295.06949556492617,15.687794135908742,452052.51447746373,1.2,3874.140000000637
32.63000000000208,1713.7819051772249,275004.70390183595,275004.70390183595,10.16298150384662,0.2159272747727707,295.06949556492617,15.687794135908742,452058.8691979738,1.2,3872.610000000637
32.640000000002075,1713.515608677225,274955.0679826608,274955.0679826608,10.162272103729178,0.2157661458285931,295.06949556492617,15.687794135908742,452065.222972962,1.2,3871.0800000006366
32.65000000000207,1713.2493121772245,274905.4336155232,274905.4336155232,10.16156262544775,0.21560504097643238,295.06949556492617,15.687794135908742,452071.5757979331,1.2,3869.5500000006364
32.66000000000207,1712.9830156772246,274855.8007988981,274855.8007988981,10.160853068973072,0.21544396033003355,295.06949556492617,15.687794135908742,452077.92766840174,1.2,3868.020000000636
32.67000000000207,1712.7167191772246,274806.16953125986,274806.16953125986,10.16014343427586,0.21528290400308248,295.06949556492617,15.687794135908742,452084.2785798851,1.2,3866.490000000636
32.68000000000207,1712.4504226772247,274756.5398110825,274756.5398110825,10.159433721326824,0.21512187210917436,295.06949556492617,15.687794135908742,452090.6285279036,1.2,3864.960000000636
32.690000000002065,1712.1841261772247,274706.9116368392,274706.9116368392,10.15872393009665,0.21496086476197107,295.06949556492617,15.687794135908742,452096.9775079755,1.2,3863.4300000006356
32.70000000000206,1711.9178296772243,274657.28500700323,274657.28500700323,10.158014060556019,0.21479988207479045,295.06949556492617,15.687794135908742,452103.325515632,1.2,3861.9000000006354
32.71000000000206,1711.6515331772243,274607.6599200472,274607.6599200472,10.157304112675586,0.21463892416101688,295.06949556492617,15.687794135908742,452109.6725464023,1.2,3860.370000000635
32.72000000000206,1711.3852366772244,274558.0363744431,274558.0363744431,10.156594086425997,0.21447799113391178,295.06949556492617,15.687794135908742,452116.0185958202,1.2,3858.840000000635
32.73000000000206,1711.1189401772244,274508.4143686625,274508.4143686625,10.155883981777887,0.21431708310658165,295.06949556492617,15.687794135908742,452122.36365942535,1.2,3857.310000000635
32.740000000002055,1710.8526436772245,274458.793901177,274458.793901177,10.155173798701872,0.21415620019197878,295.06949556492617,15.687794135908742,452128.7077327639,1.2,3855.7800000006346
32.75000000000205,1710.5863471772245,274409.1749704569,274409.1749704569,10.154463537168551,0.21399534250305777,295.06949556492617,15.687794135908742,452135.0508113817,1.2,3854.2500000006344
32.76000000000205,1710.3200506772241,274359.5575749728,274359.5575749728,10.153753197148516,0.2138345101525874,295.06949556492617,15.687794135908742,452141.3928908319,1.2,3852.720000000634
32.77000000000205,1710.0537541772242,274309.9417131945,274309.9417131945,10.15304277861234,0.21367370325333818,295.06949556492617,15.687794135908742,452147.7339666679,1.2,3851.190000000634
32.78000000000205,1709.7874576772242,274260.3273835914,274260.3273835914,10.152332281530578,0.21351292191802018,295.06949556492617,15.687794135908742,452154.0740344447,1.2,3849.6600000006338
32.790000000002046,1709.5211611772243,274210.7145846322,274210.7145846322,10.15162170587377,0.21335216625903133,295.06949556492617,15.687794135908742,452160.4130897305,1.2,3848.1300000006336
32.80000000000204,1709.2548646772243,274161.10331478575,274161.10331478575,10.15091105161245,0.2131914363889281,295.06949556492617,15.687794135908742,452166.751128087,1.2,3846.6000000006334
32.81000000000204,1708.988568177224,274111.4935725201,274111.4935725201,10.150200318717136,0.21303073241998619,295.06949556492617,15.687794135908742,452173.0881450864,1.2,3845.070000000633
32.82000000000204,1708.722271677224,274061.8853563028,274061.8853563028,10.149489507158314,0.2128700544645766,295.06949556492617,15.687794135908742,452179.424136298,1.2,3843.540000000633
32.83000000000204,1708.455975177224,274012.27866460074,274012.27866460074,10.14877861690648,0.21270940263478955,295.06949556492617,15.687794135908742,452185.75909730146,1.2,3842.0100000006328
32.840000000002036,1708.189678677224,273962.67349588074,273962.67349588074,10.148067647932102,0.21254877704274747,295.06949556492617,15.687794135908742,452192.09302367567,1.2,3840.4800000006326
32.850000000002034,1707.923382177224,273913.0698486091,273913.0698486091,10.147356600205628,0.21238817780026098,295.06949556492617,15.687794135908742,452198.4259110117,1.2,3838.9500000006324
32.86000000000203,1707.6570856772241,273863.46772125154,273863.46772125154,10.146645473697504,0.2122276050192975,295.06949556492617,15.687794135908742,452204.757754894,1.2,3837.420000000632
32.87000000000203,1707.3907891772237,273813.86711227347,273813.86711227347,10.145934268378152,0.21206705881141924,295.06949556492617,15.687794135908742,452211.08855092374,1.2,3835.890000000632
32.88000000000203,1707.1244926772238,273764.26802013954,273764.26802013954,10.145222984217984,0.21190653928846895,295.06949556492617,15.687794135908742,452217.4182946904,1.2,3834.3600000006318
32.890000000002026,1706.8581961772238,273714.6704433144,273714.6704433144,10.144511621187396,0.21174604656185333,295.06949556492617,15.687794135908742,452223.7469818009,1.2,3832.8300000006316
32.900000000002024,1706.5918996772239,273665.0743802619,273665.0743802619,10.14380017925677,0.2115855807430101,295.06949556492617,15.687794135908742,452230.0746078611,1.2,3831.3000000006314
32.91000000000202,1706.325603177224,273615.4798294454,273615.4798294454,10.143088658396469,0.21142514194331427,295.06949556492617,15.687794135908742,452236.40116847906,1.2,3829.770000000631
32.92000000000202,1706.0593066772235,273565.88678932807,273565.88678932807,10.142377058576844,0.21126473027413992,295.06949556492617,15.687794135908742,452242.7266592629,1.2,3828.240000000631
32.93000000000202,1705.7930101772236,273516.2952583727,273516.2952583727,10.141665379768233,0.2111043458464879,295.06949556492617,15.687794135908742,452249.0510758357,1.2,3826.7100000006308
32.940000000002016,1705.5267136772236,273466.7052350409,273466.7052350409,10.140953621940959,0.210943988771544,295.06949556492617,15.687794135908742,452255.3744138129,1.2,3825.1800000006306
32.950000000002014,1705.2604171772236,273417.1167177948,273417.1167177948,10.140241785065323,0.21078366795127762,295.06949556492617,15.687794135908742,452261.6963221646,1.2,3823.6500000006304
32.96000000000201,1704.9941206772237,273367.5297050953,273367.5297050953,10.139529869111623,0.21062339225875124,295.06949556492617,15.687794135908742,452268.0164510005,1.2,3822.12000000063
32.97000000000201,1704.7278241772237,273317.94419540325,273317.94419540325,10.138817874050131,0.21046316176069493,295.06949556492617,15.687794135908742,452274.3347976891,1.2,3820.59000000063
32.98000000000201,1704.4615276772233,273268.3601871791,273268.3601871791,10.13810579985111,0.2103029765238056,295.06949556492617,15.687794135908742,452280.65135960054,1.2,3819.0600000006298
32.990000000002006,1704.1952311772234,273218.77767888247,273218.77767888247,10.137393646484808,0.21014283661459207,295.06949556492617,15.687794135908742,452286.96613411215,1.2,3817.5300000006296
33.000000000002004,1703.9289346772234,273169.1966689727,273169.1966689727,10.13668141392146,0.20998274209956058,295.06949556492617,15.687794135908742,452293.2791186013,1.2,3816.0000000006294
33.010000000002,1703.6626381772235,273119.6171559089,273119.6171559089,10.135969102131273,0.20982269304524556,295.06949556492617,15.687794135908742,452299.5903104445,1.2,3814.470000000629
33.020000000002,1703.3963416772235,273070.0391381494,273070.0391381494,10.135256711084464,0.20966268951796238,295.06949556492617,15.687794135908742,452305.89970702655,1.2,3812.940000000629
33.030000000002,1703.130045177223,273020.4626141523,273020.4626141523,10.134544240751206,0.20950273158405455,295.06949556492617,15.687794135908742,452312.20730573154,1.2,3811.4100000006288
33.040000000001996,1702.8637486772232,272970.8875823749,272970.8875823749,10.133831691101676,0.2093428193098007,295.06949556492617,15.687794135908742,452318.5131039459,1.2,3809.8800000006286
33.050000000001994,1702.5974521772232,272921.3140412744,272921.3140412744,10.133119062106037,0.20918295276141471,295.06949556492617,15.687794135908742,452324.8170990583,1.2,3808.3500000006284
33.06000000000199,1702.3311556772233,272871.7419893075,272871.7419893075,10.132406353734423,0.20902313200501488,295.06949556492617,15.687794135908742,452331.1192884619,1.2,3806.820000000628
33.07000000000199,1702.0648591772233,272822.17142493033,272822.17142493033,10.131693565956967,0.20886335710656248,295.06949556492617,15.687794135908742,452337.4196695555,1.2,3805.290000000628
33.08000000000199,1701.7985626772233,272772.6023465984,272772.6023465984,10.130980698743782,0.2087036281320769,295.06949556492617,15.687794135908742,452343.7182397358,1.2,3803.7600000006278
33.090000000001986,1701.532266177223,272723.0347527671,272723.0347527671,10.130267752064956,0.20854394514742056,295.06949556492617,15.687794135908742,452350.0149964055,1.2,3802.2300000006276
33.100000000001984,1701.265969677223,272673.4686418912,272673.4686418912,10.129554725890586,0.20838430821845194,295.06949556492617,15.687794135908742,452356.3099369679,1.2,3800.7000000006274
33.11000000000198,1700.999673177223,272623.9040124249,272623.9040124249,10.128841620190725,0.20822471741093412,295.06949556492617,15.687794135908742,452362.6030588295,1.2,3799.170000000627
33.12000000000198,1700.733376677223,272574.340862822,272574.340862822,10.128128434935435,0.20806517279059564,295.06949556492617,15.687794135908742,452368.8943593986,1.2,3797.640000000627
33.13000000000198,1700.4670801772231,272524.779191536,272524.779191536,10.127415170094752,0.2079056744230384,295.06949556492617,15.687794135908742,452375.1838360884,1.2,3796.1100000006268
33.140000000001976,1700.2007836772227,272475.2189970198,272475.2189970198,10.126701825638692,0.20774622237386042,295.06949556492617,15.687794135908742,452381.471486312,1.2,3794.5800000006266
33.150000000001974,1699.9344871772228,272425.6602777259,272425.6602777259,10.125988401537267,0.20758681670856383,295.06949556492617,15.687794135908742,452387.75730748643,1.2,3793.0500000006264
33.16000000000197,1699.6681906772228,272376.10303210607,272376.10303210607,10.12527489776047,0.20742745749267658,295.06949556492617,15.687794135908742,452394.04129702784,1.2,3791.520000000626
33.17000000000197,1699.4018941772229,272326.54725861206,272326.54725861206,10.124561314278276,0.20726814479132638,295.06949556492617,15.687794135908742,452400.3234523682,1.2,3789.990000000626
33.18000000000197,1699.135597677223,272276.9929556948,272276.9929556948,10.123847651060649,0.20710887866997127,295.06949556492617,15.687794135908742,452406.60377092607,1.2,3788.4600000006258
33.190000000001966,1698.869301177223,272227.44012180483,272227.44012180483,10.12313390807753,0.20694965919376032,295.06949556492617,15.687794135908742,452412.88225013256,1.2,3786.9300000006256
33.200000000001964,1698.6030046772225,272177.8887553924,272177.8887553924,10.122420085298856,0.20679048642786824,295.06949556492617,15.687794135908742,452419.1588874176,1.2,3785.4000000006254
33.21000000000196,1698.3367081772226,272128.33885490714,272128.33885490714,10.121706182694545,0.20663136043728275,295.06949556492617,15.687794135908742,452425.4336802185,1.2,3783.870000000625
33.22000000000196,1698.0704116772226,272078.7904187983,272078.7904187983,10.120992200234495,0.20647228128713835,295.06949556492617,15.687794135908742,452431.706625967,1.2,3782.340000000625
33.23000000000196,1697.8041151772227,272029.2434455145,272029.2434455145,10.120278137888588,0.206313249042352,295.06949556492617,15.687794135908742,452437.977722103,1.2,3780.8100000006248
33.240000000001956,1697.5378186772227,271979.69793350395,271979.69793350395,10.11956399562671,0.2061542637678051,295.06949556492617,15.687794135908742,452444.2469660681,1.2,3779.2800000006246
33.250000000001954,1697.2715221772223,271930.1538812147,271930.1538812147,10.118849773418699,0.20599532552828315,295.06949556492617,15.687794135908742,452450.5143553079,1.2,3777.7500000006244
33.26000000000195,1697.0052256772224,271880.6112870939,271880.6112870939,10.118135471234408,0.2058364343885659,295.06949556492617,15.687794135908742,452456.7798872675,1.2,3776.220000000624
33.27000000000195,1696.7389291772224,271831.0701495885,271831.0701495885,10.117421089043658,0.20567759041330702,295.06949556492617,15.687794135908742,452463.0435593978,1.2,3774.690000000624
33.28000000000195,1696.4726326772225,271781.5304671446,271781.5304671446,10.11670662681626,0.20551879366703363,295.06949556492617,15.687794135908742,452469.30536915414,1.2,3773.1600000006238
33.290000000001946,1696.2063361772225,271731.99223820854,271731.99223820854,10.115992084522011,0.20536004421426715,295.06949556492617,15.687794135908742,452475.5653139924,1.2,3771.6300000006236
33.300000000001944,1695.9400396772226,271682.45546122565,271682.45546122565,10.115277462130688,0.2052013421195234,295.06949556492617,15.687794135908742,452481.8233913681,1.2,3770.1000000006234
33.31000000000194,1695.6737431772226,271632.92013464076,271632.92013464076,10.11456275961206,0.20504268744716161,295.06949556492617,15.687794135908742,452488.0795987439,1.2,3768.570000000623
33.32000000000194,1695.4074466772222,271583.38625689864,271583.38625689864,10.113847976935876,0.20488408026147448,295.06949556492617,15.687794135908742,452494.3339335842,1.2,3767.040000000623
33.33000000000194,1695.1411501772222,271533.85382644314,271533.85382644314,10.113133114071864,0.20472552062668878,295.06949556492617,15.687794135908742,452500.5863933567,1.2,3765.5100000006228
33.340000000001936,1694.8748536772223,271484.322841718,271484.322841718,10.112418170989756,0.20456700860717536,295.06949556492617,15.687794135908742,452506.8369755227,1.2,3763.9800000006226
33.350000000001934,1694.6085571772223,271434.79330116615,271434.79330116615,10.111703147659242,0.20440854426687763,295.06949556492617,15.687794135908742,452513.08567756094,1.2,3762.4500000006224
33.36000000000193,1694.342260677222,271385.26520323043,271385.26520323043,10.110988044050018,0.20425012766988332,295.06949556492617,15.687794135908742,452519.3324969443,1.2,3760.920000000622
33.37000000000193,1694.075964177222,271335.7385463529,271335.7385463529,10.110272860131758,0.20409175888015318,295.06949556492617,15.687794135908742,452525.5774311504,1.2,3759.390000000622
33.38000000000193,1693.809667677222,271286.2133289753,271286.2133289753,10.109557595874115,0.20393343796155186,295.06949556492617,15.687794135908742,452531.820477661,1.2,3757.8600000006218
33.390000000001926,1693.543371177222,271236.68954953895,271236.68954953895,10.10884225124674,0.2037751649778773,295.06949556492617,15.687794135908742,452538.06163396046,1.2,3756.3300000006216
33.400000000001924,1693.2770746772221,271187.1672064845,271187.1672064845,10.108126826219255,0.203616939992861,295.06949556492617,15.687794135908742,452544.30089753564,1.2,3754.8000000006214
33.41000000000192,1693.0107781772222,271137.6462982522,271137.6462982522,10.107411320761273,0.20345876307031713,295.06949556492617,15.687794135908742,452550.53826586995,1.2,3753.270000000621
33.42000000000192,1692.7444816772222,271088.12682328204,271088.12682328204,10.106695734842392,0.2033006342737539,295.06949556492617,15.687794135908742,452556.7737364592,1.2,3751.740000000621
33.43000000000192,1692.4781851772218,271038.60878001334,271038.60878001334,10.10598006843219,0.2031425536667324,295.06949556492617,15.687794135908742,452563.00730679726,1.2,3750.2100000006208
33.440000000001916,1692.2118886772219,270989.0921668848,270989.0921668848,10.105264321500238,0.20298452131286607,295.06949556492617,15.687794135908742,452569.23897437536,1.2,3748.6800000006206
33.450000000001914,1691.945592177222,270939.57698233513,270939.57698233513,10.104548494016088,0.2028265372753732,295.06949556492617,15.687794135908742,452575.4687367006,1.2,3747.1500000006204
33.46000000000191,1691.679295677222,270890.06322480197,270890.06322480197,10.10383258594927,0.2026686016177631,295.06949556492617,15.687794135908742,452581.6965912689,1.2,3745.62000000062
33.47000000000191,1691.412999177222,270840.5508927229,270840.5508927229,10.103116597269308,0.20251071440315013,295.06949556492617,15.687794135908742,452587.92253559106,1.2,3744.09000000062
33.48000000000191,1691.1467026772216,270791.03998453484,270791.03998453484,10.102400527945708,0.2023528756947606,295.06949556492617,15.687794135908742,452594.14656717435,1.2,3742.5600000006198
33.490000000001906,1690.8804061772216,270741.53049867455,270741.53049867455,10.101684377947956,0.20219508555572377,295.06949556492617,15.687794135908742,452600.36868352914,1.2,3741.0300000006196
33.500000000001904,1690.6141096772217,270692.02243357786,270692.02243357786,10.10096814724553,0.20203734404907187,295.06949556492617,15.687794135908742,452606.5888821698,1.2,3739.5000000006194
33.5100000000019,1690.3478131772217,270642.5157876802,270642.5157876802,10.100251835807882,0.2018796512377407,295.06949556492617,15.687794135908742,452612.80716061493,1.2,3737.970000000619
33.5200000000019,1690.0815166772218,270593.01055941696,270593.01055941696,10.099535443604461,0.201722007184806,295.06949556492617,15.687794135908742,452619.023516377,1.2,3736.440000000619
33.5300000000019,1689.8152201772218,270543.5067472227,270543.5067472227,10.098818970604695,0.2015644119528909,295.06949556492617,15.687794135908742,452625.2379469866,1.2,3734.9100000006188
33.540000000001896,1689.5489236772214,270494.0043495314,270494.0043495314,10.098102416777994,0.20140686560493648,295.06949556492617,15.687794135908742,452631.450449962,1.2,3733.3800000006186
33.550000000001894,1689.2826271772215,270444.50336477684,270444.50336477684,10.097385782093758,0.20124936820360892,295.06949556492617,15.687794135908742,452637.66102283186,1.2,3731.8500000006184
33.56000000000189,1689.0163306772215,270395.0037913923,270395.0037913923,10.096669066521365,0.20109191981144775,295.06949556492617,15.687794135908742,452643.8696631301,1.2,3730.320000000618
33.57000000000189,1688.7500341772216,270345.50562781026,270345.50562781026,10.09595227003018,0.2009345204911026,295.06949556492617,15.687794135908742,452650.07636838645,1.2,3728.790000000618
33.58000000000189,1688.4837376772216,270296.00887246314,270296.00887246314,10.095235392589563,0.20077717030500764,295.06949556492617,15.687794135908742,452656.2811361387,1.2,3727.2600000006178
33.590000000001886,1688.2174411772212,270246.51352378266,270246.51352378266,10.094518434168839,0.20061986931544112,295.06949556492617,15.687794135908742,452662.4839639312,1.2,3725.7300000006176
33.600000000001884,1687.9511446772212,270197.01958020014,270197.01958020014,10.093801394737328,0.20046261758493802,295.06949556492617,15.687794135908742,452668.6848492979,1.2,3724.2000000006174
33.61000000000188,1687.6848481772213,270147.52704014623,270147.52704014623,10.093084274264342,0.20030541517564138,295.06949556492617,15.687794135908742,452674.8837897886,1.2,3722.670000000617
33.62000000000188,1687.4185516772213,270098.0359020515,270098.0359020515,10.092367072719162,0.20014826214980308,295.06949556492617,15.687794135908742,452681.0807829483,1.2,3721.140000000617
33.63000000000188,1687.1522551772214,270048.5461643457,270048.5461643457,10.091649790071061,0.19999115856951913,295.06949556492617,15.687794135908742,452687.2758263284,1.2,3719.6100000006168
33.640000000001876,1686.885958677221,269999.0578254581,269999.0578254581,10.090932426289308,0.19983410449690553,295.06949556492617,15.687794135908742,452693.46891747933,1.2,3718.0800000006166
33.650000000001874,1686.619662177221,269949.5708838178,269949.5708838178,10.090214981343129,0.19967709999389302,295.06949556492617,15.687794135908742,452699.66005395923,1.2,3716.5500000006164
33.66000000000187,1686.353365677221,269900.085337853,269900.085337853,10.089497455201764,0.1995201451224032,295.06949556492617,15.687794135908742,452705.8492333264,1.2,3715.020000000616
33.67000000000187,1686.087069177221,269850.60118599184,269850.60118599184,10.088779847834411,0.1993632399442602,295.06949556492617,15.687794135908742,452712.03645314276,1.2,3713.490000000616
33.68000000000187,1685.8207726772212,269801.1184266616,269801.1184266616,10.088062159210276,0.19920638452127867,295.06949556492617,15.687794135908742,452718.2217109707,1.2,3711.9600000006158
33.69000000000187,1685.5544761772212,269751.6370582895,269751.6370582895,10.087344389298536,0.19904957891502964,295.06949556492617,15.687794135908742,452724.4050043826,1.2,3710.4300000006156
33.700000000001864,1685.2881796772208,269702.1570793017,269702.1570793017,10.086626538068353,0.19889282318722096,295.06949556492617,15.687794135908742,452730.5863309449,1.2,3708.9000000006154
33.71000000000186,1685.0218831772208,269652.6784881247,269652.6784881247,10.085908605488875,0.19873611739934577,295.06949556492617,15.687794135908742,452736.7656882329,1.2,3707.370000000615
33.72000000000186,1684.755586677221,269603.20128318353,269603.20128318353,10.085190591529244,0.1985794616129752,295.06949556492617,15.687794135908742,452742.9430738186,1.2,3705.840000000615
33.73000000000186,1684.489290177221,269553.7254629035,269553.7254629035,10.084472496158563,0.19842285588940767,295.06949556492617,15.687794135908742,452749.11848528474,1.2,3704.3100000006148
33.74000000000186,1684.222993677221,269504.25102570927,269504.25102570927,10.083754319345946,0.19826630029001913,295.06949556492617,15.687794135908742,452755.2919202112,1.2,3702.7800000006146
33.750000000001855,1683.9566971772206,269454.77797002473,269454.77797002473,10.08303606106047,0.19810979487617544,295.06949556492617,15.687794135908742,452761.4633761782,1.2,3701.2500000006144
33.76000000000185,1683.6904006772206,269405.30629427376,269405.30629427376,10.082317721271211,0.1979533397088827,295.06949556492617,15.687794135908742,452767.63285078,1.2,3699.720000000614
33.77000000000185,1683.4241041772207,269355.8359968792,269355.8359968792,10.081599299947225,0.1977969348494278,295.06949556492617,15.687794135908742,452773.8003415998,1.2,3698.190000000614
33.78000000000185,1683.1578076772207,269306.3670762638,269306.3670762638,10.080880797057544,0.1976405803586802,295.06949556492617,15.687794135908742,452779.9658462376,1.2,3696.6600000006138
33.79000000000185,1682.8915111772208,269256.89953084994,269256.89953084994,10.080162212571198,0.19748427629770243,295.06949556492617,15.687794135908742,452786.1293622855,1.2,3695.1300000006136
33.800000000001845,1682.6252146772208,269207.4333590589,269207.4333590589,10.079443546457194,0.19732802272737207,295.06949556492617,15.687794135908742,452792.29088734253,1.2,3693.6000000006134
33.81000000000184,1682.3589181772204,269157.96855931234,269157.96855931234,10.078724798684522,0.1971718197084403,295.06949556492617,15.687794135908742,452798.45041901345,1.2,3692.070000000613
33.82000000000184,1682.0926216772204,269108.50513003074,269108.50513003074,10.078005969222161,0.19701566730179212,295.06949556492617,15.687794135908742,452804.6079548973,1.2,3690.540000000613
33.83000000000184,1681.8263251772205,269059.0430696343,269059.0430696343,10.077287058039067,0.19685956556807016,295.06949556492617,15.687794135908742,452810.7634926028,1.2,3689.0100000006128
33.84000000000184,1681.5600286772205,269009.58237654285,269009.58237654285,10.076568065104189,0.1967035145678771,295.06949556492617,15.687794135908742,452816.91702974023,1.2,3687.4800000006126
33.850000000001835,1681.2937321772206,268960.12304917566,268960.12304917566,10.075848990386458,0.1965475143617467,295.06949556492617,15.687794135908742,452823.0685639225,1.2,3685.9500000006124
33.86000000000183,1681.0274356772202,268910.66508595145,268910.66508595145,10.07512983385478,0.19639156501017285,295.06949556492617,15.687794135908742,452829.21809276426,1.2,3684.420000000612
33.87000000000183,1680.7611391772202,268861.2084852885,268861.2084852885,10.074410595478057,0.19623566657346495,295.06949556492617,15.687794135908742,452835.3656138871,1.2,3682.890000000612
33.88000000000183,1680.4948426772203,268811.7532456048,268811.7532456048,10.073691275225173,0.19607981911195005,295.06949556492617,15.687794135908742,452841.5111249125,1.2,3681.3600000006118
33.89000000000183,1680.2285461772203,268762.29936531757,268762.29936531757,10.07297187306499,0.19592402268591502,295.06949556492617,15.687794135908742,452847.6546234629,1.2,3679.8300000006116
33.900000000001825,1679.9622496772204,268712.8468428435,268712.8468428435,10.072252388966366,0.19576827735543365,295.06949556492617,15.687794135908742,452853.7961071696,1.2,3678.3000000006114
33.91000000000182,1679.6959531772204,268663.3956765992,268663.3956765992,10.071532822898122,0.1956125831806832,295.06949556492617,15.687794135908742,452859.93557365955,1.2,3676.770000000611
33.92000000000182,1679.42965667722,268613.9458650003,268613.9458650003,10.07081317482909,0.19545694022171417,295.06949556492617,15.687794135908742,452866.0730205647,1.2,3675.240000000611
33.93000000000182,1679.16336017722,268564.4974064624,268564.4974064624,10.070093444728068,0.1953013485383932,295.06949556492617,15.687794135908742,452872.2084455245,1.2,3673.7100000006108
33.94000000000182,1678.89706367722,268515.0502994003,268515.0502994003,10.06937363256384,0.1951458081907468,295.06949556492617,15.687794135908742,452878.34184617194,1.2,3672.1800000006106
33.950000000001815,1678.6307671772202,268465.60454222845,268465.60454222845,10.06865373830518,0.1949903192384742,295.06949556492617,15.687794135908742,452884.4732201527,1.2,3670.6500000006104
33.96000000000181,1678.3644706772202,268416.16013336054,268416.16013336054,10.067933761920846,0.1948348817412916,295.06949556492617,15.687794135908742,452890.6025651122,1.2,3669.12000000061
33.97000000000181,1678.0981741772198,268366.7170712104,268366.7170712104,10.067213703379574,0.19467949575887408,295.06949556492617,15.687794135908742,452896.72987869725,1.2,3667.59000000061
33.98000000000181,1677.8318776772198,268317.2753541906,268317.2753541906,10.066493562650091,0.19452416135079886,295.06949556492617,15.687794135908742,452902.8551585585,1.2,3666.0600000006098
33.99000000000181,1677.5655811772199,268267.8349807138,268267.8349807138,10.065773339701098,0.19436887857660232,295.06949556492617,15.687794135908742,452908.97840234824,1.2,3664.5300000006096
34.000000000001805,1677.29928467722,268218.39594919205,268218.39594919205,10.065053034501293,0.19421364749560835,295.06949556492617,15.687794135908742,452915.0996077272,1.2,3663.0000000006094
34.0100000000018,1677.03298817722,268168.9582580365,268168.9582580365,10.064332647019354,0.1940584856916518,295.06949556492617,15.687794135908742,452921.2180813145,1.2,3661.470000000609
34.0200000000018,1676.76669167722,268119.52190565836,268119.52190565836,10.063612177223932,0.1939034106983099,295.06949556492617,15.687794135908742,452927.333131711,1.2,3659.940000000609
34.0300000000018,1676.5003951772196,268070.0868904682,268070.0868904682,10.062891625083681,0.1937484225027379,295.06949556492617,15.687794135908742,452933.4447594234,1.2,3658.4100000006088
34.0400000000018,1676.2340986772197,268020.65321087587,268020.65321087587,10.062170990567225,0.19359352109214373,295.06949556492617,15.687794135908742,452939.5529649558,1.2,3656.8800000006086
34.050000000001795,1675.9678021772197,267971.2208652909,267971.2208652909,10.061450273643175,0.19343870645364541,295.06949556492617,15.687794135908742,452945.65774881653,1.2,3655.3500000006084
34.06000000000179,1675.7015056772198,267921.78985212237,267921.78985212237,10.060729474280128,0.1932839785743568,295.06949556492617,15.687794135908742,452951.75911151327,1.2,3653.820000000608
34.07000000000179,1675.4352091772198,267872.36016977875,267872.36016977875,10.060008592446668,0.19312933744135882,295.06949556492617,15.687794135908742,452957.8570535561,1.2,3652.290000000608
34.08000000000179,1675.1689126772199,267822.93181666813,267822.93181666813,10.059287628111354,0.19297478304158627,295.06949556492617,15.687794135908742,452963.95157545956,1.2,3650.7600000006078
34.09000000000179,1674.9026161772194,267773.50479119807,267773.50479119807,10.058566581242738,0.19282031536202648,295.06949556492617,15.687794135908742,452970.0426777372,1.2,3649.2300000006076
34.100000000001785,1674.6363196772195,267724.0790917756,267724.0790917756,10.057845451809351,0.19266593438969085,295.06949556492617,15.687794135908742,452976.130360901,1.2,3647.7000000006074
34.11000000000178,1674.3700231772195,267674.6547168073,267674.6547168073,10.05712423977971,0.1925116401115013,295.06949556492617,15.687794135908742,452982.21462546673,1.2,3646.170000000607
34.12000000000178,1674.1037266772196,267625.2316646992,267625.2316646992,10.056402945122318,0.19235743251426246,295.06949556492617,15.687794135908742,452988.29547195486,1.2,3644.640000000607
34.13000000000178,1673.8374301772196,267575.809933857,267575.809933857,10.055681567805655,0.19220331158485984,295.06949556492617,15.687794135908742,452994.3729008822,1.2,3643.1100000006068
34.14000000000178,1673.5711336772192,267526.38952268567,267526.38952268567,10.054960107798193,0.19204927731008936,295.06949556492617,15.687794135908742,453000.4469127697,1.2,3641.5800000006066
34.150000000001775,1673.3048371772193,267476.97042958974,267476.97042958974,10.054238565068383,0.1918953296766871,295.06949556492617,15.687794135908742,453006.5175081404,1.2,3640.0500000006064
34.16000000000177,1673.0385406772193,267427.55265297345,267427.55265297345,10.053516939584659,0.19174146867144068,295.06949556492617,15.687794135908742,453012.5846875152,1.2,3638.520000000606
34.17000000000177,1672.7722441772194,267378.1361912404,267378.1361912404,10.052795231315448,0.19158769428096487,295.06949556492617,15.687794135908742,453018.6484514218,1.2,3636.990000000606
34.18000000000177,1672.5059476772194,267328.72104279354,267328.72104279354,10.052073440229146,0.19143400649201103,295.06949556492617,15.687794135908742,453024.7088003829,1.2,3635.4600000006058
34.19000000000177,1672.2396511772195,267279.3072060358,267279.3072060358,10.051351566294146,0.19128040529110124,295.06949556492617,15.687794135908742,453030.7657349298,1.2,3633.9300000006056
34.200000000001765,1671.973354677219,267229.8946793688,267229.8946793688,10.05062960947882,0.1911268906649502,295.06949556492617,15.687794135908742,453036.8192555865,1.2,3632.4000000006054
34.21000000000176,1671.707058177219,267180.4834611947,267180.4834611947,10.049907569751522,0.19097346259998782,295.06949556492617,15.687794135908742,453042.86936288787,1.2,3630.870000000605
34.22000000000176,1671.4407616772191,267131.0735499142,267131.0735499142,10.049185447080593,0.1908201210827522,295.06949556492617,15.687794135908742,453048.91605736496,1.2,3629.340000000605
34.23000000000176,1671.1744651772192,267081.66494392825,267081.66494392825,10.048463241434357,0.19066686609974925,295.06949556492617,15.687794135908742,453054.9593395499,1.2,3627.8100000006048
34.24000000000176,1670.9081686772192,267032.2576416368,267032.2576416368,10.047740952781117,0.19051369763739684,295.06949556492617,15.687794135908742,453060.99920997804,1.2,3626.2800000006046
34.250000000001755,1670.6418721772188,266982.8516414395,266982.8516414395,10.047018581089176,0.19036061568213689,295.06949556492617,15.687794135908742,453067.0356691844,1.2,3624.7500000006044
34.26000000000175,1670.3755756772189,266933.4469417356,266933.4469417356,10.046296126326798,0.19020762022035106,295.06949556492617,15.687794135908742,453073.0687177056,1.2,3623.220000000604
34.27000000000175,1670.109279177219,266884.04354092357,266884.04354092357,10.045573588462243,0.19005471123830558,295.06949556492617,15.687794135908742,453079.09835608344,1.2,3621.690000000604
34.28000000000175,1669.842982677219,266834.6414374017,266834.6414374017,10.044850967463763,0.18990188872234642,295.06949556492617,15.687794135908742,453085.12458485627,1.2,3620.1600000006038
34.29000000000175,1669.576686177219,266785.24062956753,266785.24062956753,10.044128263299575,0.18974915265873177,295.06949556492617,15.687794135908742,453091.1474045658,1.2,3618.6300000006036
34.300000000001745,1669.310389677219,266735.84111581836,266735.84111581836,10.043405475937893,0.18959650303368825,295.06949556492617,15.687794135908742,453097.1668157555,1.2,3617.1000000006034
34.31000000000174,1669.0440931772187,266686.4428945507,266686.4428945507,10.042682605346911,0.18944393983343816,295.06949556492617,15.687794135908742,453103.18281896843,1.2,3615.570000000603
34.32000000000174,1668.7777966772187,266637.0459641607,266637.0459641607,10.041959651494809,0.1892914630441168,295.06949556492617,15.687794135908742,453109.1954147513,1.2,3614.040000000603
34.33000000000174,1668.5115001772187,266587.65032304416,266587.65032304416,10.041236614349751,0.18913907265182744,295.06949556492617,15.687794135908742,453115.20460365224,1.2,3612.5100000006028
34.34000000000174,1668.2452036772188,266538.255969596,266538.255969596,10.040513493879873,0.18898676864266983,295.06949556492617,15.687794135908742,453121.21038621926,1.2,3610.9800000006026
34.350000000001735,1667.9789071772188,266488.8629022111,266488.8629022111,10.039790290053313,0.18883455100271196,295.06949556492617,15.687794135908742,453127.2127630018,1.2,3609.4500000006024
34.36000000000173,1667.7126106772184,266439.47111928347,266439.47111928347,10.039067002838186,0.18868241971799013,295.06949556492617,15.687794135908742,453133.2117345504,1.2,3607.920000000602
34.37000000000173,1667.4463141772185,266390.08061920677,266390.08061920677,10.038343632202581,0.188530374774426,295.06949556492617,15.687794135908742,453139.2073014204,1.2,3606.390000000602
34.38000000000173,1667.1800176772185,266340.69140037417,266340.69140037417,10.037620178114585,0.18837841615799303,295.06949556492617,15.687794135908742,453145.1994641647,1.2,3604.8600000006018
34.39000000000173,1666.9137211772186,266291.30346117844,266291.30346117844,10.036896640542256,0.18822654385463305,295.06949556492617,15.687794135908742,453151.1882233376,1.2,3603.3300000006016
34.400000000001725,1666.6474246772186,266241.9168000114,266241.9168000114,10.03617301945365,0.18807475785014588,295.06949556492617,15.687794135908742,453157.1735794994,1.2,3601.8000000006014
34.41000000000172,1666.3811281772187,266192.5314152652,266192.5314152652,10.035449314816796,0.18792305813043828,295.06949556492617,15.687794135908742,453163.15553320554,1.2,3600.270000000601
34.42000000000172,1666.1148316772183,266143.1473053305,266143.1473053305,10.034725526599704,0.18777144468135776,295.06949556492617,15.687794135908742,453169.1340850142,1.2,3598.740000000601
34.43000000000172,1665.8485351772183,266093.76446859806,266093.76446859806,10.034001654770378,0.18761991748861034,295.06949556492617,15.687794135908742,453175.1092354891,1.2,3597.2100000006008
34.44000000000172,1665.5822386772184,266044.3829034582,266044.3829034582,10.033277699296804,0.18746847653789853,295.06949556492617,15.687794135908742,453181.0809851938,1.2,3595.6800000006006
34.450000000001715,1665.3159421772184,265995.00260830036,265995.00260830036,10.032553660146942,0.18731712181500357,295.06949556492617,15.687794135908742,453187.0493346893,1.2,3594.1500000006004
34.46000000000171,1665.0496456772185,265945.6235815138,265945.6235815138,10.031829537288745,0.18716585330553798,295.06949556492617,15.687794135908742,453193.01428454247,1.2,3592.6200000006
34.47000000000171,1664.783349177218,265896.24582148716,265896.24582148716,10.031105330690147,0.1870146709951933,295.06949556492617,15.687794135908742,453198.97583531815,1.2,3591.0900000006
34.48000000000171,1664.517052677218,265846.8693266083,265846.8693266083,10.030381040319062,0.1868635748694923,295.06949556492617,15.687794135908742,453204.9339875866,1.2,3589.5600000005998
34.49000000000171,1664.2507561772181,265797.4940952653,265797.4940952653,10.029656666143397,0.18671256491406427,295.06949556492617,15.687794135908742,453210.88874191494,1.2,3588.0300000005996
34.500000000001705,1663.9844596772182,265748.1201258447,265748.1201258447,10.028932208131032,0.18656164111445234,295.06949556492617,15.687794135908742,453216.8400988732,1.2,3586.5000000005994
34.5100000000017,1663.7181631772182,265698.74741673353,265698.74741673353,10.028207666249836,0.18641080345605918,295.06949556492617,15.687794135908742,453222.78805903695,1.2,3584.970000000599
34.5200000000017,1663.4518666772183,265649.37596631784,265649.37596631784,10.027483040467661,0.18626005192439346,295.06949556492617,15.687794135908742,453228.73262297735,1.2,3583.440000000599
34.5300000000017,1663.1855701772179,265600.0057729831,265600.0057729831,10.026758330752342,0.1861093865048511,295.06949556492617,15.687794135908742,453234.6737912706,1.2,3581.9100000005988
34.5400000000017,1662.919273677218,265550.63683511445,265550.63683511445,10.026033537071699,0.18595880718293342,295.06949556492617,15.687794135908742,453240.61156448827,1.2,3580.3800000005986
34.550000000001695,1662.652977177218,265501.26915109647,265501.26915109647,10.025308659393534,0.185808313943838,295.06949556492617,15.687794135908742,453246.5459432142,1.2,3578.8500000005984
34.56000000000169,1662.386680677218,265451.9027193132,265451.9027193132,10.02458369768563,0.18565790677303193,295.06949556492617,15.687794135908742,453252.47692802135,1.2,3577.320000000598
34.57000000000169,1662.120384177218,265402.5375381484,265402.5375381484,10.023858651915765,0.18550758565573308,295.06949556492617,15.687794135908742,453258.40451949264,1.2,3575.790000000598
34.58000000000169,1661.854087677218,265353.1736059849,265353.1736059849,10.023133522051678,0.1853573505771563,295.06949556492617,15.687794135908742,453264.3287182112,1.2,3574.2600000005978
34.59000000000169,1661.5877911772177,265303.8109212054,265303.8109212054,10.022408308061115,0.18520720152259443,295.06949556492617,15.687794135908742,453270.24952475674,1.2,3572.7300000005976
34.600000000001685,1661.3214946772177,265254.4494821917,265254.4494821917,10.021683009911799,0.18505713847717387,295.06949556492617,15.687794135908742,453276.166939716,1.2,3571.2000000005974
34.61000000000168,1661.0551981772178,265205.0892873257,265205.0892873257,10.02095762757142,0.18490716142607178,295.06949556492617,15.687794135908742,453282.08096367336,1.2,3569.670000000597
34.62000000000168,1660.7889016772178,265155.7303349882,265155.7303349882,10.020232161007684,0.1847572703544348,295.06949556492617,15.687794135908742,453287.9915972146,1.2,3568.140000000597
34.63000000000168,1660.5226051772179,265106.37262355967,265106.37262355967,10.019506610188243,0.18460746524727079,295.06949556492617,15.687794135908742,453293.89884093084,1.2,3566.6100000005968
34.64000000000168,1660.2563086772175,265057.0161514203,265057.0161514203,10.018780975080759,0.18445774608969234,295.06949556492617,15.687794135908742,453299.80269540916,1.2,3565.0800000005966
34.650000000001675,1659.9900121772175,265007.66091694945,265007.66091694945,10.018055255652873,0.1843081128667007,295.06949556492617,15.687794135908742,453305.7031612411,1.2,3563.5500000005964
34.66000000000167,1659.7237156772176,264958.30691852624,264958.30691852624,10.017329451872197,0.1841585655632665,295.06949556492617,15.687794135908742,453311.60023901914,1.2,3562.020000000596
34.67000000000167,1659.4574191772176,264908.95415452914,264908.95415452914,10.016603563706342,0.18400910416430308,295.06949556492617,15.687794135908742,453317.49392933823,1.2,3560.490000000596
34.68000000000167,1659.1911226772177,264859.60262333596,264859.60262333596,10.015877591122893,0.18385972865485567,295.06949556492617,15.687794135908742,453323.3842327881,1.2,3558.9600000005958
34.69000000000167,1658.9248261772177,264810.2523233243,264810.2523233243,10.01515153408942,0.18371043901964196,295.06949556492617,15.687794135908742,453329.2711499714,1.2,3557.4300000005956
34.700000000001666,1658.6585296772173,264760.90325287107,264760.90325287107,10.014425392573484,0.18356123524356563,295.06949556492617,15.687794135908742,453335.15468148363,1.2,3555.9000000005954
34.71000000000166,1658.3922331772173,264711.55541035265,264711.55541035265,10.01369916654261,0.1834121173114461,295.06949556492617,15.687794135908742,453341.0348279231,1.2,3554.370000000595
34.72000000000166,1658.1259366772174,264662.20879414503,264662.20879414503,10.012972855964327,0.1832630852080996,295.06949556492617,15.687794135908742,453346.9115898885,1.2,3552.840000000595
34.73000000000166,1657.8596401772174,264612.8634026236,264612.8634026236,10.012246460806141,0.18311413891823144,295.06949556492617,15.687794135908742,453352.7849679831,1.2,3551.3100000005948
34.74000000000166,1657.5933436772175,264563.5192341632,264563.5192341632,10.011519981035535,0.18296527842651683,295.06949556492617,15.687794135908742,453358.65496281127,1.2,3549.7800000005946
34.750000000001656,1657.3270471772175,264514.1762871384,264514.1762871384,10.01079341661998,0.18281650371770872,295.06949556492617,15.687794135908742,453364.5215749742,1.2,3548.2500000005944
34.760000000001654,1657.0607506772171,264464.834559923,264464.834559923,10.01006676752694,0.1826678147763419,295.06949556492617,15.687794135908742,453370.38480508147,1.2,3546.720000000594
34.77000000000165,1656.7944541772172,264415.4940508902,264415.4940508902,10.009340033723841,0.18251921158718956,295.06949556492617,15.687794135908742,453376.24465373385,1.2,3545.190000000594
34.78000000000165,1656.5281576772172,264366.15475841286,264366.15475841286,10.00861321517811,0.18237069413464632,295.06949556492617,15.687794135908742,453382.10112154664,1.2,3543.6600000005938
34.79000000000165,1656.2618611772173,264316.8166808635,264316.8166808635,10.007886311857147,0.18222226240342565,295.06949556492617,15.687794135908742,453387.95420912263,1.2,3542.1300000005936
34.800000000001646,1655.9955646772173,264267.47981661384,264267.47981661384,10.007159323728342,0.18207391637791617,295.06949556492617,15.687794135908742,453393.80391707714,1.2,3540.6000000005934
34.810000000001644,1655.729268177217,264218.14416403515,264218.14416403515,10.006432250759072,0.18192565604261074,295.06949556492617,15.687794135908742,453399.6502460221,1.2,3539.070000000593
34.82000000000164,1655.462971677217,264168.8097214983,264168.8097214983,10.005705092916678,0.181777481382026,295.06949556492617,15.687794135908742,453405.49319656764,1.2,3537.540000000593
34.83000000000164,1655.196675177217,264119.4764873735,264119.4764873735,10.004977850168508,0.18162939238051526,295.06949556492617,15.687794135908742,453411.3327693311,1.2,3536.0100000005928
34.84000000000164,1654.930378677217,264070.1444600305,264070.1444600305,10.004250522481879,0.1814813890224288,295.06949556492617,15.687794135908742,453417.1689649295,1.2,3534.4800000005926
34.850000000001636,1654.664082177217,264020.8136378384,264020.8136378384,10.003523109824094,0.18133347129214078,295.06949556492617,15.687794135908742,453423.001783979,1.2,3532.9500000005924
34.860000000001634,1654.3977856772171,263971.48401916627,263971.48401916627,10.002795612162444,0.18118563917399555,295.06949556492617,15.687794135908742,453428.8312270967,1.2,3531.420000000592
34.87000000000163,1654.1314891772167,263922.15560238203,263922.15560238203,10.002068029464192,0.18103789265225473,295.06949556492617,15.687794135908742,453434.65729490365,1.2,3529.890000000592
34.88000000000163,1653.8651926772168,263872.8283858534,263872.8283858534,10.001340361696597,0.18089023171112392,295.06949556492617,15.687794135908742,453440.47998802236,1.2,3528.3600000005918
34.89000000000163,1653.5988961772168,263823.50236794766,263823.50236794766,10.000612608826897,0.18074265633485892,295.06949556492617,15.687794135908742,453446.2993070737,1.2,3526.8300000005916
34.900000000001626,1653.3325996772169,263774.1775470313,263774.1775470313,9.999884770822307,0.180595166507633,295.06949556492617,15.687794135908742,453452.115252682,1.2,3525.3000000005914
34.910000000001624,1653.066303177217,263724.85392147064,263724.85392147064,9.999156847650031,0.1804477622135369,295.06949556492617,15.687794135908742,453457.9278254742,1.2,3523.770000000591
34.92000000000162,1652.8000066772165,263675.53148963116,263675.53148963116,9.99842883927726,0.18030044343679125,295.06949556492617,15.687794135908742,453463.73702607286,1.2,3522.240000000591
34.93000000000162,1652.5337101772166,263626.21024987794,263626.21024987794,9.997700745671155,0.18015321016134883,295.06949556492617,15.687794135908742,453469.5428551107,1.2,3520.7100000005908
34.94000000000162,1652.2674136772166,263576.89020057576,263576.89020057576,9.99697256679888,0.1800060623713185,295.06949556492617,15.687794135908742,453475.34531321423,1.2,3519.1800000005906
34.950000000001616,1652.0011171772167,263527.57134008844,263527.57134008844,9.996244302627558,0.1798590000507799,295.06949556492617,15.687794135908742,453481.14440101135,1.2,3517.6500000005904
34.960000000001614,1651.7348206772167,263478.2536667796,263478.2536667796,9.995515953124311,0.1797120231836247,295.06949556492617,15.687794135908742,453486.94011913723,1.2,3516.12000000059
34.97000000000161,1651.4685241772168,263428.9371790122,263428.9371790122,9.994787518256247,0.1795651317538476,295.06949556492617,15.687794135908742,453492.73246822297,1.2,3514.59000000059
34.98000000000161,1651.2022276772163,263379.62187514897,263379.62187514897,9.994058997990443,0.17941832574533512,295.06949556492617,15.687794135908742,453498.52144890395,1.2,3513.0600000005898
34.99000000000161,1650.9359311772164,263330.3077535515,263330.3077535515,9.993330392293974,0.17927160514199728,295.06949556492617,15.687794135908742,453504.30706181476,1.2,3511.5300000005896
35.000000000001606,1650.6696346772164,263280.9948125815,263280.9948125815,9.992601701133886,0.17912496992763619,295.06949556492617,15.687794135908742,453510.0893075941,1.2,3510.0000000005894
35.010000000001604,1650.4033381772165,263231.68305059994,263231.68305059994,9.991872924477212,0.17897842008618273,295.06949556492617,15.687794135908742,453515.8681868755,1.2,3508.470000000589
35.0200000000016,1650.1370416772165,263182.372465967,263182.372465967,9.991144062290976,0.17883195560130216,295.06949556492617,15.687794135908742,453521.6437003033,1.2,3506.940000000589
35.0300000000016,1649.8707451772161,263133.06305704283,263133.06305704283,9.99041511454217,0.17868557645681482,295.06949556492617,15.687794135908742,453527.4158485152,1.2,3505.4100000005888
35.0400000000016,1649.6044486772162,263083.7548221867,263083.7548221867,9.989686081197782,0.1785392826364072,295.06949556492617,15.687794135908742,453533.1846321548,1.2,3503.8800000005886
35.050000000001596,1649.3381521772162,263034.44775975734,263034.44775975734,9.988956962224776,0.17839307412386796,295.06949556492617,15.687794135908742,453538.95005186123,1.2,3502.3500000005884
35.060000000001594,1649.0718556772163,262985.14186811325,262985.14186811325,9.988227757590103,0.1782469509026948,295.06949556492617,15.687794135908742,453544.71210828517,1.2,3500.820000000588
35.07000000000159,1648.8055591772163,262935.8371456121,262935.8371456121,9.987498467260691,0.17810091295664496,295.06949556492617,15.687794135908742,453550.4708020672,1.2,3499.290000000588
35.08000000000159,1648.5392626772164,262886.5335906111,262886.5335906111,9.986769091203463,0.17795496026926372,295.06949556492617,15.687794135908742,453556.22613385605,1.2,3497.7600000005878
35.09000000000159,1648.272966177216,262837.2312014671,262837.2312014671,9.986039629385305,0.17780909282404142,295.06949556492617,15.687794135908742,453561.97810430295,1.2,3496.2300000005876
35.100000000001586,1648.006669677216,262787.9299765364,262787.9299765364,9.985310081773111,0.17766331060464896,295.06949556492617,15.687794135908742,453567.7267140516,1.2,3494.7000000005874
35.110000000001584,1647.740373177216,262738.62991417455,262738.62991417455,9.984580448333736,0.17751761359451945,295.06949556492617,15.687794135908742,453573.47196375544,1.2,3493.170000000587
35.12000000000158,1647.474076677216,262689.3310127368,262689.3310127368,9.983850729034028,0.1773720017771099,295.06949556492617,15.687794135908742,453579.21385406674,1.2,3491.640000000587
35.13000000000158,1647.2077801772161,262640.0332705778,262640.0332705778,9.983120923840822,0.17722647513587464,295.06949556492617,15.687794135908742,453584.9523856379,1.2,3490.1100000005868
35.14000000000158,1646.9414836772157,262590.7366860516,262590.7366860516,9.982391032720924,0.17708103365413552,295.06949556492617,15.687794135908742,453590.68755912664,1.2,3488.5800000005866
35.150000000001576,1646.6751871772158,262541.44125751173,262541.44125751173,9.981661055641135,0.17693567731539409,295.06949556492617,15.687794135908742,453596.41937518347,1.2,3487.0500000005864
35.160000000001574,1646.4088906772158,262492.1469833114,262492.1469833114,9.980930992568233,0.17679040610288932,295.06949556492617,15.687794135908742,453602.1478344695,1.2,3485.520000000586
35.17000000000157,1646.1425941772159,262442.85386180325,262442.85386180325,9.980200843468975,0.1766452199999878,295.06949556492617,15.687794135908742,453607.8729376405,1.2,3483.990000000586
35.18000000000157,1645.876297677216,262393.56189133914,262393.56189133914,9.979470608310109,0.176500118989898,295.06949556492617,15.687794135908742,453613.59468535864,1.2,3482.4600000005858
35.19000000000157,1645.610001177216,262344.27107027045,262344.27107027045,9.97874028705836,0.17635510305590388,295.06949556492617,15.687794135908742,453619.31307828304,1.2,3480.9300000005856
35.200000000001566,1645.3437046772156,262294.98139694834,262294.98139694834,9.97800987968044,0.1762101721812092,295.06949556492617,15.687794135908742,453625.0281170761,1.2,3479.4000000005854
35.210000000001564,1645.0774081772156,262245.69286972313,262245.69286972313,9.97727938614304,0.17606532634904137,295.06949556492617,15.687794135908742,453630.73980239907,1.2,3477.870000000585
35.22000000000156,1644.8111116772156,262196.4054869446,262196.4054869446,9.976548806412838,0.17592056554244428,295.06949556492617,15.687794135908742,453636.4481349207,1.2,3476.340000000585
35.23000000000156,1644.5448151772157,262147.11924696254,262147.11924696254,9.975818140456486,0.17577588974461486,295.06949556492617,15.687794135908742,453642.1531153036,1.2,3474.8100000005848
35.24000000000156,1644.2785186772157,262097.8341481254,262097.8341481254,9.975087388240636,0.17563129893864407,295.06949556492617,15.687794135908742,453647.85474421433,1.2,3473.2800000005846
35.250000000001556,1644.0122221772153,262048.55018878158,262048.55018878158,9.974356549731901,0.17548679310756932,295.06949556492617,15.687794135908742,453653.55302232224,1.2,3471.7500000005844
35.260000000001554,1643.7459256772154,261999.2673672788,261999.2673672788,9.973625624896899,0.17534237223432253,295.06949556492617,15.687794135908742,453659.24795029976,1.2,3470.220000000584
35.27000000000155,1643.4796291772154,261949.98568196446,261949.98568196446,9.972894613702207,0.17519803630206535,295.06949556492617,15.687794135908742,453664.9395288113,1.2,3468.690000000584
35.28000000000155,1643.2133326772155,261900.70513118527,261900.70513118527,9.972163516114406,0.17505378529359658,295.06949556492617,15.687794135908742,453670.62775853503,1.2,3467.1600000005838
35.29000000000155,1642.9470361772155,261851.4257132874,261851.4257132874,9.97143233210005,0.17490961919199607,295.06949556492617,15.687794135908742,453676.3126401382,1.2,3465.6300000005835
35.300000000001546,1642.6807396772156,261802.14742661637,261802.14742661637,9.970701061625672,0.1747655379800328,295.06949556492617,15.687794135908742,453681.9941743003,1.2,3464.1000000005833
35.310000000001544,1642.4144431772152,261752.87026951744,261752.87026951744,9.969969704657796,0.17462154164060234,295.06949556492617,15.687794135908742,453687.6723616957,1.2,3462.570000000583
35.32000000000154,1642.1481466772152,261703.59424033517,261703.59424033517,9.969238261162928,0.17447763015654655,295.06949556492617,15.687794135908742,453693.34720300103,1.2,3461.040000000583
35.33000000000154,1641.8818501772153,261654.31933741362,261654.31933741362,9.96850673110755,0.1743338035107309,295.06949556492617,15.687794135908742,453699.01869889203,1.2,3459.5100000005827
35.34000000000154,1641.6155536772153,261605.04555909638,261605.04555909638,9.967775114458135,0.17419006168581377,295.06949556492617,15.687794135908742,453704.6868500523,1.2,3457.9800000005825
35.350000000001536,1641.3492571772153,261555.77290372647,261555.77290372647,9.967043411181127,0.1740464046646563,295.06949556492617,15.687794135908742,453710.35165715805,1.2,3456.4500000005823
35.360000000001534,1641.0829606772154,261506.50136964608,261506.50136964608,9.966311621242962,0.1739028324298617,295.06949556492617,15.687794135908742,453716.013120895,1.2,3454.920000000582
35.37000000000153,1640.816664177215,261457.23095519742,261457.23095519742,9.96557974461006,0.1737593449641846,295.06949556492617,15.687794135908742,453721.67124194326,1.2,3453.390000000582
35.38000000000153,1640.550367677215,261407.9616587218,261407.9616587218,9.96484778124882,0.17361594225024982,295.06949556492617,15.687794135908742,453727.32602098805,1.2,3451.8600000005817
35.39000000000153,1640.284071177215,261358.69347856008,261358.69347856008,9.964115731125624,0.1734726242706546,295.06949556492617,15.687794135908742,453732.97745871544,1.2,3450.3300000005815
35.400000000001526,1640.0177746772151,261309.42641305242,261309.42641305242,9.963383594206833,0.17332939100801992,295.06949556492617,15.687794135908742,453738.62555581087,1.2,3448.8000000005813
35.410000000001524,1639.7514781772152,261260.16046053893,261260.16046053893,9.962651370458799,0.17318624244488812,295.06949556492617,15.687794135908742,453744.2703129628,1.2,3447.270000000581
35.42000000000152,1639.4851816772148,261210.89561935863,261210.89561935863,9.961919059847848,0.1730431785637743,295.06949556492617,15.687794135908742,453749.91173086053,1.2,3445.740000000581
35.43000000000152,1639.2188851772148,261161.63188785032,261161.63188785032,9.96118666234029,0.17290019934719142,295.06949556492617,15.687794135908742,453755.5498101937,1.2,3444.2100000005807
35.44000000000152,1638.9525886772149,261112.36926435214,261112.36926435214,9.960454177902427,0.17275730477757453,295.06949556492617,15.687794135908742,453761.18455165514,1.2,3442.6800000005805
35.450000000001516,1638.686292177215,261063.10774720192,261063.10774720192,9.959721606500533,0.17261449483735666,295.06949556492617,15.687794135908742,453766.8159559373,1.2,3441.1500000005803
35.460000000001514,1638.419995677215,261013.8473347364,261013.8473347364,9.958988948100865,0.17247176950901963,295.06949556492617,15.687794135908742,453772.44402373093,1.2,3439.62000000058
35.47000000000151,1638.153699177215,260964.58802529244,260964.58802529244,9.958256202669668,0.17232912877481538,295.06949556492617,15.687794135908742,453778.0687557362,1.2,3438.09000000058
35.48000000000151,1637.8874026772146,260915.329817206,260915.329817206,9.95752337017317,0.1721865726171712,295.06949556492617,15.687794135908742,453783.6901526459,1.2,3436.5600000005797
35.49000000000151,1637.6211061772146,260866.0727088126,260866.0727088126,9.956790450577577,0.17204410101836073,295.06949556492617,15.687794135908742,453789.3082151589,1.2,3435.0300000005795
35.500000000001506,1637.3548096772147,260816.816698447,260816.816698447,9.95605744384908,0.17190171396068107,295.06949556492617,15.687794135908742,453794.92294397345,1.2,3433.5000000005793
35.510000000001504,1637.0885131772147,260767.56178444388,260767.56178444388,9.955324349953843,0.17175941142637705,295.06949556492617,15.687794135908742,453800.53433978953,1.2,3431.970000000579
35.5200000000015,1636.8222166772148,260718.30796513712,260718.30796513712,9.95459116885803,0.1716171933976412,295.06949556492617,15.687794135908742,453806.1424033095,1.2,3430.440000000579
35.5300000000015,1636.5559201772144,260669.05523885993,260669.05523885993,9.95385790052778,0.17147505985676512,295.06949556492617,15.687794135908742,453811.7471352315,1.2,3428.9100000005787
35.5400000000015,1636.2896236772144,260619.80360394507,260619.80360394507,9.953124544929207,0.17133301078578658,295.06949556492617,15.687794135908742,453817.34853626403,1.2,3427.3800000005785
35.550000000001496,1636.0233271772145,260570.55305872473,260570.55305872473,9.952391102028415,0.1711910461669432,295.06949556492617,15.687794135908742,453822.9466071074,1.2,3425.8500000005783
35.560000000001494,1635.7570306772145,260521.30360153093,260521.30360153093,9.951657571791491,0.17104916598219408,295.06949556492617,15.687794135908742,453828.5413484729,1.2,3424.320000000578
35.57000000000149,1635.4907341772146,260472.05523069468,260472.05523069468,9.950923954184503,0.17090737021369795,295.06949556492617,15.687794135908742,453834.1327610642,1.2,3422.790000000578
35.58000000000149,1635.2244376772146,260422.8079445465,260422.8079445465,9.9501902491735,0.17076565884346093,295.06949556492617,15.687794135908742,453839.72084559075,1.2,3421.2600000005777
35.59000000000149,1634.9581411772142,260373.56174141672,260373.56174141672,9.94945645672451,0.17062403185363792,295.06949556492617,15.687794135908742,453845.3056027565,1.2,3419.7300000005775
35.60000000000149,1634.6918446772142,260324.3166196348,260324.3166196348,9.948722576803553,0.17048248922603115,295.06949556492617,15.687794135908742,453850.8870332787,1.2,3418.2000000005773
35.610000000001484,1634.4255481772143,260275.07257752965,260275.07257752965,9.947988609376624,0.17034103094264189,295.06949556492617,15.687794135908742,453856.46513786726,1.2,3416.670000000577
35.62000000000148,1634.1592516772143,260225.8296134299,260225.8296134299,9.947254554409701,0.17019965698534464,295.06949556492617,15.687794135908742,453862.03991723695,1.2,3415.140000000577
35.63000000000148,1633.8929551772144,260176.5877256632,260176.5877256632,9.946520411868747,0.17005836733611226,295.06949556492617,15.687794135908742,453867.6113720985,1.2,3413.6100000005767
35.64000000000148,1633.626658677214,260127.34691255732,260127.34691255732,9.945786181719708,0.16991716197676596,295.06949556492617,15.687794135908742,453873.1795031689,1.2,3412.0800000005765
35.65000000000148,1633.360362177214,260078.10717243876,260078.10717243876,9.945051863928505,0.16977604088917544,295.06949556492617,15.687794135908742,453878.744311163,1.2,3410.5500000005763
35.660000000001475,1633.094065677214,260028.86850363412,260028.86850363412,9.944317458461057,0.16963500405505916,295.06949556492617,15.687794135908742,453884.3057968017,1.2,3409.020000000576
35.67000000000147,1632.8277691772141,259979.6309044689,259979.6309044689,9.943582965283241,0.16949405145628352,295.06949556492617,15.687794135908742,453889.8639608001,1.2,3407.490000000576
35.68000000000147,1632.5614726772142,259930.39437326838,259930.39437326838,9.942848384360941,0.1693531830744895,295.06949556492617,15.687794135908742,453895.41880388197,1.2,3405.9600000005757
35.69000000000147,1632.2951761772142,259881.15890835723,259881.15890835723,9.942113715660012,0.1692123988914656,295.06949556492617,15.687794135908742,453900.9703267657,1.2,3404.4300000005755
35.70000000000147,1632.0288796772138,259831.9245080595,259831.9245080595,9.941378959146284,0.16907169888884988,295.06949556492617,15.687794135908742,453906.5185301752,1.2,3402.9000000005753
35.710000000001465,1631.7625831772139,259782.69117069896,259782.69117069896,9.940644114785584,0.16893108304830368,295.06949556492617,15.687794135908742,453912.06341483357,1.2,3401.370000000575
35.72000000000146,1631.496286677214,259733.45889459847,259733.45889459847,9.939909182543717,0.16879055135148693,295.06949556492617,15.687794135908742,453917.60498146433,1.2,3399.840000000575
35.73000000000146,1631.229990177214,259684.22767808058,259684.22767808058,9.93917416238646,0.1686501037798845,295.06949556492617,15.687794135908742,453923.14323079726,1.2,3398.3100000005747
35.74000000000146,1630.963693677214,259634.99751946703,259634.99751946703,9.938439054279588,0.16850974031522778,295.06949556492617,15.687794135908742,453928.6781635526,1.2,3396.7800000005745
35.75000000000146,1630.697397177214,259585.76841707947,259585.76841707947,9.937703858188842,0.16836946093889987,295.06949556492617,15.687794135908742,453934.209780465,1.2,3395.2500000005743
35.760000000001455,1630.4311006772136,259536.54036923865,259536.54036923865,9.936968574079955,0.16822926563243115,295.06949556492617,15.687794135908742,453939.7380822623,1.2,3393.720000000574
35.77000000000145,1630.1648041772137,259487.31337426478,259487.31337426478,9.936233201918647,0.16808915437737537,295.06949556492617,15.687794135908742,453945.26306967216,1.2,3392.190000000574
35.78000000000145,1629.8985076772137,259438.08743047758,259438.08743047758,9.935497741670607,0.16794912715516128,295.06949556492617,15.687794135908742,453950.7847434267,1.2,3390.6600000005737
35.79000000000145,1629.6322111772138,259388.86253619633,259388.86253619633,9.934762193301516,0.16780918394711766,295.06949556492617,15.687794135908742,453956.3031042623,1.2,3389.1300000005735
35.80000000000145,1629.3659146772138,259339.6386897398,259339.6386897398,9.934026556777036,0.1676693247346954,295.06949556492617,15.687794135908742,453961.8181529104,1.2,3387.6000000005733
35.810000000001445,1629.0996181772134,259290.4158894258,259290.4158894258,9.933290832062804,0.16752954949929466,295.06949556492617,15.687794135908742,453967.32989010436,1.2,3386.070000000573
35.82000000000144,1628.8333216772135,259241.19413357202,259241.19413357202,9.932555019124454,0.16738985822216668,295.06949556492617,15.687794135908742,453972.8383165838,1.2,3384.540000000573
35.83000000000144,1628.5670251772135,259191.9734204955,259191.9734204955,9.931819117927578,0.16725025088468445,295.06949556492617,15.687794135908742,453978.3434330826,1.2,3383.0100000005727
35.84000000000144,1628.3007286772136,259142.7537485125,259142.7537485125,9.931083128437775,0.16711072746802305,295.06949556492617,15.687794135908742,453983.8452403438,1.2,3381.4800000005725
35.85000000000144,1628.0344321772136,259093.53511593913,259093.53511593913,9.930347050620616,0.1669712879535284,295.06949556492617,15.687794135908742,453989.3437391026,1.2,3379.9500000005723
35.860000000001435,1627.7681356772136,259044.3175210906,259044.3175210906,9.929610884441647,0.16683193232232424,295.06949556492617,15.687794135908742,453994.8389301033,1.2,3378.420000000572
35.87000000000143,1627.5018391772132,258995.10096228178,258995.10096228178,9.928874629866412,0.16669266055565582,295.06949556492617,15.687794135908742,454000.3308140857,1.2,3376.890000000572
35.88000000000143,1627.2355426772133,258945.8854378268,258945.8854378268,9.928138286860422,0.16655347263466913,295.06949556492617,15.687794135908742,454005.819391793,1.2,3375.3600000005717
35.89000000000143,1626.9692461772133,258896.67094603938,258896.67094603938,9.927401855389174,0.1664143685404845,295.06949556492617,15.687794135908742,454011.3046639698,1.2,3373.8300000005715
35.90000000000143,1626.7029496772134,258847.45748523282,258847.45748523282,9.926665335418157,0.16627534825417245,295.06949556492617,15.687794135908742,454016.78663136263,1.2,3372.3000000005713
35.910000000001425,1626.4366531772134,258798.24505371953,258798.24505371953,9.925928726912828,0.1661364117568266,295.06949556492617,15.687794135908742,454022.2652947169,1.2,3370.770000000571
35.92000000000142,1626.170356677213,258749.0336498115,258749.0336498115,9.925192029838632,0.16599755902953958,295.06949556492617,15.687794135908742,454027.74065477814,1.2,3369.240000000571
35.93000000000142,1625.904060177213,258699.82327182023,258699.82327182023,9.924455244161003,0.16585879005320775,295.06949556492617,15.687794135908742,454033.21271229995,1.2,3367.7100000005707
35.94000000000142,1625.6377636772131,258650.6139180567,258650.6139180567,9.923718369845341,0.16572010480892144,295.06949556492617,15.687794135908742,454038.6814680277,1.2,3366.1800000005705
35.95000000000142,1625.3714671772132,258601.40558683133,258601.40558683133,9.922981406857042,0.1655815032775507,295.06949556492617,15.687794135908742,454044.1469227158,1.2,3364.6500000005703
35.960000000001415,1625.1051706772132,258552.1982764539,258552.1982764539,9.922244355161483,0.1654429854401106,295.06949556492617,15.687794135908742,454049.609077113,1.2,3363.12000000057
35.97000000000141,1624.8388741772133,258502.99198523353,258502.99198523353,9.921507214724011,0.16530455127744487,295.06949556492617,15.687794135908742,454055.06793197454,1.2,3361.59000000057
35.98000000000141,1624.5725776772128,258453.78671147896,258453.78671147896,9.92076998550997,0.1651662007703723,295.06949556492617,15.687794135908742,454060.52348805673,1.2,3360.0600000005697
35.99000000000141,1624.306281177213,258404.5824534985,258404.5824534985,9.920032667484675,0.1650279338998559,295.06949556492617,15.687794135908742,454065.9757461105,1.2,3358.5300000005695
36.00000000000141,1624.039984677213,258355.37920959954,258355.37920959954,9.919295260613426,0.16488975064661557,295.06949556492617,15.687794135908742,454071.42470689595,1.2,3357.0000000005693
36.010000000001405,1623.773688177213,258306.17697808924,258306.17697808924,9.918557764861514,0.164751650991467,295.06949556492617,15.687794135908742,454076.8703711696,1.2,3355.470000000569
36.0200000000014,1623.507391677213,258256.97575727408,258256.97575727408,9.917820180194195,0.16461363491520054,295.06949556492617,15.687794135908742,454082.31273968896,1.2,3353.940000000569
36.0300000000014,1623.241095177213,258207.77554545994,258207.77554545994,9.917082506576717,0.16447570239846104,295.06949556492617,15.687794135908742,454087.7518132172,1.2,3352.4100000005687
36.0400000000014,1622.9747986772127,258158.57634095204,258158.57634095204,9.916344743974316,0.16433785342201285,295.06949556492617,15.687794135908742,454093.1875925129,1.2,3350.8800000005685
36.0500000000014,1622.7085021772127,258109.3781420554,258109.3781420554,9.91560689235219,0.164200087966523,295.06949556492617,15.687794135908742,454098.6200783385,1.2,3349.3500000005683
36.060000000001395,1622.4422056772128,258060.18094707414,258060.18094707414,9.914868951675544,0.16406240601256103,295.06949556492617,15.687794135908742,454104.04927146,1.2,3347.820000000568
36.07000000000139,1622.1759091772128,258010.98475431203,258010.98475431203,9.914130921909543,0.1639248075408649,295.06949556492617,15.687794135908742,454109.47517263703,1.2,3346.290000000568
36.08000000000139,1621.9096126772129,257961.78956207205,257961.78956207205,9.913392803019347,0.16378729253190608,295.06949556492617,15.687794135908742,454114.89778263983,1.2,3344.7600000005677
36.09000000000139,1621.6433161772125,257912.59536865703,257912.59536865703,9.912654594970098,0.16364986096630002,295.06949556492617,15.687794135908742,454120.31710223254,1.2,3343.2300000005675
36.10000000000139,1621.3770196772125,257863.4021723687,257863.4021723687,9.911916297726906,0.1635125128246133,295.06949556492617,15.687794135908742,454125.73313218146,1.2,3341.7000000005673
36.110000000001385,1621.1107231772125,257814.20997150856,257814.20997150856,9.911177911254878,0.16337524808729126,295.06949556492617,15.687794135908742,454131.14587325795,1.2,3340.170000000567
36.12000000000138,1620.8444266772126,257765.0187643777,257765.0187643777,9.910439435519102,0.16323806673482705,295.06949556492617,15.687794135908742,454136.555326231,1.2,3338.640000000567
36.13000000000138,1620.5781301772126,257715.8285492762,257715.8285492762,9.909700870484633,0.16310096874766453,295.06949556492617,15.687794135908742,454141.961491872,1.2,3337.1100000005667
36.14000000000138,1620.3118336772127,257666.63932450398,257666.63932450398,9.908962216116526,0.1629639541062472,295.06949556492617,15.687794135908742,454147.3643709518,1.2,3335.5800000005665
36.15000000000138,1620.0455371772123,257617.4510883602,257617.4510883602,9.908223472379808,0.16282702279085015,295.06949556492617,15.687794135908742,454152.7639642483,1.2,3334.0500000005663
36.160000000001375,1619.7792406772123,257568.26383914344,257568.26383914344,9.907484639239483,0.16269017478203515,295.06949556492617,15.687794135908742,454158.16027252824,1.2,3332.520000000566
36.17000000000137,1619.5129441772124,257519.07757515195,257519.07757515195,9.906745716660554,0.1625534100600041,295.06949556492617,15.687794135908742,454163.553296572,1.2,3330.990000000566
36.18000000000137,1619.2466476772124,257469.8922946829,257469.8922946829,9.906006704607982,0.16241672860512582,295.06949556492617,15.687794135908742,454168.94303715404,1.2,3329.4600000005657
36.19000000000137,1618.9803511772125,257420.70799603354,257420.70799603354,9.905267603046733,0.16228013039757772,295.06949556492617,15.687794135908742,454174.3294950556,1.2,3327.9300000005655
36.20000000000137,1618.714054677212,257371.5246775003,257371.5246775003,9.904528411941742,0.16214361541772715,295.06949556492617,15.687794135908742,454179.71267105115,1.2,3326.4000000005653
36.210000000001365,1618.447758177212,257322.34233737888,257322.34233737888,9.903789131257923,0.16200718364577404,295.06949556492617,15.687794135908742,454185.09256592137,1.2,3324.870000000565
36.22000000000136,1618.1814616772122,257273.1609739645,257273.1609739645,9.903049760960183,0.16187083506191782,295.06949556492617,15.687794135908742,454190.4691804471,1.2,3323.340000000565
36.23000000000136,1617.9151651772122,257223.98058555188,257223.98058555188,9.902310301013399,0.16173456964623842,295.06949556492617,15.687794135908742,454195.8425154139,1.2,3321.8100000005647
36.24000000000136,1617.6488686772122,257174.8011704353,257174.8011704353,9.901570751382437,0.16159838737902912,295.06949556492617,15.687794135908742,454201.2125715986,1.2,3320.2800000005645
36.25000000000136,1617.3825721772123,257125.6227269081,257125.6227269081,9.900831112032145,0.16146228824027395,295.06949556492617,15.687794135908742,454206.57934979076,1.2,3318.7500000005643
36.260000000001355,1617.116275677212,257076.44525326334,257076.44525326334,9.900091382927346,0.16132627221016996,295.06949556492617,15.687794135908742,454211.9428507711,1.2,3317.220000000564
36.27000000000135,1616.849979177212,257027.26874779366,257027.26874779366,9.89935156403285,0.16119033926870027,295.06949556492617,15.687794135908742,454217.3030753291,1.2,3315.690000000564
36.28000000000135,1616.583682677212,256978.0932087907,256978.0932087907,9.89861165531345,0.1610544893959661,295.06949556492617,15.687794135908742,454222.6600242493,1.2,3314.1600000005637
36.29000000000135,1616.317386177212,256928.9186345458,256928.9186345458,9.897871656733914,0.1609187225718787,295.06949556492617,15.687794135908742,454228.0136983239,1.2,3312.6300000005635
36.30000000000135,1616.051089677212,256879.74502334977,256879.74502334977,9.897131568258999,0.16078303877653813,295.06949556492617,15.687794135908742,454233.36409833754,1.2,3311.1000000005633
36.310000000001345,1615.7847931772117,256830.57237349282,256830.57237349282,9.896391389853434,0.16064743798978431,295.06949556492617,15.687794135908742,454238.7112250854,1.2,3309.570000000563
36.32000000000134,1615.5184966772117,256781.40068326434,256781.40068326434,9.895651121481944,0.16051192019162158,295.06949556492617,15.687794135908742,454244.0550793557,1.2,3308.040000000563
36.33000000000134,1615.2522001772118,256732.2299509536,256732.2299509536,9.894910763109221,0.16037648536188923,295.06949556492617,15.687794135908742,454249.3956619436,1.2,3306.5100000005627
36.34000000000134,1614.9859036772118,256683.06017484894,256683.06017484894,9.894170314699947,0.16024113348054356,295.06949556492617,15.687794135908742,454254.73297363945,1.2,3304.9800000005625
36.35000000000134,1614.7196071772119,256633.89135323823,256633.89135323823,9.893429776218783,0.1601058645273289,295.06949556492617,15.687794135908742,454260.0670152419,1.2,3303.4500000005623
36.360000000001335,1614.453310677212,256584.72348440875,256584.72348440875,9.89268914763037,0.1599706784821303,295.06949556492617,15.687794135908742,454265.3977875443,1.2,3301.920000000562
36.37000000000133,1614.1870141772115,256535.55656664746,256535.55656664746,9.891948428899337,0.159835575324668,295.06949556492617,15.687794135908742,454270.72529134626,1.2,3300.390000000562
36.38000000000133,1613.9207176772115,256486.39059824037,256486.39059824037,9.891207619990286,0.1597005550348263,295.06949556492617,15.687794135908742,454276.04952744104,1.2,3298.8600000005617
36.39000000000133,1613.6544211772116,256437.22557747317,256437.22557747317,9.890466720867803,0.1595656175922542,295.06949556492617,15.687794135908742,454281.37049663096,1.2,3297.3300000005615
36.40000000000133,1613.3881246772116,256388.06150263094,256388.06150263094,9.889725731496458,0.15943076297664796,295.06949556492617,15.687794135908742,454286.68819971685,1.2,3295.8000000005613
36.410000000001325,1613.1218281772117,256338.898371998,256338.898371998,9.888984651840804,0.1592959911677265,295.06949556492617,15.687794135908742,454292.00263749843,1.2,3294.270000000561
36.42000000000132,1612.8555316772113,256289.73618385845,256289.73618385845,9.888243481865368,0.1591613021451852,295.06949556492617,15.687794135908742,454297.3138107763,1.2,3292.740000000561
36.43000000000132,1612.5892351772113,256240.5749364955,256240.5749364955,9.887502221534666,0.15902669588857904,295.06949556492617,15.687794135908742,454302.6217203567,1.2,3291.2100000005607
36.44000000000132,1612.3229386772114,256191.41462819185,256191.41462819185,9.88676087081319,0.15889217237755596,295.06949556492617,15.687794135908742,454307.9263670421,1.2,3289.6800000005605
36.45000000000132,1612.0566421772114,256142.25525722973,256142.25525722973,9.886019429665415,0.15875773159167075,295.06949556492617,15.687794135908742,454313.22775163886,1.2,3288.1500000005603
36.460000000001315,1611.7903456772115,256093.09682189085,256093.09682189085,9.885277898055802,0.15862337351047756,295.06949556492617,15.687794135908742,454318.525874953,1.2,3286.62000000056
36.47000000000131,1611.5240491772115,256043.93932045612,256043.93932045612,9.884536275948786,0.15848909811353076,295.06949556492617,15.687794135908742,454323.82073779113,1.2,3285.09000000056
36.48000000000131,1611.257752677211,255994.78275120605,255994.78275120605,9.88379456330879,0.1583549053802911,295.06949556492617,15.687794135908742,454329.1123409627,1.2,3283.5600000005597
36.49000000000131,1610.9914561772111,255945.62711242063,255945.62711242063,9.883052760100211,0.15822079529021943,295.06949556492617,15.687794135908742,454334.40068527794,1.2,3282.0300000005595
36.50000000000131,1610.7251596772112,255896.47240237897,255896.47240237897,9.882310866287433,0.15808676782282294,295.06949556492617,15.687794135908742,454339.6857715448,1.2,3280.5000000005593
36.510000000001305,1610.4588631772112,255847.31861936004,255847.31861936004,9.881568881834825,0.15795282295744595,295.06949556492617,15.687794135908742,454344.9676005779,1.2,3278.970000000559
36.5200000000013,1610.1925666772113,255798.16576164187,255798.16576164187,9.880826806706725,0.15781896067352594,295.06949556492617,15.687794135908742,454350.2461731879,1.2,3277.440000000559
36.5300000000013,1609.9262701772109,255749.01382750194,255749.01382750194,9.88008464086746,0.15768518095043021,295.06949556492617,15.687794135908742,454355.5214901887,1.2,3275.9100000005587
36.5400000000013,1609.659973677211,255699.8628152175,255699.8628152175,9.879342384281344,0.1575514837674801,295.06949556492617,15.687794135908742,454360.79355239554,1.2,3274.3800000005585
36.5500000000013,1609.393677177211,255650.71272306482,255650.71272306482,9.878600036912658,0.15741786910399674,295.06949556492617,15.687794135908742,454366.06236062385,1.2,3272.8500000005583
36.560000000001295,1609.127380677211,255601.56354931972,255601.56354931972,9.877857598725676,0.15728433693925514,295.06949556492617,15.687794135908742,454371.3279156908,1.2,3271.320000000558
36.57000000000129,1608.861084177211,255552.41529225776,255552.41529225776,9.87711506968465,0.157150887252507,295.06949556492617,15.687794135908742,454376.59021841467,1.2,3269.790000000558
36.58000000000129,1608.5947876772111,255503.26795015344,255503.26795015344,9.876372449753813,0.15701752002305033,295.06949556492617,15.687794135908742,454381.8492696117,1.2,3268.2600000005577
36.59000000000129,1608.3284911772107,255454.12152128085,255454.12152128085,9.875629738897379,0.15688423523002162,295.06949556492617,15.687794135908742,454387.1050701048,1.2,3266.7300000005575
36.60000000000129,1608.0621946772108,255404.9760039136,255404.9760039136,9.874886937079541,0.1567510328526497,295.06949556492617,15.687794135908742,454392.35762071284,1.2,3265.2000000005573
36.610000000001286,1607.7958981772108,255355.83139632456,255355.83139632456,9.874144044264476,0.15661791287007149,295.06949556492617,15.687794135908742,454397.60692225856,1.2,3263.670000000557
36.62000000000128,1607.5296016772108,255306.68769678628,255306.68769678628,9.873401060416343,0.15648487526142354,295.06949556492617,15.687794135908742,454402.8529755647,1.2,3262.140000000557
36.63000000000128,1607.263305177211,255257.54490357058,255257.54490357058,9.872657985499279,0.15635192000577394,295.06949556492617,15.687794135908742,454408.0957814565,1.2,3260.6100000005567
36.64000000000128,1606.997008677211,255208.40301494865,255208.40301494865,9.871914819477405,0.15621904708225978,295.06949556492617,15.687794135908742,454413.33534075704,1.2,3259.0800000005565
36.65000000000128,1606.7307121772105,255159.2620291909,255159.2620291909,9.871171562314824,0.1560862564699263,295.06949556492617,15.687794135908742,454418.5716542922,1.2,3257.5500000005563
36.660000000001276,1606.4644156772106,255110.12194456774,255110.12194456774,9.870428213975611,0.15595354814777312,295.06949556492617,15.687794135908742,454423.80472289026,1.2,3256.020000000556
36.670000000001274,1606.1981191772106,255060.98275934855,255060.98275934855,9.869684774423838,0.15582092209482287,295.06949556492617,15.687794135908742,454429.0345473786,1.2,3254.490000000556
36.68000000000127,1605.9318226772107,255011.84447180206,255011.84447180206,9.868941243623544,0.15568837829000703,295.06949556492617,15.687794135908742,454434.26112858753,1.2,3252.9600000005557
36.69000000000127,1605.6655261772107,254962.70708019688,254962.70708019688,9.868197621538757,0.1555559167123257,295.06949556492617,15.687794135908742,454439.48446734564,1.2,3251.4300000005555
36.70000000000127,1605.3992296772103,254913.57058280066,254913.57058280066,9.867453908133482,0.15542353734068792,295.06949556492617,15.687794135908742,454444.7045644843,1.2,3249.9000000005553
36.710000000001266,1605.1329331772104,254864.43497788056,254864.43497788056,9.866710103371707,0.1552912401540255,295.06949556492617,15.687794135908742,454449.92142083443,1.2,3248.370000000555
36.720000000001264,1604.8666366772104,254815.30026370296,254815.30026370296,9.865966207217399,0.15515902513115684,295.06949556492617,15.687794135908742,454455.13503723126,1.2,3246.840000000555
36.73000000000126,1604.6003401772105,254766.16643853416,254766.16643853416,9.865222219634514,0.15502689225099134,295.06949556492617,15.687794135908742,454460.3454145064,1.2,3245.3100000005547
36.74000000000126,1604.3340436772105,254717.03350063926,254717.03350063926,9.864478140586975,0.15489484149230243,295.06949556492617,15.687794135908742,454465.5525534969,1.2,3243.7800000005545
36.75000000000126,1604.0677471772105,254667.90144828337,254667.90144828337,9.863733970038698,0.15476287283386375,295.06949556492617,15.687794135908742,454470.7564550398,1.2,3242.2500000005543
36.760000000001256,1603.8014506772101,254618.7702797306,254618.7702797306,9.862989707953579,0.15463098625454008,295.06949556492617,15.687794135908742,454475.9571199685,1.2,3240.720000000554
36.770000000001254,1603.5351541772102,254569.6399932447,254569.6399932447,9.862245354295482,0.15449918173301475,295.06949556492617,15.687794135908742,454481.15454912366,1.2,3239.190000000554
36.78000000000125,1603.2688576772102,254520.51058708856,254520.51058708856,9.861500909028274,0.15436745924801712,295.06949556492617,15.687794135908742,454486.3487433439,1.2,3237.6600000005537
36.79000000000125,1603.0025611772103,254471.38205952494,254471.38205952494,9.86075637211578,0.15423581877823136,295.06949556492617,15.687794135908742,454491.5397034698,1.2,3236.1300000005535
36.80000000000125,1602.7362646772103,254422.25440881538,254422.25440881538,9.860011743521824,0.15410426030234214,295.06949556492617,15.687794135908742,454496.7274303419,1.2,3234.6000000005533
36.810000000001246,1602.46996817721,254373.12763322153,254373.12763322153,9.8592670232102,0.15397278379901166,295.06949556492617,15.687794135908742,454501.91192480165,1.2,3233.070000000553
36.820000000001244,1602.20367167721,254324.00173100393,254324.00173100393,9.858522211144688,0.153841389246835,295.06949556492617,15.687794135908742,454507.09318769304,1.2,3231.540000000553
36.83000000000124,1601.93737517721,254274.8767004228,254274.8767004228,9.857777307289046,0.15371007662442998,295.06949556492617,15.687794135908742,454512.27121985937,1.2,3230.0100000005527
36.84000000000124,1601.67107867721,254225.75253973764,254225.75253973764,9.85703231160702,0.15357884591036997,295.06949556492617,15.687794135908742,454517.4460221454,1.2,3228.4800000005525
36.85000000000124,1601.40478217721,254176.62924720743,254176.62924720743,9.856287224062322,0.1534476970831608,295.06949556492617,15.687794135908742,454522.61759539874,1.2,3226.9500000005523
36.860000000001236,1601.1384856772102,254127.50682109056,254127.50682109056,9.855542044618664,0.15331663012135424,295.06949556492617,15.687794135908742,454527.7859404653,1.2,3225.420000000552
36.870000000001234,1600.8721891772097,254078.3852596448,254078.3852596448,9.85479677323972,0.15318564500338988,295.06949556492617,15.687794135908742,454532.951058195,1.2,3223.890000000552
36.88000000000123,1600.6058926772098,254029.2645611274,254029.2645611274,9.85405140988916,0.15305474170784258,295.06949556492617,15.687794135908742,454538.1129494328,1.2,3222.3600000005517
36.89000000000123,1600.3395961772098,253980.14472379492,253980.14472379492,9.853305954530633,0.15292392021310822,295.06949556492617,15.687794135908742,454543.2716150308,1.2,3220.8300000005515
36.90000000000123,1600.07329967721,253931.0257459034,253931.0257459034,9.852560407127752,0.1527931804975827,295.06949556492617,15.687794135908742,454548.4270558407,1.2,3219.3000000005513
36.910000000001226,1599.80700317721,253881.90762570832,253881.90762570832,9.851814767644134,0.15266252253970808,295.06949556492617,15.687794135908742,454553.5792727125,1.2,3217.770000000551
36.920000000001224,1599.5407066772095,253832.79036146434,253832.79036146434,9.851069036043365,0.15253194631779182,295.06949556492617,15.687794135908742,454558.72826650203,1.2,3216.240000000551
36.93000000000122,1599.2744101772096,253783.67395142594,253783.67395142594,9.850323212289005,0.15240145181025447,295.06949556492617,15.687794135908742,454563.87403805973,1.2,3214.7100000005507
36.94000000000122,1599.0081136772096,253734.55839384662,253734.55839384662,9.849577296344616,0.15227103899538252,295.06949556492617,15.687794135908742,454569.0165882422,1.2,3213.1800000005505
36.95000000000122,1598.7418171772097,253685.44368697944,253685.44368697944,9.848831288173717,0.15214070785148562,295.06949556492617,15.687794135908742,454574.1559179045,1.2,3211.6500000005503
36.960000000001216,1598.4755206772097,253636.32982907695,253636.32982907695,9.848085187739821,0.15201045835678484,295.06949556492617,15.687794135908742,454579.2920279056,1.2,3210.12000000055
36.970000000001214,1598.2092241772098,253587.21681839103,253587.21681839103,9.847338995006425,0.15188029048959095,295.06949556492617,15.687794135908742,454584.4249191007,1.2,3208.59000000055
36.98000000000121,1597.9429276772094,253538.10465317292,253538.10465317292,9.846592709936994,0.15175020422808175,295.06949556492617,15.687794135908742,454589.5545923502,1.2,3207.0600000005497
36.99000000000121,1597.6766311772094,253488.99333167338,253488.99333167338,9.84584633249498,0.151620199550547,295.06949556492617,15.687794135908742,454594.6810485105,1.2,3205.5300000005495
37.00000000000121,1597.4103346772094,253439.88285214244,253439.88285214244,9.845099862643824,0.15149027643501017,295.06949556492617,15.687794135908742,454599.80428844783,1.2,3204.0000000005493
37.010000000001206,1597.1440381772095,253390.7732128297,253390.7732128297,9.844353300346933,0.15136043485976222,295.06949556492617,15.687794135908742,454604.92431301856,1.2,3202.470000000549
37.020000000001204,1596.8777416772095,253341.6644119838,253341.6644119838,9.843606645567709,0.15123067480285052,295.06949556492617,15.687794135908742,454610.0411230882,1.2,3200.940000000549
37.0300000000012,1596.6114451772096,253292.55644785342,253292.55644785342,9.842859898269516,0.15110099624243398,295.06949556492617,15.687794135908742,454615.1547195179,1.2,3199.4100000005487
37.0400000000012,1596.3451486772092,253243.44931868603,253243.44931868603,9.842113058415716,0.15097139915649513,295.06949556492617,15.687794135908742,454620.26510317606,1.2,3197.8800000005485
37.0500000000012,1596.0788521772092,253194.3430227289,253194.3430227289,9.841366125969655,0.1508418835231944,295.06949556492617,15.687794135908742,454625.3722749237,1.2,3196.3500000005483
37.060000000001196,1595.8125556772093,253145.23755822846,253145.23755822846,9.840619100894635,0.15071244932049374,295.06949556492617,15.687794135908742,454630.4762356301,1.2,3194.820000000548
37.070000000001194,1595.5462591772093,253096.1329234307,253096.1329234307,9.83987198315396,0.15058309652640017,295.06949556492617,15.687794135908742,454635.5769861623,1.2,3193.290000000548
37.08000000000119,1595.2799626772094,253047.0291165809,253047.0291165809,9.839124772710912,0.15045382511896596,295.06949556492617,15.687794135908742,454640.6745273857,1.2,3191.7600000005477
37.09000000000119,1595.013666177209,252997.92613592386,252997.92613592386,9.838377469528748,0.15032463507608904,295.06949556492617,15.687794135908742,454645.7688601721,1.2,3190.2300000005475
37.10000000000119,1594.747369677209,252948.82397970374,252948.82397970374,9.837630073570708,0.15019552637569084,295.06949556492617,15.687794135908742,454650.85998539196,1.2,3188.7000000005473
37.110000000001186,1594.481073177209,252899.72264616407,252899.72264616407,9.836882584800009,0.15006649899569352,295.06949556492617,15.687794135908742,454655.9479039159,1.2,3187.170000000547
37.120000000001184,1594.214776677209,252850.62213354756,252850.62213354756,9.836135003179855,0.149937552913954,295.06949556492617,15.687794135908742,454661.0326166169,1.2,3185.640000000547
37.13000000000118,1593.9484801772091,252801.52244009695,252801.52244009695,9.835387328673429,0.14980868810839618,295.06949556492617,15.687794135908742,454666.11412436585,1.2,3184.1100000005467
37.14000000000118,1593.6821836772092,252752.4235640537,252752.4235640537,9.834639561243888,0.149679904556813,295.06949556492617,15.687794135908742,454671.1924280382,1.2,3182.5800000005465
37.15000000000118,1593.4158871772088,252703.32550365906,252703.32550365906,9.833891700854377,0.14955120223702015,295.06949556492617,15.687794135908742,454676.2675285088,1.2,3181.0500000005463
37.160000000001176,1593.1495906772088,252654.22825715362,252654.22825715362,9.833143747468021,0.1494225811267905,295.06949556492617,15.687794135908742,454681.3394266541,1.2,3179.520000000546
37.170000000001174,1592.8832941772089,252605.13182277716,252605.13182277716,9.832395701047922,0.14929404120396372,295.06949556492617,15.687794135908742,454686.4081233479,1.2,3177.990000000546
37.18000000000117,1592.616997677209,252556.03619876917,252556.03619876917,9.831647561557165,0.14916558244618308,295.06949556492617,15.687794135908742,454691.473619472,1.2,3176.4600000005457
37.19000000000117,1592.350701177209,252506.94138336842,252506.94138336842,9.830899328958813,0.14903720483124647,295.06949556492617,15.687794135908742,454696.5359159016,1.2,3174.9300000005455
37.20000000000117,1592.0844046772086,252457.84737481293,252457.84737481293,9.830151003215905,0.1489089083367991,295.06949556492617,15.687794135908742,454701.5950135185,1.2,3173.4000000005453
37.210000000001166,1591.8181081772086,252408.75417134035,252408.75417134035,9.82940258429148,0.14878069294053156,295.06949556492617,15.687794135908742,454706.6509132022,1.2,3171.870000000545
37.220000000001164,1591.5518116772087,252359.66177118747,252359.66177118747,9.828654072148534,0.1486525586201133,295.06949556492617,15.687794135908742,454711.7036158333,1.2,3170.340000000545
37.23000000000116,1591.2855151772087,252310.57017259067,252310.57017259067,9.827905466750053,0.14852450535304015,295.06949556492617,15.687794135908742,454716.7531222994,1.2,3168.8100000005447
37.24000000000116,1591.0192186772088,252261.47937378584,252261.47937378584,9.827156768059007,0.14839653311707138,295.06949556492617,15.687794135908742,454721.7994334772,1.2,3167.2800000005445
37.25000000000116,1590.7529221772088,252212.38937300802,252212.38937300802,9.82640797603834,0.14826864188974873,295.06949556492617,15.687794135908742,454726.84255025256,1.2,3165.7500000005443
37.260000000001156,1590.4866256772084,252163.30016849158,252163.30016849158,9.825659090650987,0.14814083164852815,295.06949556492617,15.687794135908742,454731.8824735143,1.2,3164.220000000544
37.270000000001154,1590.2203291772084,252114.21175847066,252114.21175847066,9.824910111859845,0.1480131023710412,295.06949556492617,15.687794135908742,454736.9192041445,1.2,3162.690000000544
37.28000000000115,1589.9540326772085,252065.12414117844,252065.12414117844,9.824161039627807,0.14788545403474632,295.06949556492617,15.687794135908742,454741.9527430321,1.2,3161.1600000005437
37.29000000000115,1589.6877361772085,252016.03731484775,252016.03731484775,9.823411873917744,0.14775788661716838,295.06949556492617,15.687794135908742,454746.98309106333,1.2,3159.6300000005435
37.30000000000115,1589.4214396772086,251966.9512777104,251966.9512777104,9.822662614692499,0.14763040009570313,295.06949556492617,15.687794135908742,454752.01024912944,1.2,3158.1000000005433
37.310000000001146,1589.1551431772086,251917.86602799836,251917.86602799836,9.821913261914903,0.14750299444781298,295.06949556492617,15.687794135908742,454757.0342181192,1.2,3156.570000000543
37.320000000001144,1588.8888466772082,251868.78156394212,251868.78156394212,9.821163815547768,0.14737566965093954,295.06949556492617,15.687794135908742,454762.0549989224,1.2,3155.040000000543
37.33000000000114,1588.6225501772083,251819.69788377202,251819.69788377202,9.820414275553883,0.1472484256824608,295.06949556492617,15.687794135908742,454767.0725924308,1.2,3153.5100000005427
37.34000000000114,1588.3562536772083,251770.61498571798,251770.61498571798,9.819664641896015,0.14712126251971278,295.06949556492617,15.687794135908742,454772.0869995381,1.2,3151.9800000005425
37.35000000000114,1588.0899571772084,251721.53286800877,251721.53286800877,9.818914914536917,0.14699418014005466,295.06949556492617,15.687794135908742,454777.09822113725,1.2,3150.4500000005423
37.360000000001136,1587.8236606772084,251672.45152887306,251672.45152887306,9.818165093439314,0.14686717852080333,295.06949556492617,15.687794135908742,454782.1062581228,1.2,3148.920000000542
37.370000000001134,1587.557364177208,251623.3709665386,251623.3709665386,9.817415178565929,0.14674025763927723,295.06949556492617,15.687794135908742,454787.1111113886,1.2,3147.390000000542
37.38000000000113,1587.291067677208,251574.29117923265,251574.29117923265,9.816665169879435,0.14661341747270998,295.06949556492617,15.687794135908742,454792.11278183304,1.2,3145.8600000005417
37.39000000000113,1587.024771177208,251525.21216518185,251525.21216518185,9.815915067342518,0.14648665799837948,295.06949556492617,15.687794135908742,454797.11127035186,1.2,3144.3300000005415
37.40000000000113,1586.7584746772081,251476.13392261227,251476.13392261227,9.815164870917824,0.14635997919352212,295.06949556492617,15.687794135908742,454802.1065778428,1.2,3142.8000000005413
37.410000000001126,1586.4921781772082,251427.0564497493,251427.0564497493,9.81441458056798,0.14623338103533234,295.06949556492617,15.687794135908742,454807.0987052048,1.2,3141.270000000541
37.420000000001124,1586.2258816772082,251377.97974481765,251377.97974481765,9.813664196255608,0.14610686350098492,295.06949556492617,15.687794135908742,454812.0876533383,1.2,3139.740000000541
37.43000000000112,1585.9595851772078,251328.90380604158,251328.90380604158,9.812913717943287,0.145980426567613,295.06949556492617,15.687794135908742,454817.0734231448,1.2,3138.2100000005407
37.44000000000112,1585.6932886772079,251279.82863164463,251279.82863164463,9.812163145593598,0.14585407021241545,295.06949556492617,15.687794135908742,454822.0560155236,1.2,3136.6800000005405
37.45000000000112,1585.426992177208,251230.7542198499,251230.7542198499,9.811412479169093,0.145727794412464,295.06949556492617,15.687794135908742,454827.0354313785,1.2,3135.1500000005403
37.460000000001116,1585.160695677208,251181.68056887976,251181.68056887976,9.810661718632296,0.14560159914487475,295.06949556492617,15.687794135908742,454832.0116716123,1.2,3133.62000000054
37.470000000001114,1584.894399177208,251132.6076769556,251132.6076769556,9.809910863945726,0.14547548438670088,295.06949556492617,15.687794135908742,454836.98473712953,1.2,3132.09000000054
37.48000000000111,1584.6281026772076,251083.535542299,251083.535542299,9.809159915071877,0.14534945011493347,295.06949556492617,15.687794135908742,454841.95462883776,1.2,3130.5600000005397
37.49000000000111,1584.3618061772077,251034.4641631303,251034.4641631303,9.808408871973214,0.14522349630671413,295.06949556492617,15.687794135908742,454846.92134763807,1.2,3129.0300000005395
37.50000000000111,1584.0955096772077,250985.39353766933,250985.39353766933,9.8076577346122,0.14509762293895156,295.06949556492617,15.687794135908742,454851.8848944413,1.2,3127.5000000005393
37.51000000000111,1583.8292131772077,250936.3236641355,250936.3236641355,9.806906502951255,0.1449718299886837,295.06949556492617,15.687794135908742,454856.8452701526,1.2,3125.970000000539
37.520000000001104,1583.5629166772078,250887.25454074735,250887.25454074735,9.806155176952798,0.14484611743277984,295.06949556492617,15.687794135908742,454861.8024756843,1.2,3124.440000000539
37.5300000000011,1583.2966201772078,250838.18616572302,250838.18616572302,9.805403756579224,0.14472048524828113,295.06949556492617,15.687794135908742,454866.75651194184,1.2,3122.9100000005387
37.5400000000011,1583.0303236772074,250789.11853727992,250789.11853727992,9.8046522417929,0.14459493341201757,295.06949556492617,15.687794135908742,454871.7073798386,1.2,3121.3800000005385
37.5500000000011,1582.7640271772075,250740.05165363516,250740.05165363516,9.80390063255618,0.14446946190092705,295.06949556492617,15.687794135908742,454876.65508028405,1.2,3119.8500000005383
37.5600000000011,1582.4977306772075,250690.98551300442,250690.98551300442,9.803148928831401,0.14434407069184302,295.06949556492617,15.687794135908742,454881.5996141918,1.2,3118.320000000538
37.570000000001095,1582.2314341772076,250641.92011360373,250641.92011360373,9.802397130580871,0.1442187597616005,295.06949556492617,15.687794135908742,454886.54098247556,1.2,3116.790000000538
37.58000000000109,1581.9651376772076,250592.85545364785,250592.85545364785,9.801645237766884,0.14409352908701512,295.06949556492617,15.687794135908742,454891.479186049,1.2,3115.2600000005377
37.59000000000109,1581.6988411772072,250543.79153135125,250543.79153135125,9.80089325035171,0.14396837864494652,295.06949556492617,15.687794135908742,454896.414225825,1.2,3113.7300000005375
37.60000000000109,1581.4325446772073,250494.72834492763,250494.72834492763,9.800141168297602,0.1438433084121501,295.06949556492617,15.687794135908742,454901.34610272,1.2,3112.2000000005373
37.61000000000109,1581.1662481772073,250445.6658925902,250445.6658925902,9.799388991566797,0.14371831836531967,295.06949556492617,15.687794135908742,454906.2748176532,1.2,3110.670000000537
37.620000000001085,1580.8999516772074,250396.60417255134,250396.60417255134,9.7986367201215,0.14359340848127763,295.06949556492617,15.687794135908742,454911.20037153823,1.2,3109.140000000537
37.63000000000108,1580.6336551772074,250347.54318302296,250347.54318302296,9.797884353923907,0.14346857873667898,295.06949556492617,15.687794135908742,454916.1227652961,1.2,3107.6100000005367
37.64000000000108,1580.3673586772074,250298.48292221644,250298.48292221644,9.797131892936193,0.14334382910822296,295.06949556492617,15.687794135908742,454921.0419998452,1.2,3106.0800000005365
37.65000000000108,1580.101062177207,250249.42338834226,250249.42338834226,9.7963793371205,0.1432191595725684,295.06949556492617,15.687794135908742,454925.9580761061,1.2,3104.5500000005363
37.66000000000108,1579.834765677207,250200.3645796106,250200.3645796106,9.795626686438974,0.14309457010631288,295.06949556492617,15.687794135908742,454930.8709950018,1.2,3103.020000000536
37.670000000001075,1579.5684691772071,250151.30649423084,250151.30649423084,9.79487394085371,0.14297006068622387,295.06949556492617,15.687794135908742,454935.7807574482,1.2,3101.490000000536
37.68000000000107,1579.3021726772072,250102.2491304117,250102.2491304117,9.79412110032681,0.14284563128875555,295.06949556492617,15.687794135908742,454940.6873643739,1.2,3099.9600000005357
37.69000000000107,1579.0358761772072,250053.1924863615,250053.1924863615,9.793368164820345,0.14272128189055283,295.06949556492617,15.687794135908742,454945.59081669984,1.2,3098.4300000005355
37.70000000000107,1578.7695796772068,250004.1365602875,250004.1365602875,9.792615134296357,0.1425970124681788,295.06949556492617,15.687794135908742,454950.49111535004,1.2,3096.9000000005353
37.71000000000107,1578.5032831772069,249955.08135039682,249955.08135039682,9.791862008716885,0.14247282299813538,295.06949556492617,15.687794135908742,454955.3882612513,1.2,3095.370000000535
37.720000000001065,1578.236986677207,249906.02685489578,249906.02685489578,9.79110878804394,0.14234871345696826,295.06949556492617,15.687794135908742,454960.2822553285,1.2,3093.840000000535
37.73000000000106,1577.970690177207,249856.97307198995,249856.97307198995,9.79035547223951,0.14222468382114148,295.06949556492617,15.687794135908742,454965.1730985096,1.2,3092.3100000005347
37.74000000000106,1577.704393677207,249807.91999988453,249807.91999988453,9.789602061265562,0.1421007340671209,295.06949556492617,15.687794135908742,454970.06079172273,1.2,3090.7800000005345
37.75000000000106,1577.438097177207,249758.8676367837,249758.8676367837,9.788848555084044,0.14197686417141625,295.06949556492617,15.687794135908742,454974.94533589395,1.2,3089.2500000005343
37.76000000000106,1577.1718006772066,249709.81598089155,249709.81598089155,9.788094953656893,0.14185307411037218,295.06949556492617,15.687794135908742,454979.8267319565,1.2,3087.720000000534
37.770000000001055,1576.9055041772067,249660.76503041107,249660.76503041107,9.787341256946018,0.14172936386041868,295.06949556492617,15.687794135908742,454984.70498083933,1.2,3086.190000000534
37.78000000000105,1576.6392076772067,249611.71478354486,249611.71478354486,9.786587464913294,0.14160573339798788,295.06949556492617,15.687794135908742,454989.5800834721,1.2,3084.6600000005337
37.79000000000105,1576.3729111772068,249562.66523849487,249562.66523849487,9.785833577520604,0.14148218269938886,295.06949556492617,15.687794135908742,454994.4520407888,1.2,3083.1300000005335
37.80000000000105,1576.1066146772068,249513.6163934624,249513.6163934624,9.785079594729794,0.14135871174097459,295.06949556492617,15.687794135908742,454999.32085372205,1.2,3081.6000000005333
37.81000000000105,1575.8403181772064,249464.56824664806,249464.56824664806,9.784325516502689,0.141235320499079,295.06949556492617,15.687794135908742,455004.1865232051,1.2,3080.070000000533
37.820000000001045,1575.5740216772065,249415.52079625198,249415.52079625198,9.783571342801094,0.14111200894997594,295.06949556492617,15.687794135908742,455009.04905017343,1.2,3078.540000000533
37.83000000000104,1575.3077251772065,249366.4740404736,249366.4740404736,9.782817073586795,0.1409887770699829,295.06949556492617,15.687794135908742,455013.90843556105,1.2,3077.0100000005327
37.84000000000104,1575.0414286772066,249317.4279775115,249317.4279775115,9.782062708821563,0.14086562483531576,295.06949556492617,15.687794135908742,455018.76468030555,1.2,3075.4800000005325
37.85000000000104,1574.7751321772066,249268.38260556426,249268.38260556426,9.781308248467147,0.14074255222219256,295.06949556492617,15.687794135908742,455023.61778534506,1.2,3073.9500000005323
37.86000000000104,1574.5088356772067,249219.33792282888,249219.33792282888,9.780553692485265,0.14061955920687488,295.06949556492617,15.687794135908742,455028.4677516155,1.2,3072.420000000532
37.870000000001035,1574.2425391772063,249170.2939275027,249170.2939275027,9.779799040837625,0.14049664576554355,295.06949556492617,15.687794135908742,455033.314580056,1.2,3070.890000000532
37.88000000000103,1573.9762426772063,249121.25061778183,249121.25061778183,9.779044293485915,0.14037381187436113,295.06949556492617,15.687794135908742,455038.1582716068,1.2,3069.3600000005317
37.89000000000103,1573.7099461772063,249072.20799186183,249072.20799186183,9.778289450391796,0.1402510575094305,295.06949556492617,15.687794135908742,455042.99882721016,1.2,3067.8300000005315
37.90000000000103,1573.4436496772064,249023.1660479379,249023.1660479379,9.777534511516913,0.14012838264698024,295.06949556492617,15.687794135908742,455047.8362478032,1.2,3066.3000000005313
37.91000000000103,1573.1773531772064,248974.12478420438,248974.12478420438,9.776779476822888,0.140005787262994,295.06949556492617,15.687794135908742,455052.6705343333,1.2,3064.770000000531
37.920000000001025,1572.9110566772065,248925.08419885486,248925.08419885486,9.776024346271324,0.1398832713336842,295.06949556492617,15.687794135908742,455057.50168773823,1.2,3063.240000000531
37.93000000000102,1572.644760177206,248876.04429008267,248876.04429008267,9.77526911982381,0.139760834834998,295.06949556492617,15.687794135908742,455062.32970896666,1.2,3061.7100000005307
37.94000000000102,1572.3784636772061,248827.00505608023,248827.00505608023,9.774513797441895,0.13963847774309043,295.06949556492617,15.687794135908742,455067.1545989586,1.2,3060.1800000005305
37.95000000000102,1572.1121671772062,248777.9664950394,248777.9664950394,9.773758379087129,0.13951620003389278,295.06949556492617,15.687794135908742,455071.97635866335,1.2,3058.6500000005303
37.96000000000102,1571.8458706772062,248728.92860515133,248728.92860515133,9.773002864721034,0.13939400168346183,295.06949556492617,15.687794135908742,455076.79498902516,1.2,3057.12000000053
37.970000000001015,1571.5795741772063,248679.89138460674,248679.89138460674,9.772247254305105,0.1392718826677747,295.06949556492617,15.687794135908742,455081.61049099104,1.2,3055.59000000053
37.98000000000101,1571.3132776772059,248630.85483159553,248630.85483159553,9.77149154780083,0.13914984296272895,295.06949556492617,15.687794135908742,455086.4228655116,1.2,3054.0600000005297
37.99000000000101,1571.046981177206,248581.818944307,248581.818944307,9.770735745169654,0.13902788254436765,295.06949556492617,15.687794135908742,455091.2321135315,1.2,3052.5300000005295
38.00000000000101,1570.780684677206,248532.78372092982,248532.78372092982,9.769979846373024,0.13890600138855216,295.06949556492617,15.687794135908742,455096.03823600255,1.2,3051.0000000005293
38.01000000000101,1570.514388177206,248483.74915965216,248483.74915965216,9.769223851372361,0.13878419947114637,295.06949556492617,15.687794135908742,455100.84123387653,1.2,3049.470000000529
38.020000000001005,1570.248091677206,248434.7152586613,248434.7152586613,9.768467760129056,0.13866247676809818,295.06949556492617,15.687794135908742,455105.6411081019,1.2,3047.940000000529
38.030000000001,1569.981795177206,248385.68201614416,248385.68201614416,9.767711572604485,0.13854083325521516,295.06949556492617,15.687794135908742,455110.4378596327,1.2,3046.4100000005287
38.040000000001,1569.7154986772057,248336.6494302868,248336.6494302868,9.76695528876001,0.1384192689083276,295.06949556492617,15.687794135908742,455115.2314894219,1.2,3044.8800000005285
38.050000000001,1569.4492021772057,248287.61749927478,248287.61749927478,9.76619890855696,0.13829778370332926,295.06949556492617,15.687794135908742,455120.02199842007,1.2,3043.3500000005283
38.060000000001,1569.1829056772058,248238.58622129294,248238.58622129294,9.765442431956654,0.1381763776159538,295.06949556492617,15.687794135908742,455124.80938758416,1.2,3041.820000000528
38.070000000000995,1568.9166091772058,248189.55559452545,248189.55559452545,9.76468585892038,0.13805505062197776,295.06949556492617,15.687794135908742,455129.5936578694,1.2,3040.290000000528
38.08000000000099,1568.6503126772059,248140.52561715597,248140.52561715597,9.763929189409417,0.1379338026971602,295.06949556492617,15.687794135908742,455134.37481023156,1.2,3038.7600000005277
38.09000000000099,1568.3840161772055,248091.49628736757,248091.49628736757,9.763172423385015,0.13781263381720163,295.06949556492617,15.687794135908742,455139.15284562897,1.2,3037.2300000005275
38.10000000000099,1568.1177196772055,248042.46760334252,248042.46760334252,9.762415560808401,0.13769154395792665,295.06949556492617,15.687794135908742,455143.92776501493,1.2,3035.7000000005273
38.11000000000099,1567.8514231772056,247993.43956326236,247993.43956326236,9.761658601640791,0.13757053309489917,295.06949556492617,15.687794135908742,455148.69956935284,1.2,3034.170000000527
38.120000000000985,1567.5851266772056,247944.41216530825,247944.41216530825,9.760901545843376,0.1374496012038679,295.06949556492617,15.687794135908742,455153.4682595993,1.2,3032.640000000527
38.13000000000098,1567.3188301772057,247895.3854076605,247895.3854076605,9.76014439337732,0.1373287482604626,295.06949556492617,15.687794135908742,455158.23383671494,1.2,3031.1100000005267
38.14000000000098,1567.0525336772057,247846.35928849905,247846.35928849905,9.759387144203776,0.1372079742402956,295.06949556492617,15.687794135908742,455162.99630166177,1.2,3029.5800000005265
38.15000000000098,1566.7862371772053,247797.33380600292,247797.33380600292,9.758629798283867,0.13708727911904234,295.06949556492617,15.687794135908742,455167.75565539877,1.2,3028.0500000005263
38.16000000000098,1566.5199406772053,247748.3089583505,247748.3089583505,9.7578723555787,0.13696666287219927,295.06949556492617,15.687794135908742,455172.51189889235,1.2,3026.520000000526
38.170000000000975,1566.2536441772054,247699.28474371976,247699.28474371976,9.757114816049368,0.13684612547542688,295.06949556492617,15.687794135908742,455177.26503310207,1.2,3024.990000000526
38.18000000000097,1565.9873476772054,247650.26116028783,247650.26116028783,9.756357179656927,0.1367256669042471,295.06949556492617,15.687794135908742,455182.0150589934,1.2,3023.4600000005257
38.19000000000097,1565.7210511772055,247601.2382062313,247601.2382062313,9.755599446362424,0.13660528713414466,295.06949556492617,15.687794135908742,455186.7619775328,1.2,3021.9300000005255
38.20000000000097,1565.454754677205,247552.21587972602,247552.21587972602,9.754841616126885,0.13648498614068713,295.06949556492617,15.687794135908742,455191.50578968384,1.2,3020.4000000005253
38.21000000000097,1565.1884581772051,247503.19417894733,247503.19417894733,9.754083688911308,0.13636476389940455,295.06949556492617,15.687794135908742,455196.24649641156,1.2,3018.870000000525
38.220000000000965,1564.9221616772052,247454.17310206988,247454.17310206988,9.75332566467668,0.13624462038566937,295.06949556492617,15.687794135908742,455200.984098687,1.2,3017.340000000525
38.23000000000096,1564.6558651772052,247405.1526472675,247405.1526472675,9.752567543383954,0.13612455557501707,295.06949556492617,15.687794135908742,455205.7185974746,1.2,3015.8100000005247
38.24000000000096,1564.3895686772053,247356.1328127137,247356.1328127137,9.751809324994074,0.13600456944282555,295.06949556492617,15.687794135908742,455210.4499937458,1.2,3014.2800000005245
38.25000000000096,1564.1232721772053,247307.11359658098,247307.11359658098,9.75105100946796,0.1358846619645357,295.06949556492617,15.687794135908742,455215.17828846857,1.2,3012.7500000005243
38.26000000000096,1563.856975677205,247258.09499704148,247258.09499704148,9.750292596766503,0.13576483311551113,295.06949556492617,15.687794135908742,455219.90348261467,1.2,3011.220000000524
38.270000000000955,1563.590679177205,247209.07701226673,247209.07701226673,9.749534086850584,0.13564508287115817,295.06949556492617,15.687794135908742,455224.6255771538,1.2,3009.690000000524
38.28000000000095,1563.324382677205,247160.05964042724,247160.05964042724,9.748775479681063,0.13552541120680617,295.06949556492617,15.687794135908742,455229.3445730588,1.2,3008.1600000005237
38.29000000000095,1563.058086177205,247111.04287969333,247111.04287969333,9.748016775218765,0.13540581809780722,295.06949556492617,15.687794135908742,455234.0604713018,1.2,3006.6300000005235
38.30000000000095,1562.791789677205,247062.02672823417,247062.02672823417,9.747257973424512,0.13528630351949628,295.06949556492617,15.687794135908742,455238.7732728549,1.2,3005.1000000005233
38.31000000000095,1562.5254931772047,247013.01118421892,247013.01118421892,9.74649907425909,0.13516686744705225,295.06949556492617,15.687794135908742,455243.4829786974,1.2,3003.570000000523
38.320000000000945,1562.2591966772047,246963.9962458155,246963.9962458155,9.745740077683271,0.13504750985591482,295.06949556492617,15.687794135908742,455248.1895897976,1.2,3002.040000000523
38.33000000000094,1561.9929001772048,246914.98191119145,246914.98191119145,9.744980983657813,0.13492823072122917,295.06949556492617,15.687794135908742,455252.89310713543,1.2,3000.5100000005227
38.34000000000094,1561.7266036772048,246865.96817851372,246865.96817851372,9.744221792143431,0.13480903001828187,295.06949556492617,15.687794135908742,455257.59353168565,1.2,2998.9800000005225
38.35000000000094,1561.4603071772049,246816.95504594847,246816.95504594847,9.743462503100847,0.13468990772226355,295.06949556492617,15.687794135908742,455262.29086442647,1.2,2997.4500000005223
38.36000000000094,1561.194010677205,246767.94251166112,246767.94251166112,9.742703116490743,0.1345708638083083,295.06949556492617,15.687794135908742,455266.98510633834,1.2,2995.920000000522
38.370000000000935,1560.9277141772045,246718.93057381688,246718.93057381688,9.74194363227378,0.1344518982517509,295.06949556492617,15.687794135908742,455271.6762583941,1.2,2994.390000000522
38.38000000000093,1560.6614176772046,246669.91923057984,246669.91923057984,9.74118405041061,0.13433301102763254,295.06949556492617,15.687794135908742,455276.3643215777,1.2,2992.8600000005217
38.39000000000093,1560.3951211772046,246620.90848011352,246620.90848011352,9.74042437086185,0.13421420211109636,295.06949556492617,15.687794135908742,455281.04929686943,1.2,2991.3300000005215
38.40000000000093,1560.1288246772046,246571.89832058112,246571.89832058112,9.73966459358811,0.1340954714772883,295.06949556492617,15.687794135908742,455285.73118524946,1.2,2989.8000000005213
38.41000000000093,1559.8625281772047,246522.88875014466,246522.88875014466,9.738904718549966,0.13397681910131784,295.06949556492617,15.687794135908742,455290.4099876991,1.2,2988.270000000521
38.420000000000925,1559.5962316772047,246473.879766966,246473.879766966,9.738144745707976,0.13385824495821882,295.06949556492617,15.687794135908742,455295.08570520295,1.2,2986.740000000521
38.43000000000092,1559.3299351772043,246424.8713692061,246424.8713692061,9.737384675022684,0.13373974902308705,295.06949556492617,15.687794135908742,455299.758338743,1.2,2985.2100000005207
38.44000000000092,1559.0636386772044,246375.86355502522,246375.86355502522,9.736624506454605,0.1336213312709822,295.06949556492617,15.687794135908742,455304.4278893027,1.2,2983.6800000005205
38.45000000000092,1558.7973421772044,246326.85632258322,246326.85632258322,9.735864239964233,0.1335029916769469,295.06949556492617,15.687794135908742,455309.09435786644,1.2,2982.1500000005203
38.46000000000092,1558.5310456772045,246277.8496700389,246277.8496700389,9.735103875512047,0.13338473021583128,295.06949556492617,15.687794135908742,455313.75774542557,1.2,2980.62000000052
38.470000000000915,1558.2647491772045,246228.84359555086,246228.84359555086,9.734343413058498,0.13326654686280182,295.06949556492617,15.687794135908742,455318.4180529595,1.2,2979.09000000052
38.48000000000091,1557.998452677204,246179.83809727666,246179.83809727666,9.73358285256402,0.13314844159273445,295.06949556492617,15.687794135908742,455323.0752814592,1.2,2977.5600000005197
38.49000000000091,1557.7321561772042,246130.83317337348,246130.83317337348,9.732822193989026,0.13303041438062552,295.06949556492617,15.687794135908742,455327.72943191015,1.2,2976.0300000005195
38.50000000000091,1557.4658596772042,246081.82882199783,246081.82882199783,9.7320614372939,0.13291246520135722,295.06949556492617,15.687794135908742,455332.38050530315,1.2,2974.5000000005193
38.51000000000091,1557.1995631772043,246032.8250413052,246032.8250413052,9.731300582439015,0.132794594029854,295.06949556492617,15.687794135908742,455337.0285026271,1.2,2972.970000000519
38.520000000000906,1556.9332666772043,245983.8218294509,245983.8218294509,9.730539629384717,0.13267680084098488,295.06949556492617,15.687794135908742,455341.6734248726,1.2,2971.440000000519
38.5300000000009,1556.6669701772043,245934.8191845893,245934.8191845893,9.72977857809133,0.13255908560968063,295.06949556492617,15.687794135908742,455346.31527302845,1.2,2969.9100000005187
38.5400000000009,1556.400673677204,245885.81710487415,245885.81710487415,9.729017428519166,0.13244144831073873,295.06949556492617,15.687794135908742,455350.9540480886,1.2,2968.3800000005185
38.5500000000009,1556.134377177204,245836.81558845856,245836.81558845856,9.728256180628497,0.13232388891901828,295.06949556492617,15.687794135908742,455355.5897510439,1.2,2966.8500000005183
38.5600000000009,1555.868080677204,245787.81463349517,245787.81463349517,9.72749483437959,0.13220640740930392,295.06949556492617,15.687794135908742,455360.2223828892,1.2,2965.320000000518
38.570000000000896,1555.601784177204,245738.81423813573,245738.81423813573,9.726733389732686,0.13208900375644175,295.06949556492617,15.687794135908742,455364.8519446162,1.2,2963.790000000518
38.580000000000894,1555.3354876772041,245689.81440053126,245689.81440053126,9.725971846648003,0.1319716779351646,295.06949556492617,15.687794135908742,455369.4784372213,1.2,2962.2600000005177
38.59000000000089,1555.0691911772042,245640.81511883234,245640.81511883234,9.725210205085736,0.13185442992026672,295.06949556492617,15.687794135908742,455374.1018616983,1.2,2960.7300000005175
38.60000000000089,1554.8028946772038,245591.81639118886,245591.81639118886,9.724448465006066,0.13173725968642955,295.06949556492617,15.687794135908742,455378.7222190458,1.2,2959.2000000005173
38.61000000000089,1554.5365981772038,245542.8182157498,245542.8182157498,9.72368662636914,0.1316201672084346,295.06949556492617,15.687794135908742,455383.339510258,1.2,2957.670000000517
38.620000000000886,1554.2703016772039,245493.82059066385,245493.82059066385,9.722924689135102,0.13150315246100838,295.06949556492617,15.687794135908742,455387.9537363317,1.2,2956.140000000517
38.630000000000884,1554.004005177204,245444.82351407877,245444.82351407877,9.72216265326405,0.13138621541872647,295.06949556492617,15.687794135908742,455392.56489826925,1.2,2954.6100000005167
38.64000000000088,1553.737708677204,245395.82698414175,245395.82698414175,9.721400518716083,0.13126935605637996,295.06949556492617,15.687794135908742,455397.17299706495,1.2,2953.0800000005165
38.65000000000088,1553.4714121772035,245346.8309989994,245346.8309989994,9.720638285451267,0.13115257434851263,295.06949556492617,15.687794135908742,455401.7780337225,1.2,2951.5500000005163
38.66000000000088,1553.2051156772036,245297.83555679742,245297.83555679742,9.719875953429648,0.13103587026982583,295.06949556492617,15.687794135908742,455406.3800092395,1.2,2950.020000000516
38.670000000000876,1552.9388191772036,245248.84065568118,245248.84065568118,9.71911352261125,0.13091924379488948,295.06949556492617,15.687794135908742,455410.9789246187,1.2,2948.490000000516
38.680000000000874,1552.6725226772037,245199.84629379495,245199.84629379495,9.718350992956083,0.13080269489829605,295.06949556492617,15.687794135908742,455415.5747808619,1.2,2946.9600000005157
38.69000000000087,1552.4062261772037,245150.85246928287,245150.85246928287,9.71758836442412,0.13068622355467996,295.06949556492617,15.687794135908742,455420.16757896956,1.2,2945.4300000005155
38.70000000000087,1552.1399296772038,245101.85918028792,245101.85918028792,9.716825636975328,0.1305698297385255,295.06949556492617,15.687794135908742,455424.7573199479,1.2,2943.9000000005153
38.71000000000087,1551.8736331772034,245052.8664249529,245052.8664249529,9.71606281056964,0.1304535134243778,295.06949556492617,15.687794135908742,455429.3440048002,1.2,2942.370000000515
38.720000000000866,1551.6073366772034,245003.87420141936,245003.87420141936,9.71529988516698,0.1303372745868048,295.06949556492617,15.687794135908742,455433.9276345298,1.2,2940.840000000515
38.730000000000864,1551.3410401772035,244954.88250782868,244954.88250782868,9.714536860727241,0.13022111320026286,295.06949556492617,15.687794135908742,455438.5082101437,1.2,2939.3100000005147
38.74000000000086,1551.0747436772035,244905.89134232135,244905.89134232135,9.713773737210296,0.13010502923925013,295.06949556492617,15.687794135908742,455443.08573264774,1.2,2937.7800000005145
38.75000000000086,1550.8084471772036,244856.90070303733,244856.90070303733,9.713010514575993,0.1299890226782301,295.06949556492617,15.687794135908742,455447.6602030486,1.2,2936.2500000005143
38.76000000000086,1550.5421506772032,244807.91058811574,244807.91058811574,9.712247192784174,0.12987309349165074,295.06949556492617,15.687794135908742,455452.23162235407,1.2,2934.720000000514
38.770000000000856,1550.2758541772032,244758.92099569502,244758.92099569502,9.711483771794635,0.1297572416539633,295.06949556492617,15.687794135908742,455456.79999157175,1.2,2933.190000000514
38.780000000000854,1550.0095576772032,244709.93192391316,244709.93192391316,9.710720251567173,0.12964146713954655,295.06949556492617,15.687794135908742,455461.3653117115,1.2,2931.6600000005137
38.79000000000085,1549.7432611772033,244660.94337090728,244660.94337090728,9.709956632061544,0.12952576992278286,295.06949556492617,15.687794135908742,455465.9275837839,1.2,2930.1300000005135
38.80000000000085,1549.4769646772033,244611.95533481403,244611.95533481403,9.709192913237498,0.129410149978096,295.06949556492617,15.687794135908742,455470.4868087973,1.2,2928.6000000005133
38.81000000000085,1549.2106681772034,244562.96781376915,244562.96781376915,9.708429095054758,0.12929460727981845,295.06949556492617,15.687794135908742,455475.0429877641,1.2,2927.070000000513
38.820000000000846,1548.944371677203,244513.98080590775,244513.98080590775,9.707665177473018,0.12917914180226736,295.06949556492617,15.687794135908742,455479.59612169664,1.2,2925.540000000513
38.830000000000844,1548.678075177203,244464.9943093645,244464.9943093645,9.70690116045196,0.1290637535198013,295.06949556492617,15.687794135908742,455484.1462116063,1.2,2924.0100000005127
38.84000000000084,1548.411778677203,244416.00832227312,244416.00832227312,9.706137043951243,0.12894844240674458,295.06949556492617,15.687794135908742,455488.69325850555,1.2,2922.4800000005125
38.85000000000084,1548.1454821772031,244367.02284276683,244367.02284276683,9.705372827930494,0.12883320843729265,295.06949556492617,15.687794135908742,455493.23726341187,1.2,2920.9500000005123
38.86000000000084,1547.8791856772032,244318.03786897816,244318.03786897816,9.704608512349337,0.1287180515858339,295.06949556492617,15.687794135908742,455497.7782273352,1.2,2919.420000000512
38.870000000000836,1547.6128891772028,244269.05339903902,244269.05339903902,9.70384409716735,0.12860297182647654,295.06949556492617,15.687794135908742,455502.3161512965,1.2,2917.890000000512
38.880000000000834,1547.3465926772028,244220.06943108025,244220.06943108025,9.70307958234411,0.12848796913357854,295.06949556492617,15.687794135908742,455506.8510363071,1.2,2916.3600000005117
38.89000000000083,1547.0802961772029,244171.0859632325,244171.0859632325,9.702314967839165,0.12837304348131245,295.06949556492617,15.687794135908742,455511.3828833852,1.2,2914.8300000005115
38.90000000000083,1546.813999677203,244122.10299362568,244122.10299362568,9.701550253612032,0.12825819484385445,295.06949556492617,15.687794135908742,455515.9116935492,1.2,2913.3000000005113
38.91000000000083,1546.547703177203,244073.1205203888,244073.1205203888,9.700785439622221,0.1281434231954038,295.06949556492617,15.687794135908742,455520.4374678165,1.2,2911.770000000511
38.920000000000826,1546.281406677203,244024.1385416505,244024.1385416505,9.700020525829219,0.12802872851012556,295.06949556492617,15.687794135908742,455524.96020720585,1.2,2910.240000000511
38.930000000000824,1546.0151101772026,243975.1570555382,243975.1570555382,9.69925551219247,0.12791411076216966,295.06949556492617,15.687794135908742,455529.4799127365,1.2,2908.7100000005107
38.94000000000082,1545.7488136772026,243926.17606017922,243926.17606017922,9.698490398671426,0.12779956992565236,295.06949556492617,15.687794135908742,455533.9965854295,1.2,2907.1800000005105
38.95000000000082,1545.4825171772027,243877.19555369994,243877.19555369994,9.697725185225494,0.12768510597471247,295.06949556492617,15.687794135908742,455538.510226304,1.2,2905.6500000005103
38.96000000000082,1545.2162206772027,243828.2155342262,243828.2155342262,9.69695987181407,0.12757071888338026,295.06949556492617,15.687794135908742,455543.02083638456,1.2,2904.12000000051
38.970000000000816,1544.9499241772028,243779.23599988298,243779.23599988298,9.696194458396528,0.1274564086258206,295.06949556492617,15.687794135908742,455547.52841668983,1.2,2902.59000000051
38.980000000000814,1544.6836276772024,243730.25694879465,243730.25694879465,9.695428944932212,0.12734217517599683,295.06949556492617,15.687794135908742,455552.0329682464,1.2,2901.0600000005097
38.99000000000081,1544.4173311772024,243681.278379085,243681.278379085,9.694663331380452,0.12722801850804394,295.06949556492617,15.687794135908742,455556.53449207434,1.2,2899.5300000005095
39.00000000000081,1544.1510346772025,243632.3002888771,243632.3002888771,9.693897617700555,0.1271139385959143,295.06949556492617,15.687794135908742,455561.03298920055,1.2,2898.0000000005093
39.01000000000081,1543.8847381772025,243583.32267629317,243583.32267629317,9.693131803851806,0.12699993541361992,295.06949556492617,15.687794135908742,455565.52846065,1.2,2896.470000000509
39.020000000000806,1543.6184416772026,243534.34553945487,243534.34553945487,9.692365889793463,0.12688600893521443,295.06949556492617,15.687794135908742,455570.0209074458,1.2,2894.940000000509
39.030000000000804,1543.3521451772026,243485.36887648335,243485.36887648335,9.691599875484762,0.12677215913462425,295.06949556492617,15.687794135908742,455574.5103306162,1.2,2893.4100000005087
39.0400000000008,1543.0858486772022,243436.3926854989,243436.3926854989,9.690833760884924,0.1266583859857805,295.06949556492617,15.687794135908742,455578.99673118896,1.2,2891.8800000005085
39.0500000000008,1542.8195521772022,243387.41696462114,243387.41696462114,9.690067545953148,0.12654468946267344,295.06949556492617,15.687794135908742,455583.4801101899,1.2,2890.3500000005083
39.0600000000008,1542.5532556772023,243338.44171196886,243338.44171196886,9.689301230648597,0.12643106953920477,295.06949556492617,15.687794135908742,455587.96046864794,1.2,2888.820000000508
39.070000000000796,1542.2869591772023,243289.46692566056,243289.46692566056,9.688534814930431,0.1263175261892428,295.06949556492617,15.687794135908742,455592.43780759384,1.2,2887.290000000508
39.080000000000794,1542.0206626772024,243240.49260381373,243240.49260381373,9.687768298757776,0.12620405938671572,295.06949556492617,15.687794135908742,455596.91212805535,1.2,2885.7600000005077
39.09000000000079,1541.754366177202,243191.5187445453,243191.5187445453,9.687001682089731,0.1260906691054999,295.06949556492617,15.687794135908742,455601.38343106286,1.2,2884.2300000005075
39.10000000000079,1541.488069677202,243142.54534597142,243142.54534597142,9.686234964885394,0.12597735531945733,295.06949556492617,15.687794135908742,455605.8517176469,1.2,2882.7000000005073
39.11000000000079,1541.221773177202,243093.57240620768,243093.57240620768,9.685468147103812,0.12586411800236133,295.06949556492617,15.687794135908742,455610.31698884175,1.2,2881.170000000507
39.120000000000786,1540.9554766772021,243044.59992336892,243044.59992336892,9.68470122870403,0.125750957128119,295.06949556492617,15.687794135908742,455614.77924567624,1.2,2879.640000000507
39.130000000000784,1540.6891801772022,242995.62789556943,242995.62789556943,9.683934209645072,0.12563787267047513,295.06949556492617,15.687794135908742,455619.2384891859,1.2,2878.1100000005067
39.14000000000078,1540.4228836772022,242946.65632092246,242946.65632092246,9.683167089885925,0.12552486460317855,295.06949556492617,15.687794135908742,455623.69472040556,1.2,2876.5800000005065
39.15000000000078,1540.1565871772018,242897.68519754114,242897.68519754114,9.682399869385565,0.12541193290007455,295.06949556492617,15.687794135908742,455628.14794036694,1.2,2875.0500000005063
39.16000000000078,1539.8902906772018,242848.7145235373,242848.7145235373,9.681632548102947,0.12529907753493866,295.06949556492617,15.687794135908742,455632.5981501038,1.2,2873.520000000506
39.170000000000776,1539.623994177202,242799.74429702238,242799.74429702238,9.680865125996988,0.12518629848140322,295.06949556492617,15.687794135908742,455637.04535065626,1.2,2871.990000000506
39.180000000000774,1539.357697677202,242750.77451610722,242750.77451610722,9.680097603026606,0.12507359571327056,295.06949556492617,15.687794135908742,455641.489543057,1.2,2870.4600000005057
39.19000000000077,1539.091401177202,242701.80517890197,242701.80517890197,9.679329979150674,0.12496096920421837,295.06949556492617,15.687794135908742,455645.93072834425,1.2,2868.9300000005055
39.20000000000077,1538.825104677202,242652.8362835157,242652.8362835157,9.67856225432806,0.1248484189279467,295.06949556492617,15.687794135908742,455650.36890755483,1.2,2867.4000000005053
39.21000000000077,1538.5588081772016,242603.86782805732,242603.86782805732,9.677794428517604,0.12473594485808671,295.06949556492617,15.687794135908742,455654.80408172874,1.2,2865.870000000505
39.220000000000766,1538.2925116772017,242554.8998106348,242554.8998106348,9.677026501678117,0.1246235469683105,295.06949556492617,15.687794135908742,455659.2362519043,1.2,2864.340000000505
39.230000000000764,1538.0262151772017,242505.93222935536,242505.93222935536,9.676258473768394,0.12451122523225731,295.06949556492617,15.687794135908742,455663.6654191207,1.2,2862.8100000005047
39.24000000000076,1537.7599186772018,242456.96508232568,242456.96508232568,9.675490344747214,0.12439897962358948,295.06949556492617,15.687794135908742,455668.0915844165,1.2,2861.2800000005045
39.25000000000076,1537.4936221772018,242407.9983676516,242407.9983676516,9.674722114573315,0.12428681011586336,295.06949556492617,15.687794135908742,455672.5147488348,1.2,2859.7500000005043
39.26000000000076,1537.2273256772014,242359.03208343836,242359.03208343836,9.673953783205437,0.1241747166826584,295.06949556492617,15.687794135908742,455676.93491341715,1.2,2858.220000000504
39.270000000000756,1536.9610291772015,242310.06622779058,242310.06622779058,9.673185350602273,0.12406269929759439,295.06949556492617,15.687794135908742,455681.3520792037,1.2,2856.690000000504
39.280000000000754,1536.6947326772015,242261.10079881197,242261.10079881197,9.672416816722505,0.12395075793420449,295.06949556492617,15.687794135908742,455685.7662472385,1.2,2855.1600000005037
39.29000000000075,1536.4284361772015,242212.13579460583,242212.13579460583,9.671648181524803,0.1238388925659715,295.06949556492617,15.687794135908742,455690.17741856683,1.2,2853.6300000005035
39.30000000000075,1536.1621396772016,242163.17121327444,242163.17121327444,9.670879444967794,0.12372710316652812,295.06949556492617,15.687794135908742,455694.58559422847,1.2,2852.1000000005033
39.31000000000075,1535.8958431772016,242114.2070529198,242114.2070529198,9.670110607010095,0.12361538970931142,295.06949556492617,15.687794135908742,455698.9907752711,1.2,2850.570000000503
39.320000000000746,1535.6295466772012,242065.24331164273,242065.24331164273,9.6693416676103,0.12350375216778096,295.06949556492617,15.687794135908742,455703.39296274114,1.2,2849.040000000503
39.330000000000744,1535.3632501772013,242016.27998754385,242016.27998754385,9.668572626726979,0.1233921905154553,295.06949556492617,15.687794135908742,455707.7921576828,1.2,2847.5100000005027
39.34000000000074,1535.0969536772013,241967.31707872258,241967.31707872258,9.667803484318675,0.12328070472582087,295.06949556492617,15.687794135908742,455712.18836114166,1.2,2845.9800000005025
39.35000000000074,1534.8306571772014,241918.35458327815,241918.35458327815,9.667034240343913,0.1231692947722962,295.06949556492617,15.687794135908742,455716.58157416584,1.2,2844.4500000005023
39.36000000000074,1534.5643606772014,241869.39249930877,241869.39249930877,9.666264894761193,0.12305796062830407,295.06949556492617,15.687794135908742,455720.9717978035,1.2,2842.920000000502
39.370000000000736,1534.298064177201,241820.43082491198,241820.43082491198,9.665495447529,0.12294670226723559,295.06949556492617,15.687794135908742,455725.35903310374,1.2,2841.390000000502
39.380000000000734,1534.031767677201,241771.4695581847,241771.4695581847,9.664725898605786,0.12283551966252275,295.06949556492617,15.687794135908742,455729.74328111426,1.2,2839.8600000005017
39.39000000000073,1533.765471177201,241722.50869722315,241722.50869722315,9.663956247949983,0.12272441278749327,295.06949556492617,15.687794135908742,455734.12454288674,1.2,2838.3300000005015
39.40000000000073,1533.4991746772012,241673.54824012288,241673.54824012288,9.663186495520009,0.1226133816155339,295.06949556492617,15.687794135908742,455738.5028194707,1.2,2836.8000000005013
39.41000000000073,1533.2328781772012,241624.58818497858,241624.58818497858,9.662416641274243,0.12250242612003541,295.06949556492617,15.687794135908742,455742.87811191566,1.2,2835.270000000501
39.42000000000073,1532.9665816772012,241575.62852988453,241575.62852988453,9.66164668517106,0.12239154627426736,295.06949556492617,15.687794135908742,455747.2504212752,1.2,2833.740000000501
39.430000000000724,1532.7002851772008,241526.66927293406,241526.66927293406,9.660876627168793,0.1222807420515398,295.06949556492617,15.687794135908742,455751.61974860216,1.2,2832.2100000005007
39.44000000000072,1532.433988677201,241477.71041221978,241477.71041221978,9.66010646722577,0.12217001342523919,295.06949556492617,15.687794135908742,455755.98609494587,1.2,2830.6800000005005
39.45000000000072,1532.167692177201,241428.75194583388,241428.75194583388,9.65933620530029,0.12205936036854084,295.06949556492617,15.687794135908742,455760.34946136386,1.2,2829.1500000005003
39.46000000000072,1531.901395677201,241379.79387186753,241379.79387186753,9.658565841350619,0.12194878285478646,295.06949556492617,15.687794135908742,455764.7098489077,1.2,2827.6200000005
39.47000000000072,1531.635099177201,241330.83618841146,241330.83618841146,9.657795375335015,0.12183828085719657,295.06949556492617,15.687794135908742,455769.0672586333,1.2,2826.0900000005
39.480000000000715,1531.3688026772006,241281.87889355537,241281.87889355537,9.657024807211707,0.12172785434903241,295.06949556492617,15.687794135908742,455773.42169159494,1.2,2824.5600000004997
39.49000000000071,1531.1025061772007,241232.92198538873,241232.92198538873,9.6562541369389,0.12161750330347004,295.06949556492617,15.687794135908742,455777.77314885054,1.2,2823.0300000004995
39.50000000000071,1530.8362096772007,241183.96546199985,241183.96546199985,9.65548336447478,0.12150722769374402,295.06949556492617,15.687794135908742,455782.1216314553,1.2,2821.5000000004993
39.51000000000071,1530.5699131772008,241135.0093214767,241135.0093214767,9.654712489777504,0.1213970274930757,295.06949556492617,15.687794135908742,455786.46714046533,1.2,2819.970000000499
39.52000000000071,1530.3036166772008,241086.05356190633,241086.05356190633,9.65394151280521,0.12128690267454818,295.06949556492617,15.687794135908742,455790.80967694207,1.2,2818.440000000499
39.530000000000705,1530.0373201772009,241037.0981813749,241037.0981813749,9.653170433516019,0.12117685321142767,295.06949556492617,15.687794135908742,455795.1492419394,1.2,2816.9100000004987
39.5400000000007,1529.7710236772004,240988.14317796842,240988.14317796842,9.652399251868017,0.12106687907677116,295.06949556492617,15.687794135908742,455799.4858365202,1.2,2815.3800000004985
39.5500000000007,1529.5047271772005,240939.1885497718,240939.1885497718,9.651627967819275,0.120956980243783,295.06949556492617,15.687794135908742,455803.819461741,1.2,2813.8500000004983
39.5600000000007,1529.2384306772005,240890.2342948693,240890.2342948693,9.650856581327842,0.12084715668551177,295.06949556492617,15.687794135908742,455808.1501186644,1.2,2812.320000000498
39.5700000000007,1528.9721341772006,240841.28041134437,240841.28041134437,9.650085092351738,0.1207374083751178,295.06949556492617,15.687794135908742,455812.4778083487,1.2,2810.790000000498
39.580000000000695,1528.7058376772006,240792.32689727997,240792.32689727997,9.649313500848967,0.1206277352856062,295.06949556492617,15.687794135908742,455816.8025318587,1.2,2809.2600000004977
39.59000000000069,1528.4395411772002,240743.3737507584,240743.3737507584,9.648541806777503,0.12051813739007576,295.06949556492617,15.687794135908742,455821.1242902549,1.2,2807.7300000004975
39.60000000000069,1528.1732446772003,240694.42096986098,240694.42096986098,9.6477700100953,0.12040861466161204,295.06949556492617,15.687794135908742,455825.4430845988,1.2,2806.2000000004973
39.61000000000069,1527.9069481772003,240645.4685526684,240645.4685526684,9.646998110760297,0.12029916707319942,295.06949556492617,15.687794135908742,455829.7589159557,1.2,2804.670000000497
39.62000000000069,1527.6406516772004,240596.51649726083,240596.51649726083,9.646226108730396,0.1201897945978976,295.06949556492617,15.687794135908742,455834.0717853877,1.2,2803.140000000497
39.630000000000685,1527.3743551772004,240547.56480171756,240547.56480171756,9.645454003963481,0.12008049720870065,295.06949556492617,15.687794135908742,455838.38169396,1.2,2801.6100000004967
39.64000000000068,1527.1080586772005,240498.6134641172,240498.6134641172,9.644681796417423,0.11997127487858963,295.06949556492617,15.687794135908742,455842.68864273786,1.2,2800.0800000004965
39.65000000000068,1526.8417621772,240449.66248253777,240449.66248253777,9.643909486050052,0.11986212758056827,295.06949556492617,15.687794135908742,455846.992632786,1.2,2798.5500000004963
39.66000000000068,1526.5754656772,240400.7118550563,240400.7118550563,9.643137072819192,0.11975305528755685,295.06949556492617,15.687794135908742,455851.29366517195,1.2,2797.020000000496
39.67000000000068,1526.3091691772001,240351.76157974926,240351.76157974926,9.64236455668263,0.11964405797251601,295.06949556492617,15.687794135908742,455855.5917409623,1.2,2795.490000000496
39.680000000000675,1526.0428726772002,240302.81165469263,240302.81165469263,9.641591937598141,0.11953513560842861,295.06949556492617,15.687794135908742,455859.88686122216,1.2,2793.9600000004957
39.69000000000067,1525.7765761772002,240253.86207796147,240253.86207796147,9.640819215523475,0.11942628816810694,295.06949556492617,15.687794135908742,455864.1790270238,1.2,2792.4300000004955
39.70000000000067,1525.5102796772003,240204.91284762995,240204.91284762995,9.640046390416346,0.11931751562452596,295.06949556492617,15.687794135908742,455868.46823943267,1.2,2790.9000000004953
39.71000000000067,1525.2439831771999,240155.96396177195,240155.96396177195,9.639273462234462,0.1192088179505957,295.06949556492617,15.687794135908742,455872.75449951726,1.2,2789.370000000495
39.72000000000067,1524.9776866772,240107.01541846027,240107.01541846027,9.638500430935503,0.1191001951191256,295.06949556492617,15.687794135908742,455877.0378083496,1.2,2787.840000000495
39.730000000000665,1524.7113901772,240058.06721576702,240058.06721576702,9.637727296477118,0.11899164710301789,295.06949556492617,15.687794135908742,455881.3181669982,1.2,2786.3100000004947
39.74000000000066,1524.4450936772,240009.11935176395,240009.11935176395,9.636954058816944,0.11888317387503992,295.06949556492617,15.687794135908742,455885.5955765372,1.2,2784.7800000004945
39.75000000000066,1524.1787971772,239960.17182452168,239960.17182452168,9.63618071791258,0.11877477540812116,295.06949556492617,15.687794135908742,455889.87003803375,1.2,2783.2500000004943
39.76000000000066,1523.9125006771997,239911.22463211048,239911.22463211048,9.635407273721622,0.11866645167498649,295.06949556492617,15.687794135908742,455894.1415525634,1.2,2781.720000000494
39.77000000000066,1523.6462041771997,239862.27777259948,239862.27777259948,9.634633726201628,0.11855820264845336,295.06949556492617,15.687794135908742,455898.4101211983,1.2,2780.190000000494
39.780000000000655,1523.3799076771998,239813.3312440575,239813.3312440575,9.63386007531013,0.11845002830136137,295.06949556492617,15.687794135908742,455902.67574500915,1.2,2778.6600000004937
39.79000000000065,1523.1136111771998,239764.38504455241,239764.38504455241,9.633086321004651,0.118341928606416,295.06949556492617,15.687794135908742,455906.9384250726,1.2,2777.1300000004935
39.80000000000065,1522.8473146771998,239715.43917215144,239715.43917215144,9.632312463242682,0.11823390353641464,295.06949556492617,15.687794135908742,455911.1981624609,1.2,2775.6000000004933
39.81000000000065,1522.5810181772,239666.49362492101,239666.49362492101,9.631538501981689,0.11812595306405566,295.06949556492617,15.687794135908742,455915.454958251,1.2,2774.070000000493
39.82000000000065,1522.3147216771995,239617.54840092701,239617.54840092701,9.63076443717912,0.11801807716207725,295.06949556492617,15.687794135908742,455919.70881351776,1.2,2772.540000000493
39.830000000000645,1522.0484251771995,239568.60349823447,239568.60349823447,9.629990268792396,0.11791027580323991,295.06949556492617,15.687794135908742,455923.9597293353,1.2,2771.0100000004927
39.84000000000064,1521.7821286771996,239519.65891490775,239519.65891490775,9.62921599677891,0.11780254896017063,295.06949556492617,15.687794135908742,455928.2077067832,1.2,2769.4800000004925
39.85000000000064,1521.5158321771996,239470.71464901042,239470.71464901042,9.62844162109605,0.11769489660555371,295.06949556492617,15.687794135908742,455932.4527469383,1.2,2767.9500000004923
39.86000000000064,1521.2495356771997,239421.77069860545,239421.77069860545,9.627667141701155,0.11758731871211278,295.06949556492617,15.687794135908742,455936.6948508763,1.2,2766.420000000492
39.87000000000064,1520.9832391771997,239372.82706175494,239372.82706175494,9.62689255855156,0.11747981525245607,295.06949556492617,15.687794135908742,455940.9340196773,1.2,2764.890000000492
39.880000000000635,1520.7169426771993,239323.8837365204,239323.8837365204,9.626117871604572,0.11737238619919685,295.06949556492617,15.687794135908742,455945.1702544215,1.2,2763.3600000004917
39.89000000000063,1520.4506461771994,239274.94072096256,239274.94072096256,9.625343080817467,0.11726503152500528,295.06949556492617,15.687794135908742,455949.4035561862,1.2,2761.8300000004915
39.90000000000063,1520.1843496771994,239225.99801314154,239225.99801314154,9.624568186147508,0.117157751202505,295.06949556492617,15.687794135908742,455953.6339260512,1.2,2760.3000000004913
39.91000000000063,1519.9180531771995,239177.05561111664,239177.05561111664,9.623793187551925,0.1170505452042388,295.06949556492617,15.687794135908742,455957.8613650992,1.2,2758.770000000491
39.92000000000063,1519.6517566771995,239128.11351294612,239128.11351294612,9.623018084987933,0.11694341350282357,295.06949556492617,15.687794135908742,455962.0858744098,1.2,2757.240000000491
39.930000000000625,1519.385460177199,239079.17171668826,239079.17171668826,9.622242878412724,0.11683635607079548,295.06949556492617,15.687794135908742,455966.3074550661,1.2,2755.7100000004907
39.94000000000062,1519.1191636771991,239030.23022039994,239030.23022039994,9.621467567783453,0.11672937288078175,295.06949556492617,15.687794135908742,455970.5261081476,1.2,2754.1800000004905
39.95000000000062,1518.856553436237,238981.3622267566,238981.3622267566,9.620692763113471,0.11662246390522624,295.06949556492617,15.687794135908742,455974.7418347407,1.2,2752.6500000004903
39.96000000000062,1518.6106582411994,238932.82641551617,238932.82641551617,9.619920620034835,0.11651562911671524,295.06949556492617,15.687794135908742,455978.9546359266,1.2,2751.12000000049
39.97000000000062,1518.3647739575304,238884.29102331074,238884.29102331074,9.619148373698534,0.11640886848773738,295.06949556492617,15.687794135908742,455983.1645127901,1.2,2749.59000000049
39.980000000000615,1518.1189005786682,238835.75604797772,238835.75604797772,9.61837602406018,0.11630218199080403,295.06949556492617,15.687794135908742,455987.37146641494,1.2,2748.0600000004897
39.99000000000061,1517.8730380980583,238787.22148735446,238787.22148735446,9.617603571075344,0.11619556959836333,295.06949556492617,15.687794135908742,455991.5754978879,1.2,2746.5300000004895
40.00000000000061,1517.627186509154,238738.68733927753,238738.68733927753,9.61683101469959,0.116089031282886,295.06949556492617,15.687794135908742,455995.77660829434,1.2,2745.0000000004893
40.01000000000061,1517.381345805416,238690.15360158333,238690.15360158333,9.61605835488846,0.11598256701684806,295.06949556492617,15.687794135908742,455999.97479871963,1.2,2743.470000000489
40.02000000000061,1517.1355159803124,238641.6202721075,238641.6202721075,9.615285591597464,0.11587617677274774,295.06949556492617,15.687794135908742,456004.1700702483,1.2,2741.940000000489
40.030000000000605,1516.8896970273186,238593.08734868566,238593.08734868566,9.6145127247821,0.1157698605229015,295.06949556492617,15.687794135908742,456008.36242397194,1.2,2740.4100000004887
40.0400000000006,1516.6438889399178,238544.55482915268,238544.55482915268,9.61373975439785,0.11566361823980141,295.06949556492617,15.687794135908742,456012.55186097533,1.2,2738.8800000004885
40.0500000000006,1516.3980917115996,238496.02271134313,238496.02271134313,9.612966680400152,0.11555744989579185,295.06949556492617,15.687794135908742,456016.7383823489,1.2,2737.3500000004883
40.0600000000006,1516.1523053358628,238447.4909930912,238447.4909930912,9.61219350274445,0.11545135546330765,295.06949556492617,15.687794135908742,456020.9219891798,1.2,2735.820000000488
40.0700000000006,1515.906529806211,238398.9596722305,238398.9596722305,9.611420221386144,0.11534533491472106,295.06949556492617,15.687794135908742,456025.10268255725,1.2,2734.290000000488
40.080000000000595,1515.660765116158,238350.42874659435,238350.42874659435,9.610646836280628,0.11523938822234205,295.06949556492617,15.687794135908742,456029.2804635732,1.2,2732.7600000004877
40.09000000000059,1515.4150112592224,238301.89821401556,238301.89821401556,9.609873347383271,0.11513351535855379,295.06949556492617,15.687794135908742,456033.4553333168,1.2,2731.2300000004875
40.10000000000059,1515.1692682289317,238253.36807232638,238253.36807232638,9.609099754649408,0.11502771629566057,295.06949556492617,15.687794135908742,456037.62729288015,1.2,2729.7000000004873
40.11000000000059,1514.92353601882,238204.83831935903,238204.83831935903,9.608326058034374,0.11492199100600564,295.06949556492617,15.687794135908742,456041.7963433536,1.2,2728.170000000487
40.12000000000059,1514.6778146224287,238156.30895294485,238156.30895294485,9.607552257493467,0.11481633946188727,295.06949556492617,15.687794135908742,456045.9624858298,1.2,2726.640000000487
40.130000000000585,1514.432104033307,238107.77997091485,238107.77997091485,9.606778352981964,0.11471076163557548,295.06949556492617,15.687794135908742,456050.1257214021,1.2,2725.1100000004867
40.14000000000058,1514.186404245011,238059.25137109982,238059.25137109982,9.606004344455132,0.11460525749937964,295.06949556492617,15.687794135908742,456054.2860511624,1.2,2723.5800000004865
40.15000000000058,1513.940715251104,238010.72315132985,238010.72315132985,9.605230231868196,0.11449982702551341,295.06949556492617,15.687794135908742,456058.44347620645,1.2,2722.0500000004863
40.16000000000058,1513.6950370451564,237962.19530943464,237962.19530943464,9.60445601517638,0.11439447018629716,295.06949556492617,15.687794135908742,456062.5979976257,1.2,2720.520000000486
40.17000000000058,1513.4493696207464,237913.6678432437,237913.6678432437,9.603681694334881,0.11428918695392222,295.06949556492617,15.687794135908742,456066.74961651675,1.2,2718.990000000486
40.180000000000575,1513.2037129714586,237865.14075058562,237865.14075058562,9.60290726929886,0.1141839773006025,295.06949556492617,15.687794135908742,456070.8983339753,1.2,2717.4600000004857
40.19000000000057,1512.9580670908858,237816.61402928908,237816.61402928908,9.60213274002348,0.11407884119857409,295.06949556492617,15.687794135908742,456075.0441510959,1.2,2715.9300000004855
40.20000000000057,1512.7124319726267,237768.08767718184,237768.08767718184,9.601358106463863,0.11397377862001173,295.06949556492617,15.687794135908742,456079.1870689763,1.2,2714.4000000004853
40.21000000000057,1512.466807610288,237719.5616920915,237719.5616920915,9.600583368575116,0.11386878953711271,295.06949556492617,15.687794135908742,456083.3270887124,1.2,2712.870000000485
40.22000000000057,1512.221193997484,237671.03607184518,237671.03607184518,9.599808526312327,0.11376387392204615,295.06949556492617,15.687794135908742,456087.4642114018,1.2,2711.340000000485
40.230000000000565,1511.9755911278353,237622.51081426948,237622.51081426948,9.599033579630554,0.11365903174697052,295.06949556492617,15.687794135908742,456091.5984381425,1.2,2709.8100000004847
40.24000000000056,1511.7299989949697,237573.98591719067,237573.98591719067,9.598258528484843,0.11355426298401625,295.06949556492617,15.687794135908742,456095.72977003315,1.2,2708.2800000004845
40.25000000000056,1511.4844175925223,237525.46137843432,237525.46137843432,9.597483372830219,0.11344956760535281,295.06949556492617,15.687794135908742,456099.85820817144,1.2,2706.7500000004843
40.26000000000056,1511.2388469141356,237476.9371958258,237476.9371958258,9.59670811262167,0.11334494558305568,295.06949556492617,15.687794135908742,456103.9837536585,1.2,2705.220000000484
40.27000000000056,1510.9932869534587,237428.4133671899,237428.4133671899,9.595932747814174,0.1132403968892224,295.06949556492617,15.687794135908742,456108.10640759463,1.2,2703.690000000484
40.280000000000555,1510.7477377041478,237379.88989035095,237379.88989035095,9.595157278362693,0.11313592149598972,295.06949556492617,15.687794135908742,456112.2261710783,1.2,2702.1600000004837
40.29000000000055,1510.502199159867,237331.36676313306,237331.36676313306,9.594381704222151,0.1130315193753504,295.06949556492617,15.687794135908742,456116.3430452143,1.2,2700.6300000004835
40.30000000000055,1510.256671314286,237282.8439833595,237282.8439833595,9.593606025347464,0.1129271904994526,295.06949556492617,15.687794135908742,456120.45703110064,1.2,2699.1000000004833
40.31000000000055,1510.0111541610831,237234.32154885333,237234.32154885333,9.592830241693514,0.11282293484035051,295.06949556492617,15.687794135908742,456124.5681298393,1.2,2697.570000000483
40.32000000000055,1509.7656476939424,237185.79945743716,237185.79945743716,9.592054353215174,0.11271875237003776,295.06949556492617,15.687794135908742,456128.6763425348,1.2,2696.040000000483
40.330000000000545,1509.5201519065558,237137.27770693297,237137.27770693297,9.591278359867289,0.11261464306056365,295.06949556492617,15.687794135908742,456132.7816702892,1.2,2694.5100000004827
40.34000000000054,1509.2746667926212,237088.75629516254,237088.75629516254,9.590502261604673,0.11251060688393352,295.06949556492617,15.687794135908742,456136.8841142065,1.2,2692.9800000004825
40.35000000000054,1509.0291923458453,237040.23521994692,237040.23521994692,9.589726058382132,0.11240664381214219,295.06949556492617,15.687794135908742,456140.98367539095,1.2,2691.4500000004823
40.36000000000054,1508.7837285599394,236991.71447910686,236991.71447910686,9.58894975015445,0.11230275381718996,295.06949556492617,15.687794135908742,456145.0803549466,1.2,2689.920000000482
40.37000000000054,1508.5382754286238,236943.19407046257,236943.19407046257,9.588173336876372,0.11219893687105047,295.06949556492617,15.687794135908742,456149.1741539788,1.2,2688.390000000482
40.380000000000535,1508.292832945625,236894.67399183408,236894.67399183408,9.587396818502642,0.11209519294566984,295.06949556492617,15.687794135908742,456153.26507359376,1.2,2686.8600000004817
40.39000000000053,1508.0474011046763,236846.15424104035,236846.15424104035,9.586620194987965,0.11199152201301682,295.06949556492617,15.687794135908742,456157.3531148966,1.2,2685.3300000004815
40.40000000000053,1507.8019798995174,236797.6348159005,236797.6348159005,9.585843466287033,0.11188792404500005,295.06949556492617,15.687794135908742,456161.43827899534,1.2,2683.8000000004813
40.41000000000053,1507.5565693238964,236749.11571423282,236749.11571423282,9.585066632354522,0.11178439901358357,295.06949556492617,15.687794135908742,456165.5205669953,1.2,2682.270000000481
40.42000000000053,1507.3111693715668,236700.59693385524,236700.59693385524,9.584289693145063,0.11168094689067136,295.06949556492617,15.687794135908742,456169.5999800045,1.2,2680.740000000481
40.430000000000526,1507.06578003629,236652.0784725853,236652.0784725853,9.583512648613292,0.11157756764812446,295.06949556492617,15.687794135908742,456173.67651913245,1.2,2679.2100000004807
40.44000000000052,1506.8204013118338,236603.5603282399,236603.5603282399,9.582735498713806,0.11147426125785889,295.06949556492617,15.687794135908742,456177.7501854867,1.2,2677.6800000004805
40.45000000000052,1506.575033191973,236555.0424986356,236555.0424986356,9.58195824340118,0.11137102769176373,295.06949556492617,15.687794135908742,456181.82098017563,1.2,2676.1500000004803
40.46000000000052,1506.329675670489,236506.52498158853,236506.52498158853,9.581180882629981,0.11126786692168512,295.06949556492617,15.687794135908742,456185.88890430954,1.2,2674.62000000048
40.47000000000052,1506.0843287411708,236458.00777491412,236458.00777491412,9.580403416354732,0.11116477891940983,295.06949556492617,15.687794135908742,456189.95395900076,1.2,2673.09000000048
40.480000000000516,1505.838992397813,236409.4908764276,236409.4908764276,9.579625844529952,0.111061763656894,295.06949556492617,15.687794135908742,456194.01614535536,1.2,2671.5600000004797
40.490000000000514,1505.5936666342177,236360.9742839436,236360.9742839436,9.57884816711013,0.11095882110587098,295.06949556492617,15.687794135908742,456198.07546448807,1.2,2670.0300000004795
40.50000000000051,1505.3483514441941,236312.45799527623,236312.45799527623,9.578070384049735,0.11085595123817846,295.06949556492617,15.687794135908742,456202.131917509,1.2,2668.5000000004793
40.51000000000051,1505.103046821558,236263.94200823925,236263.94200823925,9.577292495303208,0.11075315402559473,295.06949556492617,15.687794135908742,456206.1855055314,1.2,2666.970000000479
40.52000000000051,1504.8577527601315,236215.42632064578,236215.42632064578,9.576514500824977,0.11065042943995301,295.06949556492617,15.687794135908742,456210.2362296657,1.2,2665.440000000479
40.530000000000506,1504.6124692537442,236166.9109303088,236166.9109303088,9.57573640056944,0.11054777745301134,295.06949556492617,15.687794135908742,456214.2840910257,1.2,2663.9100000004787
40.540000000000504,1504.3671962962317,236118.3958350402,236118.3958350402,9.574958194490977,0.11044519803650125,295.06949556492617,15.687794135908742,456218.3290907261,1.2,2662.3800000004785
40.5500000000005,1504.1219338814371,236069.88103265213,236069.88103265213,9.574179882543941,0.11034269116217688,295.06949556492617,15.687794135908742,456222.3712298807,1.2,2660.8500000004783
40.5600000000005,1503.8766820032092,236021.36652095563,236021.36652095563,9.573401464682664,0.1102402568018144,295.06949556492617,15.687794135908742,456226.4105096025,1.2,2659.320000000478
40.5700000000005,1503.6314406554047,235972.8522977616,235972.8522977616,9.572622940861466,0.11013789492714765,295.06949556492617,15.687794135908742,456230.446931006,1.2,2657.790000000478
40.580000000000496,1503.3862098318864,235924.33836088039,235924.33836088039,9.571844311034624,0.11003560550981939,295.06949556492617,15.687794135908742,456234.48049520946,1.2,2656.2600000004777
40.590000000000494,1503.1409895265238,235875.82470812192,235875.82470812192,9.571065575156409,0.10993338852157578,295.06949556492617,15.687794135908742,456238.51120332704,1.2,2654.7300000004775
40.60000000000049,1502.8957797331927,235827.31133729542,235827.31133729542,9.570286733181069,0.10983124393410434,295.06949556492617,15.687794135908742,456242.5390564751,1.2,2653.2000000004773
40.61000000000049,1502.6505804457765,235778.79824621003,235778.79824621003,9.569507785062813,0.10972917171905047,295.06949556492617,15.687794135908742,456246.56405577174,1.2,2651.670000000477
40.62000000000049,1502.4053916581643,235730.28543267393,235730.28543267393,9.568728730755854,0.10962717184814641,295.06949556492617,15.687794135908742,456250.5862023319,1.2,2650.140000000477
40.630000000000486,1502.1602133642532,235681.7728944952,235681.7728944952,9.567949570214354,0.10952524429296928,295.06949556492617,15.687794135908742,456254.60549727594,1.2,2648.6100000004767
40.640000000000484,1501.9150455579447,235633.26062948114,235633.26062948114,9.567170303392475,0.1094233890252476,295.06949556492617,15.687794135908742,456258.6219417191,1.2,2647.0800000004765
40.65000000000048,1501.6698882331493,235584.74863543874,235584.74863543874,9.566390930244346,0.10932160601653892,295.06949556492617,15.687794135908742,456262.6355367827,1.2,2645.5500000004763
40.66000000000048,1501.424741383783,235536.23691017457,235536.23691017457,9.56561145072407,0.10921989523845554,295.06949556492617,15.687794135908742,456266.64628358616,1.2,2644.020000000476
40.67000000000048,1501.1796050037678,235487.72545149454,235487.72545149454,9.564831864785738,0.10911825666264795,295.06949556492617,15.687794135908742,456270.65418324753,1.2,2642.490000000476
40.680000000000476,1500.9344790870332,235439.21425720403,235439.21425720403,9.56405217238341,0.10901669026069286,295.06949556492617,15.687794135908742,456274.65923688747,1.2,2640.9600000004757
40.690000000000474,1500.6893636275154,235390.70332510807,235390.70332510807,9.563272373471124,0.1089151960041891,295.06949556492617,15.687794135908742,456278.66144562606,1.2,2639.4300000004755
40.70000000000047,1500.4442586191562,235342.19265301124,235342.19265301124,9.562492468002903,0.10881377386466194,295.06949556492617,15.687794135908742,456282.660810586,1.2,2637.9000000004753
40.71000000000047,1500.1991640559045,235293.68223871765,235293.68223871765,9.561712455932735,0.10871242381369096,295.06949556492617,15.687794135908742,456286.65733288805,1.2,2636.370000000475
40.72000000000047,1499.9540799317165,235245.1720800305,235245.1720800305,9.560932337214592,0.10861114582283009,295.06949556492617,15.687794135908742,456290.65101365384,1.2,2634.840000000475
40.730000000000466,1499.7090062405532,235196.66217475306,235196.66217475306,9.560152111802429,0.10850993986362359,295.06949556492617,15.687794135908742,456294.64185400575,1.2,2633.3100000004747
40.740000000000464,1499.4639429763838,235148.15252068778,235148.15252068778,9.559371779650165,0.10840880590759013,295.06949556492617,15.687794135908742,456298.6298550665,1.2,2631.7800000004745
40.75000000000046,1499.2188901331833,235099.64311563663,235099.64311563663,9.558591340711706,0.1083077439262072,295.06949556492617,15.687794135908742,456302.61501796095,1.2,2630.2500000004743
40.76000000000046,1498.9738477049327,235051.13395740118,235051.13395740118,9.557810794940933,0.10820675389100616,295.06949556492617,15.687794135908742,456306.59734381165,1.2,2628.720000000474
40.77000000000046,1498.7288156856202,235002.6250437825,235002.6250437825,9.5570301422917,0.1081058357734614,295.06949556492617,15.687794135908742,456310.5768337438,1.2,2627.190000000474
40.780000000000456,1498.48379406924,234954.11637258102,234954.11637258102,9.556249382717848,0.10800498954505362,295.06949556492617,15.687794135908742,456314.55348888156,1.2,2625.6600000004737
40.790000000000454,1498.2387828497936,234905.60794159694,234905.60794159694,9.55546851617318,0.10790421517728573,295.06949556492617,15.687794135908742,456318.5273103489,1.2,2624.1300000004735
40.80000000000045,1497.993782021288,234857.0997486296,234857.0997486296,9.554687542611493,0.10780351264157188,295.06949556492617,15.687794135908742,456322.49829927285,1.2,2622.6000000004733
40.81000000000045,1497.748791577737,234808.5917914781,234808.5917914781,9.553906461986548,0.10770288190934883,295.06949556492617,15.687794135908742,456326.4664567799,1.2,2621.070000000473
40.82000000000045,1497.5038115131601,234760.08406794106,234760.08406794106,9.55312527425209,0.1076023229520596,295.06949556492617,15.687794135908742,456330.43178399606,1.2,2619.540000000473
40.830000000000446,1497.2588418215855,234711.57657581635,234711.57657581635,9.552343979361835,0.10750183574107468,295.06949556492617,15.687794135908742,456334.39428205026,1.2,2618.0100000004727
40.840000000000444,1497.0138824970445,234663.06931290159,234663.06931290159,9.551562577269488,0.10740142024789749,295.06949556492617,15.687794135908742,456338.35395206645,1.2,2616.4800000004725
40.85000000000044,1496.7689335335772,234614.56227699373,234614.56227699373,9.550781067928712,0.10730107644389573,295.06949556492617,15.687794135908742,456342.31079517317,1.2,2614.9500000004723
40.86000000000044,1496.52399492523,234566.05546588928,234566.05546588928,9.54999945129317,0.10720080430042783,295.06949556492617,15.687794135908742,456346.26481250033,1.2,2613.420000000472
40.87000000000044,1496.279066666054,234517.5488773843,234517.5488773843,9.549217727316478,0.10710060378885901,295.06949556492617,15.687794135908742,456350.21600517683,1.2,2611.890000000472
40.880000000000436,1496.0341487501078,234469.04250927424,234469.04250927424,9.548435895952245,0.10700047488060807,295.06949556492617,15.687794135908742,456354.1643743297,1.2,2610.3600000004717
40.890000000000434,1495.789241171457,234420.53635935404,234420.53635935404,9.54765395715406,0.10690041754694317,295.06949556492617,15.687794135908742,456358.1099210921,1.2,2608.8300000004715
40.90000000000043,1495.5443439241722,234372.0304254182,234372.0304254182,9.54687191087547,0.1068004317592491,295.06949556492617,15.687794135908742,456362.0526465924,1.2,2607.3000000004713
40.91000000000043,1495.299457002331,234323.52470526067,234323.52470526067,9.546089757070012,0.10670051748887015,295.06949556492617,15.687794135908742,456365.9925519603,1.2,2605.770000000471
40.92000000000043,1495.0545804000171,234275.019196675,234275.019196675,9.545307495691208,0.10660067470712556,295.06949556492617,15.687794135908742,456369.92963832687,1.2,2604.240000000471
40.930000000000426,1494.8097141113203,234226.51389745393,234226.51389745393,9.544525126692537,0.10650090338527894,295.06949556492617,15.687794135908742,456373.8639068255,1.2,2602.7100000004707
40.940000000000424,1494.5648581303376,234178.00880539,234178.00880539,9.54374265002747,0.10640120349467842,295.06949556492617,15.687794135908742,456377.7953585858,1.2,2601.1800000004705
40.95000000000042,1494.3200124511714,234129.50391827506,234129.50391827506,9.542960065649446,0.10630157500658517,295.06949556492617,15.687794135908742,456381.7239947411,1.2,2599.6500000004703
40.96000000000042,1494.0751770679308,234080.9992339006,234080.9992339006,9.542177373511885,0.10620201789226694,295.06949556492617,15.687794135908742,456385.64981642435,1.2,2598.12000000047
40.97000000000042,1493.8303519747305,234032.4947500574,234032.4947500574,9.541394573568185,0.10610253212299811,295.06949556492617,15.687794135908742,456389.5728247683,1.2,2596.59000000047
40.980000000000416,1493.5855371656921,233983.99046453583,233983.99046453583,9.540611665771719,0.10600311767004426,295.06949556492617,15.687794135908742,456393.493020906,1.2,2595.0600000004697
40.990000000000414,1493.3407326349438,233935.48637512582,233935.48637512582,9.539828650075828,0.10590377450459962,295.06949556492617,15.687794135908742,456397.41040597344,1.2,2593.5300000004695
41.00000000000041,1493.0959383766185,233886.98247961665,233886.98247961665,9.539045526433853,0.10580450259794318,295.06949556492617,15.687794135908742,456401.32498110307,1.2,2592.0000000004693
41.01000000000041,1492.8511543848567,233838.478775797,233838.478775797,9.538262294799084,0.10570530192129807,295.06949556492617,15.687794135908742,456405.2367474298,1.2,2590.470000000469
41.02000000000041,1492.606380653805,233789.97526145526,233789.97526145526,9.537478955124811,0.10560617244581677,295.06949556492617,15.687794135908742,456409.14570609084,1.2,2588.940000000469
41.030000000000406,1492.3616171776157,233741.47193437922,233741.47193437922,9.536695507364279,0.10550711414273622,295.06949556492617,15.687794135908742,456413.0518582207,1.2,2587.4100000004687
41.040000000000404,1492.1168639504472,233692.96879235603,233692.96879235603,9.535911951470727,0.10540812698323773,295.06949556492617,15.687794135908742,456416.95520495577,1.2,2585.8800000004685
41.0500000000004,1491.8721209664645,233644.46583317252,233644.46583317252,9.535128287397365,0.10530921093850971,295.06949556492617,15.687794135908742,456420.8557474321,1.2,2584.3500000004683
41.0600000000004,1491.6273882198384,233595.96305461467,233595.96305461467,9.534344515097374,0.1052103659797007,295.06949556492617,15.687794135908742,456424.7534867872,1.2,2582.820000000468
41.0700000000004,1491.3826657047462,233547.4604544683,233547.4604544683,9.533560634523917,0.10511159207796612,295.06949556492617,15.687794135908742,456428.6484241588,1.2,2581.290000000468
41.080000000000396,1491.1379534153707,233498.95803051858,233498.95803051858,9.532776645630143,0.10501288920446829,295.06949556492617,15.687794135908742,456432.54056068405,1.2,2579.7600000004677
41.090000000000394,1490.8932513459022,233450.45578055,233450.45578055,9.53199254836915,0.10491425733034533,295.06949556492617,15.687794135908742,456436.4298975008,1.2,2578.2300000004675
41.10000000000039,1490.6485594905353,233401.95370234674,233401.95370234674,9.531208342694047,0.10481569642669586,295.06949556492617,15.687794135908742,456440.31643574877,1.2,2576.7000000004673
41.11000000000039,1490.403877843472,233353.4517936924,233353.4517936924,9.530424028557889,0.10471720646462572,295.06949556492617,15.687794135908742,456444.20017656765,1.2,2575.170000000467
41.12000000000039,1490.1592063989197,233304.95005236976,233304.95005236976,9.529639605913728,0.10461878741523196,295.06949556492617,15.687794135908742,456448.0811210968,1.2,2573.640000000467
41.130000000000386,1489.9145451510926,233256.4484761616,233256.4484761616,9.528855074714583,0.10452043924966477,295.06949556492617,15.687794135908742,456451.9592704741,1.2,2572.1100000004667
41.140000000000384,1489.6698940942101,233207.94706284974,233207.94706284974,9.52807043491345,0.10442216193895808,295.06949556492617,15.687794135908742,456455.8346258416,1.2,2570.5800000004665
41.15000000000038,1489.4252532224982,233159.4458102157,233159.4458102157,9.527285686463303,0.10432395545419895,295.06949556492617,15.687794135908742,456459.7071883394,1.2,2569.0500000004663
41.16000000000038,1489.1806225301889,233110.9447160402,233110.9447160402,9.526500829317099,0.10422581976645075,295.06949556492617,15.687794135908742,456463.5769591087,1.2,2567.520000000466
41.17000000000038,1488.9360020115196,233062.44377810374,233062.44377810374,9.525715863427754,0.10412775484672229,295.06949556492617,15.687794135908742,456467.44393929257,1.2,2565.990000000466
41.180000000000376,1488.6913916607355,233013.94299418625,233013.94299418625,9.52493078874818,0.10402976066609083,295.06949556492617,15.687794135908742,456471.3081300316,1.2,2564.4600000004657
41.190000000000374,1488.4467914720858,232965.44236206682,232965.44236206682,9.524145605231249,0.10393183719556401,295.06949556492617,15.687794135908742,456475.169532469,1.2,2562.9300000004655
41.20000000000037,1488.2022014398262,232916.94187952427,232916.94187952427,9.52336031282982,0.1038339844061869,295.06949556492617,15.687794135908742,456479.0281477467,1.2,2561.4000000004653
41.21000000000037,1487.9576215582197,232868.4415443369,232868.4415443369,9.522574911496726,0.10373620226898113,295.06949556492617,15.687794135908742,456482.88397700706,1.2,2559.870000000465
41.22000000000037,1487.7130518215336,232819.94135428235,232819.94135428235,9.52178940118477,0.10363849075489893,295.06949556492617,15.687794135908742,456486.7370213959,1.2,2558.340000000465
41.230000000000366,1487.4684922240422,232771.44130713772,232771.44130713772,9.52100378184674,0.1035408498349606,295.06949556492617,15.687794135908742,456490.58728205564,1.2,2556.8100000004647
41.240000000000364,1487.2239427600248,232722.9414006797,232722.9414006797,9.5202180534354,0.1034432794801023,295.06949556492617,15.687794135908742,456494.43476013275,1.2,2555.2800000004645
41.25000000000036,1486.979403423768,232674.4416326843,232674.4416326843,9.519432215903478,0.10334577966135815,295.06949556492617,15.687794135908742,456498.27945676894,1.2,2553.7500000004643
41.26000000000036,1486.7348742095637,232625.942000927,232625.942000927,9.518646269203693,0.10324835034964797,295.06949556492617,15.687794135908742,456502.12137311127,1.2,2552.220000000464
41.27000000000036,1486.490355111709,232577.44250318283,232577.44250318283,9.51786021328873,0.10315099151592892,295.06949556492617,15.687794135908742,456505.960510305,1.2,2550.690000000464
41.280000000000356,1486.2458461245083,232528.94313722622,232528.94313722622,9.517074048111253,0.10305370313110461,295.06949556492617,15.687794135908742,456509.7968694973,1.2,2549.1600000004637
41.290000000000354,1486.001347242271,232480.44390083104,232480.44390083104,9.51628777362391,0.1029564851661615,295.06949556492617,15.687794135908742,456513.63045183226,1.2,2547.6300000004635
41.30000000000035,1485.7568584593123,232431.94479177077,232431.94479177077,9.515501389779311,0.10285933759197202,295.06949556492617,15.687794135908742,456517.4612584586,1.2,2546.1000000004633
41.31000000000035,1485.512379769954,232383.445807818,232383.445807818,9.514714896530052,0.10276226037944612,295.06949556492617,15.687794135908742,456521.2892905232,1.2,2544.570000000463
41.32000000000035,1485.267911168523,232334.94694674513,232334.94694674513,9.513928293828704,0.10266525349950056,295.06949556492617,15.687794135908742,456525.1145491734,1.2,2543.040000000463
41.33000000000035,1485.0234526493527,232286.44820632375,232286.44820632375,9.513141581627805,0.10256831692301434,295.06949556492617,15.687794135908742,456528.9370355568,1.2,2541.5100000004627
41.340000000000344,1484.7790042067822,232237.9495843252,232237.9495843252,9.512354759879887,0.1024714506208282,295.06949556492617,15.687794135908742,456532.7567508239,1.2,2539.9800000004625
41.35000000000034,1484.5345658351562,232189.45107851995,232189.45107851995,9.511567828537435,0.1023746545639104,295.06949556492617,15.687794135908742,456536.573696119,1.2,2538.4500000004623
41.36000000000034,1484.2901375288252,232140.95268667804,232140.95268667804,9.51078078755293,0.10227792872301085,295.06949556492617,15.687794135908742,456540.38787259586,1.2,2536.920000000462
41.37000000000034,1484.0457192821468,232092.45440656898,232092.45440656898,9.509993636878823,0.10218127306905192,295.06949556492617,15.687794135908742,456544.1992814009,1.2,2535.390000000462
41.38000000000034,1483.8013110894822,232043.95623596187,232043.95623596187,9.509206376467533,0.10208468757282806,295.06949556492617,15.687794135908742,456548.00792368583,1.2,2533.8600000004617
41.390000000000335,1483.5569129452,231995.45817262493,231995.45817262493,9.508419006271462,0.101988172205171,295.06949556492617,15.687794135908742,456551.81380060094,1.2,2532.3300000004615
41.40000000000033,1483.312524843674,231946.96021432607,231946.96021432607,9.507631526242987,0.10189172693691959,295.06949556492617,15.687794135908742,456555.61691329605,1.2,2530.8000000004613
41.41000000000033,1483.0681467792847,231898.46235883277,231898.46235883277,9.506843936334462,0.10179535173887495,295.06949556492617,15.687794135908742,456559.41726292256,1.2,2529.270000000461
41.42000000000033,1482.8237787464168,231849.96460391147,231849.96460391147,9.506056236498216,0.10169904658184566,295.06949556492617,15.687794135908742,456563.2148506315,1.2,2527.740000000461
41.43000000000033,1482.579420739462,231801.46694732844,231801.46694732844,9.505268426686548,0.10160281143660238,295.06949556492617,15.687794135908742,456567.00967757544,1.2,2526.2100000004607
41.440000000000325,1482.3350727528173,231752.96938684938,231752.96938684938,9.504480506851742,0.10150664627393834,295.06949556492617,15.687794135908742,456570.8017449063,1.2,2524.6800000004605
41.45000000000032,1482.0907347808857,231704.47192023945,231704.47192023945,9.503692476946059,0.1014105510646389,295.06949556492617,15.687794135908742,456574.5910537759,1.2,2523.1500000004603
41.46000000000032,1481.8464068180751,231655.97454526287,231655.97454526287,9.502904336921716,0.10131452577943717,295.06949556492617,15.687794135908742,456578.3776053385,1.2,2521.62000000046
41.47000000000032,1481.602088858801,231607.47725968395,231607.47725968395,9.502116086730934,0.10121857038908848,295.06949556492617,15.687794135908742,456582.16140074714,1.2,2520.09000000046
41.48000000000032,1481.3577808974828,231558.98006126567,231558.98006126567,9.501327726325892,0.10112268486432581,295.06949556492617,15.687794135908742,456585.9424411559,1.2,2518.5600000004597
41.490000000000315,1481.113482928546,231510.48294777118,231510.48294777118,9.500539255658742,0.1010268691759488,295.06949556492617,15.687794135908742,456589.7207277165,1.2,2517.0300000004595
41.50000000000031,1480.8691949464228,231461.9859169625,231461.9859169625,9.49975067468163,0.10093112329460113,295.06949556492617,15.687794135908742,456593.4962615861,1.2,2515.5000000004593
41.51000000000031,1480.6249169455496,231413.4889666016,231413.4889666016,9.498961983346653,0.1008354471910228,295.06949556492617,15.687794135908742,456597.2690439188,1.2,2513.970000000459
41.52000000000031,1480.3806489203694,231364.99209444947,231364.99209444947,9.498173181605903,0.10073984083591701,295.06949556492617,15.687794135908742,456601.03907586983,1.2,2512.440000000459
41.53000000000031,1480.1363908653307,231316.4952982666,231316.4952982666,9.497384269411446,0.10064430420000878,295.06949556492617,15.687794135908742,456604.8063585935,1.2,2510.9100000004587
41.540000000000305,1479.8921427748883,231267.9985758132,231267.9985758132,9.496595246715309,0.10054883725394193,295.06949556492617,15.687794135908742,456608.5708932475,1.2,2509.3800000004585
41.5500000000003,1479.647904643501,231219.50192484853,231219.50192484853,9.495806113469511,0.10045343996839735,295.06949556492617,15.687794135908742,456612.3326809879,1.2,2507.8500000004583
41.5600000000003,1479.4036764656348,231171.0053431316,231171.0053431316,9.495016869626038,0.10035811231407803,295.06949556492617,15.687794135908742,456616.09172297013,1.2,2506.320000000458
41.5700000000003,1479.1594582357607,231122.50882842063,231122.50882842063,9.494227515136853,0.1002628542616206,295.06949556492617,15.687794135908742,456619.8480203517,1.2,2504.790000000458
41.5800000000003,1478.9152499483557,231074.01237847336,231074.01237847336,9.493438049953895,0.10016766578163971,295.06949556492617,15.687794135908742,456623.60157429177,1.2,2503.2600000004577
41.590000000000295,1478.6710515979016,231025.51599104694,231025.51599104694,9.492648474029075,0.10007254684483129,295.06949556492617,15.687794135908742,456627.3523859457,1.2,2501.7300000004575
41.60000000000029,1478.4268631788868,230977.01966389798,230977.01966389798,9.491858787314285,0.0999774974218101,295.06949556492617,15.687794135908742,456631.1004564721,1.2,2500.2000000004573
41.61000000000029,1478.1826846858048,230928.52339478256,230928.52339478256,9.491068989761395,0.09988251748318389,295.06949556492617,15.687794135908742,456634.8457870301,1.2,2498.670000000457
41.62000000000029,1477.9385161131545,230880.0271814561,230880.0271814561,9.490279081322237,0.09978760699956803,295.06949556492617,15.687794135908742,456638.58837877854,1.2,2497.140000000457
41.63000000000029,1477.6943574554407,230831.53102167347,230831.53102167347,9.489489061948635,0.09969276594157059,295.06949556492617,15.687794135908742,456642.32823287655,1.2,2495.6100000004567
41.640000000000285,1477.4502087071733,230783.03491318884,230783.03491318884,9.488698931592376,0.09959799427977785,295.06949556492617,15.687794135908742,456646.0653504834,1.2,2494.0800000004565
41.65000000000028,1477.2060698628688,230734.53885375624,230734.53885375624,9.487908690205227,0.09950329198478376,295.06949556492617,15.687794135908742,456649.7997327592,1.2,2492.5500000004563
41.66000000000028,1476.9619409170482,230686.04284112863,230686.04284112863,9.487118337738934,0.09940865902717518,295.06949556492617,15.687794135908742,456653.5313808636,1.2,2491.020000000456
41.67000000000028,1476.7178218642384,230637.54687305848,230637.54687305848,9.486327874145205,0.09931409537748782,295.06949556492617,15.687794135908742,456657.26029595855,1.2,2489.490000000456
41.68000000000028,1476.4737126989717,230589.0509472981,230589.0509472981,9.485537299375741,0.0992196010062946,295.06949556492617,15.687794135908742,456660.98647920444,1.2,2487.9600000004557
41.690000000000275,1476.2296134157864,230540.5550615986,230540.5550615986,9.484746613382212,0.09912517588417565,295.06949556492617,15.687794135908742,456664.7099317613,1.2,2486.4300000004555
41.70000000000027,1475.985524009226,230492.05921371095,230492.05921371095,9.48395581611625,0.09903081998160236,295.06949556492617,15.687794135908742,456668.43065479345,1.2,2484.9000000004553
41.71000000000027,1475.7414444738392,230443.56340138547,230443.56340138547,9.483164907529483,0.09893653326917022,295.06949556492617,15.687794135908742,456672.1486494605,1.2,2483.370000000455
41.72000000000027,1475.4973748041803,230395.06762237177,230395.06762237177,9.482373887573504,0.09884231571739485,295.06949556492617,15.687794135908742,456675.8639169252,1.2,2481.840000000455
41.73000000000027,1475.2533149948094,230346.5718744189,230346.5718744189,9.481582756199874,0.09874816729677059,295.06949556492617,15.687794135908742,456679.576458351,1.2,2480.3100000004547
41.740000000000265,1475.0092650402921,230298.0761552755,230298.0761552755,9.48079151336015,0.0986540879777995,295.06949556492617,15.687794135908742,456683.28627490083,1.2,2478.7800000004545
41.75000000000026,1474.7652249351995,230249.5804626895,230249.5804626895,9.480000159005842,0.09856007773097669,295.06949556492617,15.687794135908742,456686.9933677385,1.2,2477.2500000004543
41.76000000000026,1474.5211946741074,230201.08479440806,230201.08479440806,9.479208693088443,0.09846613652683403,295.06949556492617,15.687794135908742,456690.6977380258,1.2,2475.720000000454
41.77000000000026,1474.2771742515974,230152.5891481781,230152.5891481781,9.478417115559429,0.09837226433578077,295.06949556492617,15.687794135908742,456694.3993869297,1.2,2474.190000000454
41.78000000000026,1474.0331636622573,230104.09352174582,230104.09352174582,9.477625426370238,0.09827846112833508,295.06949556492617,15.687794135908742,456698.09831561276,1.2,2472.6600000004537
41.790000000000255,1473.7891629006795,230055.5979128567,230055.5979128567,9.476833625472295,0.09818472687493611,295.06949556492617,15.687794135908742,456701.7945252405,1.2,2471.1300000004535
41.80000000000025,1473.545171961462,230007.10231925582,230007.10231925582,9.476041712816992,0.09809106154607418,295.06949556492617,15.687794135908742,456705.4880169767,1.2,2469.6000000004533
41.81000000000025,1473.3011908392082,229958.60673868758,229958.60673868758,9.475249688355696,0.09799746511213185,295.06949556492617,15.687794135908742,456709.17879198916,1.2,2468.070000000453
41.82000000000025,1473.0572195285272,229910.11116889576,229910.11116889576,9.474457552039759,0.09790393754361475,295.06949556492617,15.687794135908742,456712.86685144104,1.2,2466.540000000453
41.83000000000025,1472.813258024033,229861.6156076238,229861.6156076238,9.473665303820495,0.09781047881089236,295.06949556492617,15.687794135908742,456716.5521965009,1.2,2465.0100000004527
41.840000000000245,1472.5693063203457,229813.12005261402,229813.12005261402,9.472872943649199,0.09771708888441376,295.06949556492617,15.687794135908742,456720.23482833355,1.2,2463.4800000004525
41.85000000000024,1472.3253644120896,229764.62450160866,229764.62450160866,9.472080471477142,0.0976237677346072,295.06949556492617,15.687794135908742,456723.91474810545,1.2,2461.9500000004523
41.86000000000024,1472.0814322938954,229716.12895234913,229716.12895234913,9.471287887255565,0.09753051533182254,295.06949556492617,15.687794135908742,456727.5919569858,1.2,2460.420000000452
41.87000000000024,1471.837509960399,229667.63340257638,229667.63340257638,9.470495190935692,0.09743733164651777,295.06949556492617,15.687794135908742,456731.26645613933,1.2,2458.890000000452
41.88000000000024,1471.5935974062413,229619.13785003067,229619.13785003067,9.469702382468716,0.0973442166490013,295.06949556492617,15.687794135908742,456734.938246737,1.2,2457.3600000004517
41.890000000000235,1471.3496946260684,229570.64229245158,229570.64229245158,9.468909461805806,0.0972511703097038,295.06949556492617,15.687794135908742,456738.60732994485,1.2,2455.8300000004515
41.90000000000023,1471.1058016145325,229522.14672757822,229522.14672757822,9.468116428898107,0.09715819259899232,295.06949556492617,15.687794135908742,456742.2737069312,1.2,2454.3000000004513
41.91000000000023,1470.8619183662904,229473.6511531491,229473.6511531491,9.467323283696734,0.09706528348724164,295.06949556492617,15.687794135908742,456745.93737886444,1.2,2452.770000000451
41.92000000000023,1470.6180448760042,229425.1555669022,229425.1555669022,9.466530026152782,0.09697244294476311,295.06949556492617,15.687794135908742,456749.5983469152,1.2,2451.240000000451
41.93000000000023,1470.374181138342,229376.65996657455,229376.65996657455,9.465736656217322,0.09687967094190475,295.06949556492617,15.687794135908742,456753.25661225285,1.2,2449.7100000004507
41.940000000000225,1470.1303271479765,229328.16434990312,229328.16434990312,9.464943173841393,0.09678696744903632,295.06949556492617,15.687794135908742,456756.91217604565,1.2,2448.1800000004505
41.95000000000022,1469.886482899586,229279.6687146239,229279.6687146239,9.464149578976016,0.09669433243645043,295.06949556492617,15.687794135908742,456760.5650394649,1.2,2446.6500000004503
41.96000000000022,1469.642648387854,229231.1730584722,229231.1730584722,9.463355871572185,0.09660176587449013,295.06949556492617,15.687794135908742,456764.21520368056,1.2,2445.12000000045
41.97000000000022,1469.3988236074692,229182.67737918315,229182.67737918315,9.462562051580862,0.09650926773344953,295.06949556492617,15.687794135908742,456767.8626698636,1.2,2443.59000000045
41.98000000000022,1469.1550085531253,229134.18167449106,229134.18167449106,9.461768118952996,0.09641683798365927,295.06949556492617,15.687794135908742,456771.5074391841,1.2,2442.0600000004497
41.990000000000215,1468.9112032195221,229085.6859421294,229085.6859421294,9.460974073639496,0.09632447659540103,295.06949556492617,15.687794135908742,456775.1495128139,1.2,2440.5300000004495
42.00000000000021,1468.6674076013637,229037.19017983146,229037.19017983146,9.460179915591254,0.09623218353892218,295.06949556492617,15.687794135908742,456778.78889192623,1.2,2439.0000000004493
42.01000000000021,1468.42362169336,228988.69438532952,228988.69438532952,9.459385644759145,0.09613995878457694,295.06949556492617,15.687794135908742,456782.4255776902,1.2,2437.470000000449
42.02000000000021,1468.179845490226,228940.19855635555,228940.19855635555,9.458591261093998,0.09604780230257218,295.06949556492617,15.687794135908742,456786.05957128055,1.2,2435.940000000449
42.03000000000021,1467.9360789866814,228891.70269064073,228891.70269064073,9.457796764546636,0.09595571406322154,295.06949556492617,15.687794135908742,456789.69087386795,1.2,2434.4100000004487
42.040000000000205,1467.6923221774518,228843.20678591586,228843.20678591586,9.457002155067844,0.09586369403676198,295.06949556492617,15.687794135908742,456793.3194866259,1.2,2432.8800000004485
42.0500000000002,1467.448575057268,228794.7108399108,228794.7108399108,9.456207432608387,0.09577174219339629,295.06949556492617,15.687794135908742,456796.9454107296,1.2,2431.3500000004483
42.0600000000002,1467.2048376208654,228746.21485035514,228746.21485035514,9.455412597119006,0.09567985850342009,295.06949556492617,15.687794135908742,456800.5686473503,1.2,2429.820000000448
42.0700000000002,1466.9611098629848,228697.7188149777,228697.7188149777,9.454617648550409,0.09558804293705209,295.06949556492617,15.687794135908742,456804.1891976623,1.2,2428.290000000448
42.0800000000002,1466.7173917783725,228649.2227315066,228649.2227315066,9.453822586853287,0.09549629546447734,295.06949556492617,15.687794135908742,456807.8070628413,1.2,2426.7600000004477
42.090000000000195,1466.4736833617799,228600.7265976694,228600.7265976694,9.453027411978304,0.09540461605600113,295.06949556492617,15.687794135908742,456811.42224405834,1.2,2425.2300000004475
42.10000000000019,1466.2299846079627,228552.23041119322,228552.23041119322,9.452232123876092,0.09531300468174038,295.06949556492617,15.687794135908742,456815.03474249167,1.2,2423.7000000004473
42.11000000000019,1465.9862955116832,228503.73416980437,228503.73416980437,9.451436722497265,0.09522146131194646,295.06949556492617,15.687794135908742,456818.6445593145,1.2,2422.170000000447
42.12000000000019,1465.7426160677078,228455.2378712287,228455.2378712287,9.450641207792408,0.09512998591676666,295.06949556492617,15.687794135908742,456822.25169570395,1.2,2420.640000000447
42.13000000000019,1465.4989462708077,228406.74151319114,228406.74151319114,9.449845579712076,0.09503857846646852,295.06949556492617,15.687794135908742,456825.85615283233,1.2,2419.1100000004467
42.140000000000185,1465.2552861157606,228358.24509341648,228358.24509341648,9.449049838206811,0.0949472389311039,295.06949556492617,15.687794135908742,456829.4579318806,1.2,2417.5800000004465
42.15000000000018,1465.0116355973478,228309.74860962844,228309.74860962844,9.448253983227113,0.09485596728098426,295.06949556492617,15.687794135908742,456833.0570340198,1.2,2416.0500000004463
42.16000000000018,1464.767994710357,228261.25205955046,228261.25205955046,9.447458014723468,0.09476476348616412,295.06949556492617,15.687794135908742,456836.65346043045,1.2,2414.520000000446
42.17000000000018,1464.5243634495796,228212.75544090517,228212.75544090517,9.446661932646336,0.09467362751685958,295.06949556492617,15.687794135908742,456840.24721228704,1.2,2412.990000000446
42.18000000000018,1464.2807418098137,228164.25875141457,228164.25875141457,9.445865736946143,0.09458255934318352,295.06949556492617,15.687794135908742,456843.83829076815,1.2,2411.4600000004457
42.190000000000175,1464.037129785861,228115.76198880014,228115.76198880014,9.445069427573294,0.09449155893529869,295.06949556492617,15.687794135908742,456847.4266970504,1.2,2409.9300000004455
42.20000000000017,1463.7935273725293,228067.26515078265,228067.26515078265,9.444273004478175,0.09440062626333436,295.06949556492617,15.687794135908742,456851.0124323116,1.2,2408.4000000004453
42.21000000000017,1463.5499345646303,228018.7682350825,228018.7682350825,9.44347646761113,0.0943097612973865,295.06949556492617,15.687794135908742,456854.59549773094,1.2,2406.870000000445
42.22000000000017,1463.3063513569828,227970.2712394191,227970.2712394191,9.4426798169225,0.09421896400761481,295.06949556492617,15.687794135908742,456858.17589448515,1.2,2405.340000000445
42.23000000000017,1463.0627777444083,227921.77416151133,227921.77416151133,9.441883052362572,0.09412823436410388,295.06949556492617,15.687794135908742,456861.7536237538,1.2,2403.8100000004447
42.240000000000165,1462.8192137217343,227873.27699907767,227873.27699907767,9.441086173881631,0.09403757233694678,295.06949556492617,15.687794135908742,456865.32868671656,1.2,2402.2800000004445
42.25000000000016,1462.5756592837938,227824.77974983572,227824.77974983572,9.440289181429927,0.0939469778962587,295.06949556492617,15.687794135908742,456868.9010845513,1.2,2400.7500000004443
42.26000000000016,1462.3321144254242,227776.28241150267,227776.28241150267,9.439492074957682,0.09385645101212158,295.06949556492617,15.687794135908742,456872.4708184383,1.2,2399.220000000444
42.27000000000016,1462.0885791414685,227727.78498179495,227727.78498179495,9.438694854415091,0.0937659916546118,295.06949556492617,15.687794135908742,456876.03788955713,1.2,2397.690000000444
42.28000000000016,1461.8450534267736,227679.28745842824,227679.28745842824,9.437897519752337,0.09367559979377296,295.06949556492617,15.687794135908742,456879.60229908925,1.2,2396.1600000004437
42.290000000000155,1461.6015372761926,227630.78983911796,227630.78983911796,9.437100070919557,0.09358527539976684,295.06949556492617,15.687794135908742,456883.16404821124,1.2,2394.6300000004435
42.30000000000015,1461.358030684583,227582.29212157844,227582.29212157844,9.43630250786688,0.09349501844255728,295.06949556492617,15.687794135908742,456886.7231381076,1.2,2393.1000000004433
42.31000000000015,1461.114533646807,227533.7943035238,227533.7943035238,9.435504830544387,0.09340482889221283,295.06949556492617,15.687794135908742,456890.2795699585,1.2,2391.570000000443
42.32000000000015,1460.8710461577325,227485.29638266723,227485.29638266723,9.434707038902157,0.09331470671878273,295.06949556492617,15.687794135908742,456893.83334494504,1.2,2390.040000000443
42.33000000000015,1460.6275682122318,227436.79835672156,227436.79835672156,9.433909132890232,0.09322465189233849,295.06949556492617,15.687794135908742,456897.3844642474,1.2,2388.5100000004427
42.340000000000146,1460.3840998051824,227388.30022339863,227388.30022339863,9.433111112458622,0.0931346643828912,295.06949556492617,15.687794135908742,456900.93292904797,1.2,2386.9800000004425
42.35000000000014,1460.140640931466,227339.8019804101,227339.8019804101,9.432312977557324,0.09304474416043321,295.06949556492617,15.687794135908742,456904.47874053015,1.2,2385.4500000004423
42.36000000000014,1459.8971915859706,227291.30362546656,227291.30362546656,9.431514728136301,0.09295489119500631,295.06949556492617,15.687794135908742,456908.02189987525,1.2,2383.920000000442
42.37000000000014,1459.653751763588,227242.80515627813,227242.80515627813,9.430716364145487,0.09286510545660591,295.06949556492617,15.687794135908742,456911.56240826665,1.2,2382.390000000442
42.38000000000014,1459.4103214592155,227194.30657055444,227194.30657055444,9.429917885534797,0.09277538691526323,295.06949556492617,15.687794135908742,456915.1002668859,1.2,2380.8600000004417
42.390000000000136,1459.1669006677553,227145.80786600432,227145.80786600432,9.429119292254112,0.09268573554093595,295.06949556492617,15.687794135908742,456918.6354769176,1.2,2379.3300000004415
42.400000000000134,1458.923489384114,227097.309040336,227097.309040336,9.428320584253296,0.09259615130364499,295.06949556492617,15.687794135908742,456922.1680395439,1.2,2377.8000000004413
42.41000000000013,1458.680087603203,227048.81009125704,227048.81009125704,9.427521761482184,0.09250663417336491,295.06949556492617,15.687794135908742,456925.69795594894,1.2,2376.270000000441
42.42000000000013,1458.4366953199396,227000.31101647453,227000.31101647453,9.426722823890577,0.09241718412002473,295.06949556492617,15.687794135908742,456929.2252273186,1.2,2374.740000000441
42.43000000000013,1458.1933125292453,226951.81181369475,226951.81181369475,9.425923771428257,0.0923278011136568,295.06949556492617,15.687794135908742,456932.74985483434,1.2,2373.2100000004407
42.440000000000126,1457.9499392260464,226903.31248062322,226903.31248062322,9.425124604044983,0.09223848512416631,295.06949556492617,15.687794135908742,456936.27183968306,1.2,2371.6800000004405
42.450000000000124,1457.7065754052737,226854.81301496504,226854.81301496504,9.424325321690477,0.09214923612156187,295.06949556492617,15.687794135908742,456939.7911830472,1.2,2370.1500000004403
42.46000000000012,1457.4632210618643,226806.31341442475,226806.31341442475,9.423525924314443,0.09206005407576569,295.06949556492617,15.687794135908742,456943.30788611295,1.2,2368.62000000044
42.47000000000012,1457.219876190758,226757.81367670596,226757.81367670596,9.422726411866556,0.09197093895666812,295.06949556492617,15.687794135908742,456946.82195006765,1.2,2367.09000000044
42.48000000000012,1456.9765407869013,226709.3137995119,226709.3137995119,9.421926784296465,0.09188189073426266,295.06949556492617,15.687794135908742,456950.33337609435,1.2,2365.5600000004397
42.490000000000116,1456.7332148452451,226660.81378054494,226660.81378054494,9.421127041553797,0.09179290937847007,295.06949556492617,15.687794135908742,456953.8421653796,1.2,2364.0300000004395
42.500000000000114,1456.489898360744,226612.31361750688,226612.31361750688,9.420327183588139,0.09170399485917942,295.06949556492617,15.687794135908742,456957.34831911017,1.2,2362.5000000004393
42.51000000000011,1456.246591328359,226563.81330809905,226563.81330809905,9.419527210349067,0.09161514714632889,295.06949556492617,15.687794135908742,456960.851838472,1.2,2360.970000000439
42.52000000000011,1456.0032937430547,226515.31285002182,226515.31285002182,9.418727121786125,0.0915263662098245,295.06949556492617,15.687794135908742,456964.3527246516,1.2,2359.440000000439
42.53000000000011,1455.760005599801,226466.8122409751,226466.8122409751,9.417926917848824,0.09143765201952742,295.06949556492617,15.687794135908742,456967.85097883723,1.2,2357.9100000004387
42.540000000000106,1455.5167268935725,226418.31147865826,226418.31147865826,9.417126598486663,0.09134900454540125,295.06949556492617,15.687794135908742,456971.34660221345,1.2,2356.3800000004385
42.550000000000104,1455.2734576193484,226369.81056076963,226369.81056076963,9.416326163649096,0.09126042375725724,295.06949556492617,15.687794135908742,456974.839595971,1.2,2354.8500000004383
42.5600000000001,1455.0301977721133,226321.30948500743,226321.30948500743,9.415525613285562,0.0911719096250493,295.06949556492617,15.687794135908742,456978.3299612941,1.2,2353.320000000438
42.5700000000001,1454.7869473468563,226272.80824906874,226272.80824906874,9.414724947345478,0.09108346211856588,295.06949556492617,15.687794135908742,456981.8176993745,1.2,2351.790000000438
42.5800000000001,1454.5437063385702,226224.3068506503,226224.3068506503,9.413924165778221,0.09099508120773796,295.06949556492617,15.687794135908742,456985.3028113978,1.2,2350.2600000004377
42.590000000000096,1454.3004747422547,226175.80528744805,226175.80528744805,9.413123268533152,0.0909067668624248,295.06949556492617,15.687794135908742,456988.7852985524,1.2,2348.7300000004375
42.600000000000094,1454.0572525529115,226127.30355715728,226127.30355715728,9.412322255559602,0.09081851905244105,295.06949556492617,15.687794135908742,456992.2651620289,1.2,2347.2000000004373
42.61000000000009,1453.8140397655493,226078.8016574727,226078.8016574727,9.411521126806873,0.09073033774767669,295.06949556492617,15.687794135908742,456995.74240301433,1.2,2345.670000000437
42.62000000000009,1453.570836375181,226030.29958608834,226030.29958608834,9.410719882224246,0.09064222291792373,295.06949556492617,15.687794135908742,456999.2170227,1.2,2344.140000000437
42.63000000000009,1453.3276423768234,225981.79734069773,225981.79734069773,9.409918521760966,0.09055417453304965,295.06949556492617,15.687794135908742,457002.68902227416,1.2,2342.6100000004367
42.640000000000086,1453.0844577654984,225933.2949189932,225933.2949189932,9.409117045366257,0.09046619256289047,295.06949556492617,15.687794135908742,457006.1584029261,1.2,2341.0800000004365
42.650000000000084,1452.8412825362334,225884.7923186671,225884.7923186671,9.408315452989326,0.0903782769772513,295.06949556492617,15.687794135908742,457009.6251658467,1.2,2339.5500000004363
42.66000000000008,1452.5981166840593,225836.2895374107,225836.2895374107,9.40751374457933,0.09029042774594585,295.06949556492617,15.687794135908742,457013.0893122262,1.2,2338.020000000436
42.67000000000008,1452.3549602040125,225787.78657291472,225787.78657291472,9.406711920085423,0.09020264483879661,295.06949556492617,15.687794135908742,457016.55084325443,1.2,2336.490000000436
42.68000000000008,1452.1118130911336,225739.28342286934,225739.28342286934,9.405909979456718,0.09011492822560832,295.06949556492617,15.687794135908742,457020.0097601224,1.2,2334.9600000004357
42.690000000000076,1451.8686753404681,225690.78008496392,225690.78008496392,9.405107922642303,0.09002727787612838,295.06949556492617,15.687794135908742,457023.46606402285,1.2,2333.4300000004355
42.700000000000074,1451.6255469470666,225642.2765568872,225642.2765568872,9.404305749591247,0.08993969376024519,295.06949556492617,15.687794135908742,457026.9197561431,1.2,2331.9000000004353
42.71000000000007,1451.3824279059831,225593.77283632732,225593.77283632732,9.403503460252578,0.08985217584764443,295.06949556492617,15.687794135908742,457030.37083767867,1.2,2330.370000000435
42.72000000000007,1451.139318212277,225545.26892097155,225545.26892097155,9.402701054575314,0.08976472410816591,295.06949556492617,15.687794135908742,457033.8193098189,1.2,2328.840000000435
42.73000000000007,1450.8962178610132,225496.76480850682,225496.76480850682,9.401898532508433,0.089677338511566,295.06949556492617,15.687794135908742,457037.2651737563,1.2,2327.3100000004347
42.740000000000066,1450.6531268472595,225448.26049661924,225448.26049661924,9.401095894000887,0.08959001902759656,295.06949556492617,15.687794135908742,457040.7084306836,1.2,2325.7800000004345
42.750000000000064,1450.4100451660897,225399.75598299425,225399.75598299425,9.40029313900161,0.0895027656260316,295.06949556492617,15.687794135908742,457044.1490817926,1.2,2324.2500000004343
42.76000000000006,1450.1669728125817,225351.2512653164,225351.2512653164,9.399490267459505,0.08941557827662758,295.06949556492617,15.687794135908742,457047.58712827624,1.2,2322.720000000434
42.77000000000006,1449.923909781818,225302.74634127002,225302.74634127002,9.398687279323442,0.08932845694914994,295.06949556492617,15.687794135908742,457051.0225713264,1.2,2321.190000000434
42.78000000000006,1449.6808560688855,225254.2412085385,225254.2412085385,9.397884174542273,0.08924140161328098,295.06949556492617,15.687794135908742,457054.45541213884,1.2,2319.6600000004337
42.790000000000056,1449.4378116688763,225205.73586480456,225205.73586480456,9.397080953064814,0.08915441223881691,295.06949556492617,15.687794135908742,457057.8856519044,1.2,2318.1300000004335
42.800000000000054,1449.1947765768864,225157.23030775035,225157.23030775035,9.396277614839857,0.08906748879547109,295.06949556492617,15.687794135908742,457061.31329181755,1.2,2316.6000000004333
42.81000000000005,1448.9517507880169,225108.72453505726,225108.72453505726,9.395474159816176,0.08898063125293965,295.06949556492617,15.687794135908742,457064.7383330731,1.2,2315.070000000433
42.82000000000005,1448.7087342973732,225060.2185444061,225060.2185444061,9.394670587942507,0.08889383958099296,295.06949556492617,15.687794135908742,457068.16077686305,1.2,2313.540000000433
42.83000000000005,1448.4657271000651,225011.71233347687,225011.71233347687,9.393866899167557,0.08880711374930589,295.06949556492617,15.687794135908742,457071.58062438347,1.2,2312.0100000004327
42.840000000000046,1448.2227291912072,224963.205899949,224963.205899949,9.393063093440022,0.08872045372757525,295.06949556492617,15.687794135908742,457074.99787682906,1.2,2310.4800000004325
42.850000000000044,1447.9797405659187,224914.69924150142,224914.69924150142,9.392259170708547,0.08863385948557212,295.06949556492617,15.687794135908742,457078.4125353918,1.2,2308.9500000004323
42.86000000000004,1447.7367612193239,224866.19235581192,224866.19235581192,9.391455130921775,0.08854733099290693,295.06949556492617,15.687794135908742,457081.82460127043,1.2,2307.420000000432
42.87000000000004,1447.49379114655,224817.68524055806,224817.68524055806,9.390650974028299,0.08846086821929064,295.06949556492617,15.687794135908742,457085.23407565884,1.2,2305.890000000432
42.88000000000004,1447.2508303427298,224769.17789341664,224769.17789341664,9.389846699976701,0.0883744711344428,295.06949556492617,15.687794135908742,457088.6409597513,1.2,2304.3600000004317
42.890000000000036,1447.0078788030014,224720.6703120634,224720.6703120634,9.38904230871553,0.0882881397080013,295.06949556492617,15.687794135908742,457092.0452547452,1.2,2302.8300000004315
42.900000000000034,1446.7649365225056,224672.1624941741,224672.1624941741,9.388237800193304,0.0882018739096778,295.06949556492617,15.687794135908742,457095.4469618345,1.2,2301.3000000004313
42.91000000000003,1446.522003496389,224623.65443742299,224623.65443742299,9.387433174358518,0.08811567370910217,295.06949556492617,15.687794135908742,457098.8460822173,1.2,2299.770000000431
42.92000000000003,1446.2790797198031,224575.14613948436,224575.14613948436,9.386628431159647,0.08802938498478222,295.06975382497967,15.687794135908742,457102.24261690653,1.2,2298.240000000431
42.93000000000003,1446.0361651879016,224526.63759803155,224526.63759803155,9.385823570545119,0.08794079938294347,295.07397821069117,15.687794135908742,457105.6365129607,1.2,2296.7100000004307
42.940000000000026,1445.7932598958455,224478.1288107371,224478.1288107371,9.385018592463352,0.08785228626990496,295.07820345239986,15.687794135908742,457109.0277289283,1.2,2295.1800000004305
42.950000000000024,1445.5503638387986,224429.61977527302,224429.61977527302,9.384213496862733,0.08776384560483735,295.08242955020853,15.687794135908742,457112.416266236,1.2,2293.6500000004303
42.96000000000002,1445.3074770119292,224381.11048931064,224381.11048931064,9.383408283691615,0.08767547734694144,295.0866565042187,15.687794135908742,457115.8021263088,1.2,2292.12000000043
42.97000000000002,1445.0645994104111,224332.6009505204,224332.6009505204,9.382602952898335,0.08758718145540889,295.0908843145324,15.687794135908742,457119.1853105726,1.2,2290.59000000043
42.98000000000002,1444.8217310294212,224284.09115657248,224284.09115657248,9.381797504431185,0.08749895788945175,295.095112981251,15.687794135908742,457122.56582045235,1.2,2289.0600000004297
42.990000000000016,1444.5788718641415,224235.58110513596,224235.58110513596,9.380991938238445,0.08741080660830998,295.0993425044748,15.687794135908742,457125.9436573721,1.2,2287.5300000004295
43.000000000000014,1444.336021909759,224187.07079387936,224187.07079387936,9.380186254268368,0.08732272757116467,295.103572884307,15.687794135908742,457129.3188227581,1.2,2286.0000000004293
43.01000000000001,1444.0931811614646,224138.5602204706,224138.5602204706,9.379380452469167,0.08723472073721333,295.1078041208504,15.687794135908742,457132.6913180362,1.2,2284.470000000429
43.02000000000001,1443.850349614453,224090.04938257692,224090.04938257692,9.378574532789042,0.08714678606569905,295.11203621420566,15.687794135908742,457136.0611446307,1.2,2282.940000000429
43.03000000000001,1443.6075272639246,224041.5382778647,224041.5382778647,9.377768495176149,0.08705892351581529,295.116269164476,15.687794135908742,457139.42830396775,1.2,2281.4100000004287
43.040000000000006,1443.3647141050828,223993.02690399977,223993.02690399977,9.376962339578629,0.08697113304680112,295.1205029717629,15.687794135908742,457142.7927974717,1.2,2279.8800000004285
43.050000000000004,1443.1219101331362,223944.51525864727,223944.51525864727,9.376156065944595,0.08688341461792679,295.12473763616646,15.687794135908742,457146.154626566,1.2,2278.3500000004283
43.06,1442.8791153432985,223896.0033394717,223896.0033394717,9.375349674222127,0.08679576818832226,295.1289731577936,15.687794135908742,457149.51379267965,1.2,2276.820000000428
43.07,1442.6363297307867,223847.4911441367,223847.4911441367,9.374543164359276,0.08670819371726683,295.13320953674446,15.687794135908742,457152.87029723555,1.2,2275.290000000428
43.08,1442.3935532908217,223798.9786703053,223798.9786703053,9.373736536304076,0.08662069116403114,295.1374467731197,15.687794135908742,457156.2241416576,1.2,2273.7600000004277
43.089999999999996,1442.1507860186307,223750.46591563997,223750.46591563997,9.372929790004523,0.08653326048780129,295.14168486702437,15.687794135908742,457159.5753273725,1.2,2272.2300000004275
43.099999999999994,1441.9080279094437,223701.95287780213,223701.95287780213,9.372122925408588,0.08644590164785698,295.1459238185592,15.687794135908742,457162.92385580397,1.2,2270.7000000004273
43.10999999999999,1441.665278958495,223653.4395544531,223653.4395544531,9.371315942464209,0.0863586146034187,295.1501636278279,15.687794135908742,457166.2697283776,1.2,2269.170000000427
43.11999999999999,1441.4225391610244,223604.9259432528,223604.9259432528,9.370508841119312,0.08627139931373896,295.1544042949331,15.687794135908742,457169.61294651823,1.2,2267.640000000427
43.12999999999999,1441.179808512275,223556.41204186107,223556.41204186107,9.36970162132178,0.08618425573808668,295.1586458199766,15.687794135908742,457172.95351165,1.2,2266.1100000004267
43.139999999999986,1440.937087007495,223507.89784793663,223507.89784793663,9.368894283019474,0.08609718383568467,295.16288820306283,15.687794135908742,457176.29142519855,1.2,2264.5800000004265
43.149999999999984,1440.694374641936,223459.38335913775,223459.38335913775,9.368086826160226,0.08601018356583949,295.16713144429235,15.687794135908742,457179.6266885871,1.2,2263.0500000004263
43.15999999999998,1440.451671410855,223410.86857312184,223410.86857312184,9.367279250691844,0.08592325488777003,295.1713755437702,15.687794135908742,457182.95930324175,1.2,2261.520000000426
43.16999999999998,1440.2089773095126,223362.35348754577,223362.35348754577,9.366471556562098,0.08583639776075405,295.1756205015988,15.687794135908742,457186.28927058686,1.2,2259.990000000426
43.17999999999998,1439.966292333174,223313.8381000656,223313.8381000656,9.365663743718747,0.08574961214407309,295.1798663178806,15.687794135908742,457189.61659204616,1.2,2258.4600000004257
43.189999999999976,1439.7236164771084,223265.32240833668,223265.32240833668,9.3648558121095,0.08566289799697566,295.18411299272003,15.687794135908742,457192.94126904546,1.2,2256.9300000004255
43.199999999999974,1439.48094973659,223216.80641001376,223216.80641001376,9.364047761682057,0.08557625527879296,295.1883605262174,15.687794135908742,457196.2633030068,1.2,2255.4000000004253
43.20999999999997,1439.238292106896,223168.29010275082,223168.29010275082,9.363239592384089,0.08548968394875787,295.19260891847847,15.687794135908742,457199.58269535657,1.2,2253.870000000425
43.21999999999997,1438.9956435833092,223119.7734842011,223119.7734842011,9.362431304163216,0.08540318396612127,295.1968581696081,15.687794135908742,457202.8994475201,1.2,2252.340000000425
43.22999999999997,1438.7530041611162,223071.25655201718,223071.25655201718,9.361622896967061,0.08531675529024393,295.2011082797061,15.687794135908742,457206.21356091916,1.2,2250.8100000004247
43.23999999999997,1438.5103738356074,223022.73930385103,223022.73930385103,9.360814370743206,0.08523039788037329,295.205359248878,15.687794135908742,457209.5250369796,1.2,2249.2800000004245
43.249999999999964,1438.2677526020784,222974.2217373537,222974.2217373537,9.360005725439196,0.08514411169582793,295.2096110772262,15.687794135908742,457212.83387712453,1.2,2247.7500000004243
43.25999999999996,1438.025140455828,222925.70385017584,222925.70385017584,9.359196961002562,0.08505789669588126,295.21386376485555,15.687794135908742,457216.1400827791,1.2,2246.220000000424
43.26999999999996,1437.7825373921605,222877.18563996692,222877.18563996692,9.358388077380795,0.08497175283984865,295.21811731186904,15.687794135908742,457219.443655367,1.2,2244.690000000424
43.27999999999996,1437.5399434063834,222828.66710437636,222828.66710437636,9.357579074521368,0.08488568008702618,295.2223717183708,15.687794135908742,457222.74459631235,1.2,2243.1600000004237
43.28999999999996,1437.2973584938081,222780.14824105214,222780.14824105214,9.356769952371724,0.0847996783967412,295.2266269844638,15.687794135908742,457226.0429070386,1.2,2241.6300000004235
43.299999999999955,1437.0547826497523,222731.62904764214,222731.62904764214,9.355960710879268,0.08471374772826161,295.2308831102542,15.687794135908742,457229.3385889713,1.2,2240.1000000004233
43.30999999999995,1436.812215869535,222683.1095217933,222683.1095217933,9.355151349991392,0.0846278880409646,295.23514009584284,15.687794135908742,457232.6316435322,1.2,2238.570000000423
43.31999999999995,1436.5696581484817,222634.58966115172,222634.58966115172,9.354341869655448,0.08454209929416663,295.239397941334,15.687794135908742,457235.92207214504,1.2,2237.040000000423
43.32999999999995,1436.3271094819215,222586.06946336295,222586.06946336295,9.353532269818764,0.08445638144714022,295.2436566468343,15.687794135908742,457239.20987623534,1.2,2235.5100000004227
43.33999999999995,1436.084569865187,222537.54892607182,222537.54892607182,9.352722550428641,0.08437073445926498,295.24791621244543,15.687794135908742,457242.4950572253,1.2,2233.9800000004225
43.349999999999945,1435.842039293616,222489.0280469224,222489.0280469224,9.35191271143235,0.08428515828983704,295.2521766382733,15.687794135908742,457245.7776165396,1.2,2232.4500000004223
43.35999999999994,1435.5995177625496,222440.50682355795,222440.50682355795,9.351102752777129,0.08419965289820885,295.2564379244214,15.687794135908742,457249.05755560123,1.2,2230.920000000422
43.36999999999994,1435.357005267334,222391.98525362133,222391.98525362133,9.350292674410204,0.08411421824373896,295.2607000709932,15.687794135908742,457252.334875833,1.2,2229.390000000422
43.37999999999994,1435.1145018033185,222343.4633347544,222343.4633347544,9.34948247627875,0.08402885428572666,295.2649630780954,15.687794135908742,457255.60957866,1.2,2227.8600000004217
43.38999999999994,1434.8720073658574,222294.9410645984,222294.9410645984,9.34867215832993,0.0839435609835791,295.2692269458293,15.687794135908742,457258.88166550326,1.2,2226.3300000004215
43.399999999999935,1434.629521950309,222246.41844079373,222246.41844079373,9.347861720510876,0.08385833829660874,295.2734916743017,15.687794135908742,457262.1511377877,1.2,2224.8000000004213
43.40999999999993,1434.3870455520355,222197.89546098036,222197.89546098036,9.347051162768684,0.08377318618418228,295.2777572636166,15.687794135908742,457265.41799693584,1.2,2223.270000000421
43.41999999999993,1434.1445781664033,222149.37212279724,222149.37212279724,9.346240485050432,0.08368810460564857,295.28202371387914,15.687794135908742,457268.68224437174,1.2,2221.740000000421
43.42999999999993,1433.9021197887832,222100.8484238828,222100.8484238828,9.34542968730316,0.08360309352038692,295.2862910251935,15.687794135908742,457271.94388151757,1.2,2220.2100000004207
43.43999999999993,1433.65967041455,222052.32436187475,222052.32436187475,9.344618769473886,0.08351815288778172,295.2905591976636,15.687794135908742,457275.2029097958,1.2,2218.6800000004205
43.449999999999925,1433.4172300390824,222003.79993440976,222003.79993440976,9.3438077315096,0.0834332826671606,295.29482823139654,15.687794135908742,457278.4593306311,1.2,2217.1500000004203
43.45999999999992,1433.1747986577634,221955.2751391243,221955.2751391243,9.342996573357253,0.08334848281794616,295.29909812649515,15.687794135908742,457281.71314544446,1.2,2215.62000000042
43.46999999999992,1432.93237626598,221906.7499736536,221906.7499736536,9.342185294963782,0.08326375329950109,295.30336888306516,15.687794135908742,457284.9643556597,1.2,2214.09000000042
43.47999999999992,1432.689962859124,221858.2244356326,221858.2244356326,9.34137389627609,0.08317909407122179,295.30764050121127,15.687794135908742,457288.2129626987,1.2,2212.5600000004197
43.48999999999992,1432.4475584325905,221809.6985226953,221809.6985226953,9.340562377241042,0.08309450509244706,295.311912981041,15.687794135908742,457291.4589679863,1.2,2211.0300000004195
43.499999999999915,1432.2051629817788,221761.17223247502,221761.17223247502,9.339750737805495,0.08300998632264661,295.316186322656,15.687794135908742,457294.70237294195,1.2,2209.5000000004193
43.50999999999991,1431.9627765020923,221712.64556260422,221712.64556260422,9.338938977916253,0.08292553772118266,295.3204605261631,15.687794135908742,457297.94317898975,1.2,2207.970000000419
43.51999999999991,1431.7203989889385,221664.11851071496,221664.11851071496,9.33812709752011,0.082841159247437,295.32473559166885,15.687794135908742,457301.18138755276,1.2,2206.440000000419
43.52999999999991,1431.4780304377296,221615.5910744382,221615.5910744382,9.337315096563822,0.08275685086087164,295.3290115192758,15.687794135908742,457304.4170000511,1.2,2204.9100000004187
43.53999999999991,1431.235670843881,221567.0632514044,221567.0632514044,9.33650297499412,0.08267261252085578,295.3332883090917,15.687794135908742,457307.6500179087,1.2,2203.3800000004185
43.549999999999905,1430.9933202028124,221518.53503924326,221518.53503924326,9.335690732757707,0.082588444186813,295.3375659612215,15.687794135908742,457310.88044254755,1.2,2201.8500000004183
43.5599999999999,1430.7509785099478,221470.0064355836,221470.0064355836,9.334878369801254,0.08250434581819795,295.34184447576916,15.687794135908742,457314.10827538813,1.2,2200.320000000418
43.5699999999999,1430.508645760715,221421.47743805387,221421.47743805387,9.334065886071402,0.08242031737438574,295.34612385284294,15.687794135908742,457317.3335178546,1.2,2198.790000000418
43.5799999999999,1430.2663219505457,221372.94804428134,221372.94804428134,9.33325328151477,0.08233635881483022,295.3504040925472,15.687794135908742,457320.55617136776,1.2,2197.2600000004177
43.5899999999999,1430.0240070748764,221324.41825189293,221324.41825189293,9.332440556077941,0.08225247009895534,295.35468519498824,15.687794135908742,457323.77623734984,1.2,2195.7300000004175
43.599999999999895,1429.7817011291468,221275.88805851454,221275.88805851454,9.331627709707472,0.0821686511862149,295.3589671602712,15.687794135908742,457326.993717222,1.2,2194.2000000004173
43.60999999999989,1429.5394041088011,221227.35746177155,221227.35746177155,9.330814742349903,0.08208490203603283,295.363249988503,15.687794135908742,457330.20861240657,1.2,2192.670000000417
43.61999999999989,1429.297116009287,221178.8264592885,221178.8264592885,9.330001653951712,0.08200122260787644,295.36753367978866,15.687794135908742,457333.42092432437,1.2,2191.140000000417
43.62999999999989,1429.0548368260575,221130.29504868912,221130.29504868912,9.329188444459385,0.08191761286118017,295.371818234235,15.687794135908742,457336.6306543976,1.2,2189.6100000004167
43.63999999999989,1428.8125665545672,221081.76322759665,221081.76322759665,9.328375113819368,0.08183407275542356,295.376103651947,15.687794135908742,457339.8378040466,1.2,2188.0800000004165
43.649999999999885,1428.570305190277,221033.23099363333,221033.23099363333,9.327561661978057,0.08175060225005411,295.38038993303167,15.687794135908742,457343.0423746933,1.2,2186.5500000004163
43.65999999999988,1428.328052728651,220984.69834442085,220984.69834442085,9.32674808888185,0.08166720130452743,295.38467707759577,15.687794135908742,457346.2443677593,1.2,2185.020000000416
43.66999999999988,1428.0858091651571,220936.16527758,220936.16527758,9.325934394477093,0.08158386987833983,295.38896508574425,15.687794135908742,457349.4437846648,1.2,2183.490000000416
43.67999999999988,1427.8435744952667,220887.63179073113,220887.63179073113,9.32512057871012,0.08150060793095883,295.393253957584,15.687794135908742,457352.64062683086,1.2,2181.9600000004157
43.68999999999988,1427.601348714457,220839.09788149333,220839.09788149333,9.324306641527222,0.08141741542184554,295.3975436932224,15.687794135908742,457355.83489567944,1.2,2180.4300000004155
43.699999999999875,1427.359131818207,220790.56354748557,220790.56354748557,9.323492582874668,0.08133429231050304,295.4018342927651,15.687794135908742,457359.02659263037,1.2,2178.9000000004153
43.70999999999987,1427.1169238020007,220742.02878632557,220742.02878632557,9.322678402698694,0.08125123855641846,295.4061257563188,15.687794135908742,457362.2157191048,1.2,2177.370000000415
43.71999999999987,1426.8747246613261,220693.49359563054,220693.49359563054,9.32186410094552,0.08116825411908281,295.4104180839903,15.687794135908742,457365.4022765232,1.2,2175.840000000415
43.72999999999987,1426.632534391675,220644.95797301704,220644.95797301704,9.321049677561314,0.08108533895800797,295.4147112758857,15.687794135908742,457368.5862663057,1.2,2174.3100000004147
43.73999999999987,1426.3903529885438,220596.42191610063,220596.42191610063,9.320235132492236,0.08100249303267372,295.41900533211304,15.687794135908742,457371.7676898738,1.2,2172.7800000004145
43.749999999999865,1426.1481804474306,220547.88542249645,220547.88542249645,9.319420465684402,0.08091971630261616,295.42330025277784,15.687794135908742,457374.9465486467,1.2,2171.2500000004143
43.75999999999986,1425.9060167638404,220499.34848981848,220499.34848981848,9.318605677083905,0.08083700872734179,295.4275960379874,15.687794135908742,457378.12284404505,1.2,2169.720000000414
43.76999999999986,1425.6638619332803,220450.81111568035,220450.81111568035,9.317790766636818,0.0807543702663618,295.43189268784914,15.687794135908742,457381.2965774891,1.2,2168.190000000414
43.77999999999986,1425.421715951261,220402.2732976947,220402.2732976947,9.316975734289164,0.08067180087920708,295.4361902024697,15.687794135908742,457384.46775039873,1.2,2166.6600000004137
43.78999999999986,1425.179578813299,220353.73503347355,220353.73503347355,9.316160579986953,0.08058930052539112,295.4404885819569,15.687794135908742,457387.6363641945,1.2,2165.1300000004135
43.799999999999855,1424.937450514913,220305.19632062814,220305.19632062814,9.315345303676164,0.08050686916449357,295.44478782641573,15.687794135908742,457390.8024202943,1.2,2163.6000000004133
43.80999999999985,1424.695331051626,220256.65715676887,220256.65715676887,9.31452990530274,0.08042450675598081,295.4490879359572,15.687794135908742,457393.9659201208,1.2,2162.070000000413
43.81999999999985,1424.4532204189654,220208.11753950556,220208.11753950556,9.3137143848126,0.08034221325948197,295.4533889106841,15.687794135908742,457397.1268650905,1.2,2160.540000000413
43.82999999999985,1424.2111186124616,220159.57746644714,220159.57746644714,9.312898742151628,0.08025998863447548,295.45769075070757,15.687794135908742,457400.28525662527,1.2,2159.0100000004127
43.83999999999985,1423.96902562765,220111.03693520185,220111.03693520185,9.312082977265687,0.08017783284054468,295.4619934561335,15.687794135908742,457403.4410961436,1.2,2157.4800000004125
43.849999999999845,1423.7269414600687,220062.49594337711,220062.49594337711,9.311267090100609,0.08009574583725332,295.46629702706923,15.687794135908742,457406.5943850647,1.2,2155.9500000004123
43.85999999999984,1423.4848661052606,220013.95448857985,220013.95448857985,9.310451080602183,0.0800137275841493,295.47060146362315,15.687794135908742,457409.7451248081,1.2,2154.420000000412
43.86999999999984,1423.2427995587723,219965.41256841578,219965.41256841578,9.309634948716187,0.07993177804082158,295.4749067659019,15.687794135908742,457412.8933167925,1.2,2152.890000000412
43.87999999999984,1423.0007418161535,219916.8701804903,219916.8701804903,9.308818694388366,0.07984989716684447,295.4792129340132,15.687794135908742,457416.03896243667,1.2,2151.3600000004117
43.88999999999984,1422.7586928729584,219868.3273224079,219868.3273224079,9.308002317564421,0.07976808492177244,295.4835199680663,15.687794135908742,457419.1820631604,1.2,2149.8300000004115
43.899999999999835,1422.5166527247447,219819.78399177216,219819.78399177216,9.307185818190046,0.07968634126521638,295.4878278681675,15.687794135908742,457422.3226203817,1.2,2148.3000000004113
43.90999999999983,1422.2746213670753,219771.24018618616,219771.24018618616,9.306369196210879,0.07960466615677966,295.49213663442424,15.687794135908742,457425.46063551854,1.2,2146.770000000411
43.91999999999983,1422.0325987955143,219722.69590325202,219722.69590325202,9.30555245157255,0.07952305955600418,295.49644626694715,15.687794135908742,457428.59610999154,1.2,2145.240000000411
43.92999999999983,1421.7905850056318,219674.15114057116,219674.15114057116,9.304735584220658,0.07944152142255462,295.50075676584106,15.687794135908742,457431.7290452166,1.2,2143.7100000004107
43.93999999999983,1421.5485799930016,219625.60589574437,219625.60589574437,9.303918594100757,0.07936005171598602,295.5050681312167,15.687794135908742,457434.85944261414,1.2,2142.1800000004105
43.949999999999825,1421.3065837531994,219577.0601663715,219577.0601663715,9.303101481158388,0.07927865039595312,295.50938036318007,15.687794135908742,457437.98730360053,1.2,2140.6500000004103
43.95999999999982,1421.0645962818076,219528.51395005183,219528.51395005183,9.30228424533905,0.07919731742202363,295.5136934618419,15.687794135908742,457441.1126295958,1.2,2139.12000000041
43.96999999999982,1420.8226175744094,219479.9672443835,219479.9672443835,9.301466886588223,0.0791160527538678,295.5180074273081,15.687794135908742,457444.235422016,1.2,2137.59000000041
43.97999999999982,1420.5806476265943,219431.42004696443,219431.42004696443,9.300649404851349,0.07903485635107894,295.5223222596888,15.687794135908742,457447.3556822804,1.2,2136.0600000004097
43.98999999999982,1420.338686433954,219382.87235539148,219382.87235539148,9.299831800073838,0.07895372817332938,295.5266379590904,15.687794135908742,457450.4734118052,1.2,2134.5300000004095
43.999999999999815,1420.0967339920844,219334.32416726073,219334.32416726073,9.299014072201082,0.07887266818020001,295.5309545256245,15.687794135908742,457453.58861201,1.2,2133.0000000004093
44.00999999999981,1419.854790296586,219285.77548016736,219285.77548016736,9.298196221178442,0.07879167633139114,295.53527195939665,15.687794135908742,457456.7012843104,1.2,2131.470000000409
44.01999999999981,1419.6128553430613,219237.22629170615,219237.22629170615,9.297378246951231,0.07871075258652228,295.5395902605172,15.687794135908742,457459.8114301247,1.2,2129.940000000409
44.02999999999981,1419.3709291271184,219188.67659947096,219188.67659947096,9.296560149464751,0.0786298969052819,295.54390942909293,15.687794135908742,457462.91905086883,1.2,2128.4100000004087
44.03999999999981,1419.1290116443683,219140.12640105482,219140.12640105482,9.295741928664274,0.07854910924728042,295.5482294652354,15.687794135908742,457466.0241479619,1.2,2126.8800000004085
44.049999999999805,1418.8871028904255,219091.5756940499,219091.5756940499,9.294923584495027,0.07846838957222098,295.5525503690515,15.687794135908742,457469.1267228195,1.2,2125.3500000004083
44.0599999999998,1418.6452028609087,219043.02447604798,219043.02447604798,9.294105116902223,0.0783877378397643,295.55687214065074,15.687794135908742,457472.2267768591,1.2,2123.820000000408
44.0699999999998,1418.4033115514403,218994.47274463953,218994.47274463953,9.293286525831036,0.078307154009591,295.56119478014193,15.687794135908742,457475.32431149675,1.2,2122.290000000408
44.0799999999998,1418.161428957646,218945.92049741483,218945.92049741483,9.29246781122661,0.07822663804136513,295.56551828763514,15.687794135908742,457478.4193281503,1.2,2120.7600000004077
44.0899999999998,1417.919555075156,218897.36773196282,218897.36773196282,9.291648973034068,0.0781461898948157,295.56984266323724,15.687794135908742,457481.51182823436,1.2,2119.2300000004075
44.099999999999795,1417.6776898996036,218848.81444587227,218848.81444587227,9.290830011198492,0.0780658095295986,295.5741679070596,15.687794135908742,457484.60181316704,1.2,2117.7000000004073
44.10999999999979,1417.4358334266258,218800.2606367306,218800.2606367306,9.29001092566494,0.07798549690545768,295.578494019209,15.687794135908742,457487.68928436254,1.2,2116.170000000407
44.11999999999979,1417.1939856518638,218751.70630212483,218751.70630212483,9.289191716378445,0.07790525198204998,295.5828209997975,15.687794135908742,457490.77424323914,1.2,2114.640000000407
44.12999999999979,1416.9521465709622,218703.15143964122,218703.15143964122,9.288372383283992,0.07782507471911133,295.58714884893305,15.687794135908742,457493.8566912115,1.2,2113.1100000004067
44.13999999999979,1416.7103161795694,218654.5960468649,218654.5960468649,9.287552926326557,0.0777449650763594,295.5914775667252,15.687794135908742,457496.9366296959,1.2,2111.5800000004065
44.149999999999785,1416.4684944733372,218606.04012138053,218606.04012138053,9.286733345451072,0.07766492301352212,295.59580715328315,15.687794135908742,457500.01406010735,1.2,2110.0500000004063
44.15999999999978,1416.2266814479212,218557.48366077204,218557.48366077204,9.285913640602443,0.07758494849029782,295.60013760871817,15.687794135908742,457503.088983863,1.2,2108.520000000406
44.16999999999978,1415.9848770989806,218508.92666262237,218508.92666262237,9.285093811725552,0.07750504146648461,295.60446893313645,15.687794135908742,457506.16140237567,1.2,2106.990000000406
44.17999999999978,1415.7430814221789,218460.36912451385,218460.36912451385,9.28427385876524,0.0774252019017606,295.60880112665103,15.687794135908742,457509.23131706275,1.2,2105.4600000004057
44.18999999999978,1415.5012944131827,218411.81104402797,218411.81104402797,9.283453781666323,0.07734542975588182,295.61313418937124,15.687794135908742,457512.2987293395,1.2,2103.9300000004055
44.199999999999775,1415.2595160676624,218363.25241874537,218363.25241874537,9.28263358037359,0.07726572498863454,295.61746812140507,15.687794135908742,457515.3636406195,1.2,2102.4000000004053
44.20999999999977,1415.017746381292,218314.69324624597,218314.69324624597,9.281813254831793,0.07718608755975466,295.6218029228637,15.687794135908742,457518.42605231836,1.2,2100.870000000405
44.21999999999977,1414.7759853497491,218266.13352410911,218266.13352410911,9.280992804985662,0.07710651742901857,295.6261385938564,15.687794135908742,457521.48596585036,1.2,2099.340000000405
44.22999999999977,1414.534232968715,218217.57324991294,218217.57324991294,9.280172230779884,0.07702701455617769,295.6304751344943,15.687794135908742,457524.5433826308,1.2,2097.8100000004047
44.23999999999977,1414.2924892338751,218169.0124212353,218169.0124212353,9.27935153215913,0.07694757890101195,295.63481254488715,15.687794135908742,457527.5983040743,1.2,2096.2800000004045
44.249999999999766,1414.050754140917,218120.4510356526,218120.4510356526,9.278530709068038,0.07686821042332245,295.63915082514427,15.687794135908742,457530.6507315941,1.2,2094.7500000004043
44.25999999999976,1413.8090276855341,218071.88909074132,218071.88909074132,9.277709761451202,0.07678890908288134,295.6434899753767,15.687794135908742,457533.7006666051,1.2,2093.220000000404
44.26999999999976,1413.5673098634215,218023.32658407648,218023.32658407648,9.276888689253202,0.07670967483948087,295.6478299956949,15.687794135908742,457536.74811052147,1.2,2091.690000000404
44.27999999999976,1413.325600670279,217974.7635132325,217974.7635132325,9.276067492418585,0.07663050765294287,295.65217088620807,15.687794135908742,457539.79306475626,1.2,2090.1600000004037
44.28999999999976,1413.0839001018098,217926.19987578318,217926.19987578318,9.275246170891855,0.0765514074830294,295.6565126470291,15.687794135908742,457542.8355307248,1.2,2088.6300000004035
44.299999999999756,1412.8422081537205,217877.63566930132,217877.63566930132,9.2744247246175,0.07647237428963456,295.66085527826397,15.687794135908742,457545.87550983764,1.2,2087.1000000004033
44.309999999999754,1412.6005248217211,217829.07089135915,217829.07089135915,9.27360315353997,0.07639340803250111,295.6651987800275,15.687794135908742,457548.9130035113,1.2,2085.570000000403
44.31999999999975,1412.3588501015256,217780.50553952783,217780.50553952783,9.272781457603683,0.07631450867145692,295.66954315243004,15.687794135908742,457551.94801315886,1.2,2084.040000000403
44.32999999999975,1412.1171839888516,217731.93961137798,217731.93961137798,9.271959636753042,0.07623567616639912,295.67388839557884,15.687794135908742,457554.98054019077,1.2,2082.5100000004027
44.33999999999975,1411.8755264794204,217683.37310447934,217683.37310447934,9.271137690932393,0.07615691047708002,295.6782345095893,15.687794135908742,457558.0105860236,1.2,2080.9800000004025
44.349999999999746,1411.633877568956,217634.8060164008,217634.8060164008,9.270315620086075,0.0760782115634091,295.6825814945686,15.687794135908742,457561.0381520676,1.2,2079.4500000004023
44.359999999999744,1411.392237253187,217586.2383447106,217586.2383447106,9.269493424158387,0.07599957938519093,295.6869293506301,15.687794135908742,457564.06323973695,1.2,2077.920000000402
44.36999999999974,1411.1506055278455,217537.6700869761,217537.6700869761,9.268671103093594,0.07592101390231594,295.69127807788294,15.687794135908742,457567.0858504433,1.2,2076.390000000402
44.37999999999974,1410.9089823886666,217489.101240764,217489.101240764,9.267848656835938,0.0758425150746368,295.6956276764387,15.687794135908742,457570.10598559916,1.2,2074.8600000004017
44.38999999999974,1410.6673678313887,217440.53180363978,217440.53180363978,9.26702608532962,0.07576408286201504,295.69997814640885,15.687794135908742,457573.12364661705,1.2,2073.3300000004015
44.399999999999736,1410.425761851755,217391.96177316864,217391.96177316864,9.266203388518822,0.07568571722433075,295.7043294879043,15.687794135908742,457576.1388349091,1.2,2071.8000000004013
44.409999999999734,1410.1841644455108,217343.39114691486,217343.39114691486,9.265380566347691,0.0756074181214594,295.7086817010366,15.687794135908742,457579.1515518874,1.2,2070.270000000401
44.41999999999973,1409.942575608406,217294.81992244173,217294.81992244173,9.264557618760335,0.0755291855132866,295.71303478591716,15.687794135908742,457582.1617989637,1.2,2068.740000000401
44.42999999999973,1409.700995336194,217246.24809731176,217246.24809731176,9.263734545700848,0.07545101935972699,295.7173887426562,15.687794135908742,457585.16957754904,1.2,2067.2100000004007
44.43999999999973,1409.4594236246307,217197.675669087,217197.675669087,9.262911347113283,0.07537291962067956,295.7217435713654,15.687794135908742,457588.17488905473,1.2,2065.6800000004005
44.449999999999726,1409.2178604694764,217149.10263532828,217149.10263532828,9.262088022941652,0.07529488625600841,295.7260992721584,15.687794135908742,457591.17773489404,1.2,2064.1500000004003
44.459999999999724,1408.9763058664953,217100.528993596,217100.528993596,9.261264573129962,0.07521691922567295,295.73045584514443,15.687794135908742,457594.17811647616,1.2,2062.6200000004
44.46999999999972,1408.7347598114538,217051.95474144947,217051.95474144947,9.260440997622164,0.07513901848956424,295.73481329043665,15.687794135908742,457597.1760352133,1.2,2061.0900000004
44.47999999999972,1408.4932223001229,217003.37987644732,217003.37987644732,9.259617296362194,0.07506118400763634,295.73917160814517,15.687794135908742,457600.1714925152,1.2,2059.5600000003997
44.48999999999972,1408.2516933282768,216954.80439614734,216954.80439614734,9.258793469293948,0.07498341573980573,295.7435307983827,15.687794135908742,457603.1644897932,1.2,2058.0300000003995
44.499999999999716,1408.0101728916925,216906.22829810664,216906.22829810664,9.257969516361296,0.07490571364602072,295.74789086126066,15.687794135908742,457606.15502845746,1.2,2056.5000000003993
44.509999999999714,1407.768660986152,216857.65157988147,216857.65157988147,9.257145437508076,0.07482807768622547,295.7522517968911,15.687794135908742,457609.14310991863,1.2,2054.970000000399
44.51999999999971,1407.5271576074401,216809.0742390271,216809.0742390271,9.256321232678097,0.07475050782034945,295.7566136053871,15.687794135908742,457612.12873558747,1.2,2053.440000000399
44.52999999999971,1407.2856627513438,216760.49627309834,216760.49627309834,9.255496901815128,0.0746730040083645,295.7609762868601,15.687794135908742,457615.1119068739,1.2,2051.9100000003987
44.53999999999971,1407.0441764136554,216711.91767964876,216711.91767964876,9.254672444862926,0.07459556621027313,295.76533984142014,15.687794135908742,457618.092625186,1.2,2050.3800000003985
44.549999999999706,1406.8026985901697,216663.33845623155,216663.33845623155,9.253847861765191,0.07451819438600644,295.7697042691817,15.687794135908742,457621.07089193555,1.2,2048.8500000003983
44.559999999999704,1406.561229276685,216614.75860039899,216614.75860039899,9.253023152465614,0.07444088849554999,295.77406957025676,15.687794135908742,457624.0467085315,1.2,2047.3200000003983
44.5699999999997,1406.319768469004,216566.17810970236,216566.17810970236,9.252198316907847,0.07436364849891779,295.7784357447559,15.687794135908742,457627.0200763821,1.2,2045.7900000003983
44.5799999999997,1406.0783161629315,216517.59698169222,216517.59698169222,9.251373355035506,0.07428647435602208,295.7828027927961,15.687794135908742,457629.99099689996,1.2,2044.2600000003983
44.5899999999997,1405.8368723542762,216469.01521391838,216469.01521391838,9.250548266792185,0.07420936602694979,295.78717071448483,15.687794135908742,457632.9594714906,1.2,2042.7300000003984
44.599999999999696,1405.5954370388508,216420.4328039299,216420.4328039299,9.24972305212144,0.07413232347168493,295.79153950993583,15.687794135908742,457635.9255015638,1.2,2041.2000000003984
44.609999999999694,1405.3540102124712,216371.8497492749,216371.8497492749,9.2488977109668,0.07405534665021932,295.7959091792629,15.687794135908742,457638.889088529,1.2,2039.6700000003984
44.61999999999969,1405.1125918709558,216323.26604750066,216323.26604750066,9.248072243271755,0.07397843552259734,295.80027972257716,15.687794135908742,457641.8502337938,1.2,2038.1400000003985
44.62999999999969,1404.8711820101275,216274.6816961539,216274.6816961539,9.247246648979774,0.07390159004881744,295.8046511399931,15.687794135908742,457644.80893876764,1.2,2036.6100000003985
44.63999999999969,1404.629780625813,216226.0966927802,216226.0966927802,9.246420928034293,0.07382481018895025,295.80902343162114,15.687794135908742,457647.7652048574,1.2,2035.0800000003985
44.649999999999686,1404.3883877138405,216177.51103492454,216177.51103492454,9.245595080378713,0.07374809590298902,295.81339659757697,15.687794135908742,457650.71903347276,1.2,2033.5500000003985
44.659999999999684,1404.1470032700436,216128.92472013112,216128.92472013112,9.2447691059564,0.07367144715103288,295.81777063797045,15.687794135908742,457653.67042601976,1.2,2032.0200000003986
44.66999999999968,1403.9056272902585,216080.3377459431,216080.3377459431,9.243943004710703,0.07359486389307925,295.8221455529178,15.687794135908742,457656.6193839081,1.2,2030.4900000003986
44.67999999999968,1403.6642597703244,216031.75010990305,216031.75010990305,9.243116776584918,0.07351834608923347,295.8265213425294,15.687794135908742,457659.56590854353,1.2,2028.9600000003986
44.68999999999968,1403.4229007060849,215983.16180955255,215983.16180955255,9.242290421522329,0.0734418936995543,295.830898006919,15.687794135908742,457662.5100013338,1.2,2027.4300000003986
44.699999999999676,1403.1815500933862,215934.57284243256,215934.57284243256,9.241463939466186,0.07336550668407474,295.8352755462021,15.687794135908742,457665.45166368753,1.2,2025.9000000003987
44.709999999999674,1402.9402079280776,215885.98320608324,215885.98320608324,9.240637330359691,0.07328918500293707,295.83965396048853,15.687794135908742,457668.3908970098,1.2,2024.3700000003987
44.71999999999967,1402.698874206013,215837.3928980435,215837.3928980435,9.23981059414604,0.07321292861620249,295.84403324989313,15.687794135908742,457671.32770270796,1.2,2022.8400000003987
44.72999999999967,1402.4575489230483,215788.80191585203,215788.80191585203,9.238983730768377,0.07313673748398446,295.8484134145282,15.687794135908742,457674.2620821881,1.2,2021.3100000003988
44.73999999999967,1402.2162320750435,215740.21025704616,215740.21025704616,9.238156740169819,0.0730606115663509,295.85279445450925,15.687794135908742,457677.19403685816,1.2,2019.7800000003988
44.749999999999666,1401.9749236578623,215691.61791916285,215691.61791916285,9.237329622293457,0.07298455082341065,295.85717636994974,15.687794135908742,457680.1235681242,1.2,2018.2500000003988
44.759999999999664,1401.733623667371,215643.0248997379,215643.0248997379,9.236502377082354,0.0729085552153258,295.8615591609608,15.687794135908742,457683.05067739077,1.2,2016.7200000003988
44.76999999999966,1401.4923320994394,215594.4311963067,215594.4311963067,9.235675004479525,0.07283262470219942,295.86594282765714,15.687794135908742,457685.9753660644,1.2,2015.1900000003989
44.77999999999966,1401.251048949941,215545.8368064033,215545.8368064033,9.234847504427966,0.07275675924415509,295.87032737015284,15.687794135908742,457688.8976355513,1.2,2013.660000000399
44.78999999999966,1401.0097742147527,215497.2417275612,215497.2417275612,9.234019876870645,0.07268095880131474,295.8747127885628,15.687794135908742,457691.8174872575,1.2,2012.130000000399
44.799999999999656,1400.768507889754,215448.64595731325,215448.64595731325,9.23319212175049,0.07260522333384004,295.87909908299986,15.687794135908742,457694.7349225876,1.2,2010.600000000399
44.809999999999654,1400.5272499708285,215400.04949319104,215400.04949319104,9.232364239010394,0.07252955280190217,295.88348625357673,15.687794135908742,457697.64994294615,1.2,2009.070000000399
44.81999999999965,1400.286000453863,215351.45233272578,215351.45233272578,9.231536228593228,0.07245394716564833,295.88787430040827,15.687794135908742,457700.5625497387,1.2,2007.540000000399
44.82999999999965,1400.0447593347467,215302.85447344746,215302.85447344746,9.230708090441828,0.07237840638522304,295.8922632236097,15.687794135908742,457703.47274437064,1.2,2006.010000000399
44.83999999999965,1399.8035266093739,215254.25591288562,215254.25591288562,9.229879824499,0.07230293042083463,295.89665302329314,15.687794135908742,457706.38052824576,1.2,2004.480000000399
44.849999999999646,1399.5623022736404,215205.65664856866,215205.65664856866,9.229051430707507,0.07222751923263321,295.9010436995747,15.687794135908742,457709.2859027691,1.2,2002.950000000399
44.859999999999644,1399.3210863234467,215157.05667802444,215157.05667802444,9.228222909010098,0.07215217278081183,295.9054352525683,15.687794135908742,457712.18886934506,1.2,2001.420000000399
44.86999999999964,1399.0798787546955,215108.45599877977,215108.45599877977,9.227394259349476,0.0720768910255935,295.90982768238666,15.687794135908742,457715.08942937665,1.2,1999.8900000003991
44.87999999999964,1398.8386795632932,215059.8546083606,215059.8546083606,9.22656548166832,0.07200167392715509,295.9142209891457,15.687794135908742,457717.98758426856,1.2,1998.3600000003992
44.88999999999964,1398.5974887451503,215011.25250429224,215011.25250429224,9.225736575909275,0.07192652144573694,295.91861517295814,15.687794135908742,457720.8833354234,1.2,1996.8300000003992
44.899999999999636,1398.356306296179,214962.649684099,214962.649684099,9.224907542014948,0.07185143354151222,295.9230102339411,15.687794135908742,457723.77668424643,1.2,1995.3000000003992
44.909999999999634,1398.115132212296,214914.04614530454,214914.04614530454,9.224078379927924,0.07177641017473879,295.9274061722073,15.687794135908742,457726.6676321395,1.2,1993.7700000003992
44.91999999999963,1397.873966489421,214865.44188543147,214865.44188543147,9.223249089590759,0.07170145130563982,295.93180298787195,15.687794135908742,457729.5561805064,1.2,1992.2400000003993
44.92999999999963,1397.6328091234764,214816.83690200196,214816.83690200196,9.222419670945957,0.07162655689445782,295.93620068104957,15.687794135908742,457732.4423307495,1.2,1990.7100000003993
44.93999999999963,1397.3916601103892,214768.23119253665,214768.23119253665,9.221590123936009,0.07155172690143413,295.9405992518553,15.687794135908742,457735.326084272,1.2,1989.1800000003993
44.949999999999626,1397.1505194460879,214719.62475455596,214719.62475455596,9.220760448503366,0.07147696128681842,295.94499870040437,15.687794135908742,457738.20744247653,1.2,1987.6500000003994
44.959999999999624,1396.9093871265059,214671.01758557933,214671.01758557933,9.219930644590457,0.07140226001090139,295.94939902681,15.687794135908742,457741.0864067643,1.2,1986.1200000003994
44.96999999999962,1396.6682631475783,214622.4096831253,214622.4096831253,9.21910071213966,0.0713276230339293,295.95380023118855,15.687794135908742,457743.9629785384,1.2,1984.5900000003994
44.97999999999962,1396.4271475052446,214573.80104471152,214573.80104471152,9.218270651093336,0.07125305031618899,295.95820231365457,15.687794135908742,457746.83715920034,1.2,1983.0600000003994
44.98999999999962,1396.1860401954473,214525.1916678549,214525.1916678549,9.217440461393815,0.07117854181794464,295.96260527432435,15.687794135908742,457749.70895015256,1.2,1981.5300000003995
44.999999999999616,1395.944941214132,214476.58155007145,214476.58155007145,9.216610142983379,0.07110409749951146,295.9670091133118,15.687794135908742,457752.5783527959,1.2,1980.0000000003995
45.009999999999614,1395.7038505572473,214427.97068887655,214427.97068887655,9.215779695804297,0.07102971732118257,295.9714138307325,15.687794135908742,457755.44536853186,1.2,1978.4700000003995
45.01999999999961,1395.4627682207456,214379.35908178423,214379.35908178423,9.214949119798796,0.07095540124325955,295.97581942670223,15.687794135908742,457758.30999876163,1.2,1976.9400000003996
45.02999999999961,1395.2216942005816,214330.7467263082,214330.7467263082,9.21411841490907,0.07088114922608439,295.98022590133473,15.687794135908742,457761.1722448853,1.2,1975.4100000003996
45.03999999999961,1394.9806284927145,214282.13361996118,214282.13361996118,9.21328758107728,0.07080696122995467,295.98463325474694,15.687794135908742,457764.03210830444,1.2,1973.8800000003996
45.049999999999606,1394.7395710931055,214233.51976025495,214233.51976025495,9.212456618245564,0.07073283721519022,295.98904148705515,15.687794135908742,457766.88959042,1.2,1972.3500000003996
45.059999999999604,1394.4985219977198,214184.90514470052,214184.90514470052,9.211625526356018,0.07065877714213754,295.99345059837435,15.687794135908742,457769.74469263206,1.2,1970.8200000003997
45.0699999999996,1394.257481202525,214136.289770808,214136.289770808,9.21079430535071,0.07058478097116534,295.9978605888188,15.687794135908742,457772.5974163398,1.2,1969.2900000003997
45.0799999999996,1394.0164487034926,214087.6736360867,214087.6736360867,9.209962955171678,0.0705108486626184,296.00227145850494,15.687794135908742,457775.44776294346,1.2,1967.7600000003997
45.0899999999996,1393.7754244965977,214039.05673804527,214039.05673804527,9.209131475760918,0.07043698017682994,296.00668320755005,15.687794135908742,457778.29573384364,1.2,1966.2300000003997
45.099999999999596,1393.534408577817,213990.4390741911,213990.4390741911,9.2082998670604,0.07036317547420516,296.01109583606785,15.687794135908742,457781.1413304387,1.2,1964.7000000003998
45.109999999999594,1393.293400943132,213941.820642031,213941.820642031,9.207468129012069,0.07028943451510697,296.0155093441752,15.687794135908742,457783.98455412843,1.2,1963.1700000003998
45.11999999999959,1393.0524015885262,213893.201439071,213893.201439071,9.206636261557827,0.07021575725991623,296.0199237319883,15.687794135908742,457786.8254063119,1.2,1961.6400000003998
45.12999999999959,1392.8114105099876,213844.5814628161,213844.5814628161,9.205804264639543,0.0701421436690241,296.02433899962324,15.687794135908742,457789.6638883883,1.2,1960.1100000003999
45.13999999999959,1392.5704277035056,213795.96071077048,213795.96071077048,9.204972138199064,0.07006859370281997,296.0287551471968,15.687794135908742,457792.50000175636,1.2,1958.5800000003999
45.14999999999959,1392.329453165074,213747.33918043762,213747.33918043762,9.204139882178195,0.06999510732176609,296.033172174822,15.687794135908742,457795.33374781255,1.2,1957.0500000004
45.159999999999584,1392.0884868906896,213698.71686931996,213698.71686931996,9.20330749651871,0.06992168448619643,296.03759008262,15.687794135908742,457798.1651279583,1.2,1955.5200000004
45.16999999999958,1391.847528876352,213650.0937749193,213650.0937749193,9.202474981162352,0.06984832515658033,296.04200887070436,15.687794135908742,457800.99414359004,1.2,1953.9900000004
45.17999999999958,1391.6065791180645,213601.4698947364,213601.4698947364,9.201642336050835,0.06977502929336632,296.04642853919046,15.687794135908742,457803.82079610473,1.2,1952.4600000004
45.18999999999958,1391.3656376118329,213552.84522627117,213552.84522627117,9.20080956112583,0.06970179685694677,296.05084908819765,15.687794135908742,457806.64508690184,1.2,1950.9300000004
45.19999999999958,1391.1247043536664,213504.21976702282,213504.21976702282,9.199976656328987,0.06962862780780944,296.05527051784003,15.687794135908742,457809.46701737726,1.2,1949.4000000004
45.209999999999575,1390.8837793395774,213455.59351448962,213455.59351448962,9.199143621601923,0.06955552210640904,296.05969282823423,15.687794135908742,457812.2865889281,1.2,1947.8700000004
45.21999999999957,1390.6428625655813,213406.9664661689,213406.9664661689,9.198310456886208,0.06948247971317746,296.0641160194989,15.687794135908742,457815.10380295257,1.2,1946.3400000004
45.22999999999957,1390.4019540276972,213358.33861955727,213358.33861955727,9.197477162123393,0.0694095005885979,296.06854009175,15.687794135908742,457817.9186608471,1.2,1944.8100000004001
45.23999999999957,1390.1610537219458,213309.70997215045,213309.70997215045,9.196643737254998,0.06933658469317425,296.0729650451028,15.687794135908742,457820.7311640072,1.2,1943.2800000004002
45.24999999999957,1389.920161644353,213261.08052144328,213261.08052144328,9.195810182222498,0.06926373198736697,296.077390879676,15.687794135908742,457823.5413138302,1.2,1941.7500000004002
45.259999999999565,1389.6792777909454,213212.45026492974,213212.45026492974,9.194976496967342,0.06919094243167671,296.0818175955861,15.687794135908742,457826.3491117119,1.2,1940.2200000004002
45.26999999999956,1389.4384021577557,213163.81920010303,213163.81920010303,9.19414268143095,0.06911821598661455,296.0862451929496,15.687794135908742,457829.15455904795,1.2,1938.6900000004002
45.27999999999956,1389.1975347408165,213115.1873244552,213115.1873244552,9.193308735554707,0.06904555261271053,296.0906736718826,15.687794135908742,457831.9576572334,1.2,1937.1600000004003
45.28999999999956,1388.9566755361661,213066.5546354779,213066.5546354779,9.192474659279956,0.06897295227042184,296.09510303250596,15.687794135908742,457834.7584076661,1.2,1935.6300000004003
45.29999999999956,1388.715824539844,213017.92113066153,213017.92113066153,9.191640452548018,0.06890041492033927,296.0995332749331,15.687794135908742,457837.5568117389,1.2,1934.1000000004003
45.309999999999555,1388.4749817478937,212969.286807496,212969.286807496,9.190806115300186,0.06882794052296942,296.10396439928303,15.687794135908742,457840.3528708476,1.2,1932.5700000004003
45.31999999999955,1388.2341471563623,212920.65166346985,212920.65166346985,9.189971647477698,0.06875552903886058,296.108396405673,15.687794135908742,457843.1465863872,1.2,1931.0400000004004
45.32999999999955,1387.9933207612985,212872.0156960713,212872.0156960713,9.189137049021783,0.06868318042857952,296.11282929421935,15.687794135908742,457845.9379597515,1.2,1929.5100000004004
45.33999999999955,1387.7525025587552,212823.37890278723,212823.37890278723,9.188302319873626,0.06861089465266211,296.11726306504124,15.687794135908742,457848.72699233587,1.2,1927.9800000004004
45.34999999999955,1387.5116925447883,212774.74128110398,212774.74128110398,9.187467459974375,0.06853867167169479,296.121697718255,15.687794135908742,457851.5136855335,1.2,1926.4500000004005
45.359999999999545,1387.270890715456,212726.102828507,212726.102828507,9.186632469265154,0.0684665114462326,296.1261332539797,15.687794135908742,457854.29804073955,1.2,1924.9200000004005
45.36999999999954,1387.0300970668204,212677.46354248072,212677.46354248072,9.185797347687053,0.06839441393690184,296.1305696723304,15.687794135908742,457857.0800593457,1.2,1923.3900000004005
45.37999999999954,1386.7893115949464,212628.82342050882,212628.82342050882,9.184962095181119,0.06832237910425551,296.1350069734275,15.687794135908742,457859.85974274704,1.2,1921.8600000004005
45.38999999999954,1386.5485342959018,212580.1824600739,212580.1824600739,9.184126711688375,0.06825040690889882,296.1394451573885,15.687794135908742,457862.63709233695,1.2,1920.3300000004006
45.39999999999954,1386.3077651657568,212531.54065865814,212531.54065865814,9.183291197149815,0.06817849731148573,296.1438842243286,15.687794135908742,457865.41210950626,1.2,1918.8000000004006
45.409999999999535,1386.0670042005863,212482.89801374235,212482.89801374235,9.182455551506386,0.06810665027256924,296.1483241743698,15.687794135908742,457868.1847956506,1.2,1917.2700000004006
45.41999999999953,1385.826251396467,212434.254522807,212434.254522807,9.181619774699012,0.06803486575284268,296.15276500762604,15.687794135908742,457870.9551521597,1.2,1915.7400000004006
45.42999999999953,1385.585506749478,212385.61018333095,212385.61018333095,9.18078386666858,0.06796314371288911,296.15720672421855,15.687794135908742,457873.7231804279,1.2,1914.2100000004007
45.43999999999953,1385.3447702557037,212336.96499279304,212336.96499279304,9.17994782735595,0.06789148411337052,296.1616493242645,15.687794135908742,457876.48888184654,1.2,1912.6800000004007
45.44999999999953,1385.1040419112292,212288.31894867058,212288.31894867058,9.17911165670194,0.06781988691492861,296.1660928078826,15.687794135908742,457879.2522578081,1.2,1911.1500000004007
45.459999999999525,1384.8633217121433,212239.67204844026,212239.67204844026,9.178275354647338,0.06774835207825732,296.1705371751891,15.687794135908742,457882.0133097025,1.2,1909.6200000004008
45.46999999999952,1384.6226096545388,212191.02428957808,212191.02428957808,9.177438921132904,0.06767687956398578,296.1749824263049,15.687794135908742,457884.7720389228,1.2,1908.0900000004008
45.47999999999952,1384.38190573451,212142.37566955885,212142.37566955885,9.176602356099353,0.0676054693328175,296.1794285613467,15.687794135908742,457887.5284468593,1.2,1906.5600000004008
45.48999999999952,1384.1412099481554,212093.72618585665,212093.72618585665,9.175765659487379,0.06753412134543225,296.18387558043344,15.687794135908742,457890.2825349028,1.2,1905.0300000004008
45.49999999999952,1383.9005222915762,212045.07583594474,212045.07583594474,9.17492883123764,0.06746283556249177,296.1883234836856,15.687794135908742,457893.03430444543,1.2,1903.5000000004009
45.509999999999515,1383.6598427608756,211996.42461729527,211996.42461729527,9.174091871290749,0.06739161194475725,296.1927722712183,15.687794135908742,457895.78375687526,1.2,1901.970000000401
45.51999999999951,1383.4191713521614,211947.77252737977,211947.77252737977,9.1732547795873,0.06732045045288824,296.1972219431534,15.687794135908742,457898.53089358454,1.2,1900.440000000401
45.52999999999951,1383.1785080615432,211899.11956366873,211899.11956366873,9.17241755606785,0.06724935104762583,296.2016724996084,15.687794135908742,457901.27571596246,1.2,1898.910000000401
45.53999999999951,1382.9378528851335,211850.465723632,211850.465723632,9.171580200672919,0.06717831368972038,296.2061239407006,15.687794135908742,457904.0182253978,1.2,1897.380000000401
45.54999999999951,1382.697205819049,211801.8110047382,211801.8110047382,9.170742713342992,0.06710733833985241,296.2105762665526,15.687794135908742,457906.75842328224,1.2,1895.850000000401
45.559999999999505,1382.4565668594082,211753.15540445552,211753.15540445552,9.169905094018532,0.06703642495883166,296.21502947727924,15.687794135908742,457909.4963110025,1.2,1894.320000000401
45.5699999999995,1382.2159360023325,211704.49892025065,211704.49892025065,9.16906734263995,0.06696557350735816,296.219483573003,15.687794135908742,457912.23188994976,1.2,1892.790000000401
45.5799999999995,1381.9753132439473,211655.84154958994,211655.84154958994,9.16822945914764,0.06689478394622239,296.2239385538412,15.687794135908742,457914.9651615117,1.2,1891.260000000401
45.5899999999995,1381.7346985803802,211607.18328993866,211607.18328993866,9.167391443481952,0.06682405623619471,296.22839441991323,15.687794135908742,457917.69612707687,1.2,1889.730000000401
45.5999999999995,1381.494092007762,211558.5241387613,211558.5241387613,9.166553295583213,0.06675339033803425,296.23285117133946,15.687794135908742,457920.42478803423,1.2,1888.2000000004011
45.609999999999495,1381.2534935222257,211509.8640935212,211509.8640935212,9.165715015391703,0.06668278621255107,296.23730880823797,15.687794135908742,457923.15114577126,1.2,1886.6700000004012
45.61999999999949,1381.0129031199085,211461.20315168108,211461.20315168108,9.16487660284768,0.06661224382056609,296.24176733072665,15.687794135908742,457925.87520167464,1.2,1885.1400000004012
45.62999999999949,1380.7723207969493,211412.54131070263,211412.54131070263,9.164038057891362,0.06654176312282833,296.2462267389285,15.687794135908742,457928.5969571344,1.2,1883.6100000004012
45.63999999999949,1380.5317465494913,211363.87856804678,211363.87856804678,9.163199380462933,0.06647134408019843,296.2506870329602,15.687794135908742,457931.31641353574,1.2,1882.0800000004012
45.64999999999949,1380.2911803736793,211315.2149211734,211315.2149211734,9.162360570502543,0.06640098665348679,296.2551482129421,15.687794135908742,457934.03357226634,1.2,1880.5500000004013
45.659999999999485,1380.0506222656613,211266.5503675418,211266.5503675418,9.161521627950322,0.06633069080351289,296.2596102789948,15.687794135908742,457936.74843471375,1.2,1879.0200000004013
45.66999999999948,1379.810072221589,211217.88490460988,211217.88490460988,9.160682552746339,0.06626045649111767,296.26407323123794,15.687794135908742,457939.4610022643,1.2,1877.4900000004013
45.67999999999948,1379.5695302376162,211169.2185298352,211169.2185298352,9.159843344830652,0.06619028367716141,296.2685370697907,15.687794135908742,457942.171276304,1.2,1875.9600000004014
45.68999999999948,1379.3289963099,211120.55124067405,211120.55124067405,9.15900400414328,0.06612017232250524,296.27300179477277,15.687794135908742,457944.879258219,1.2,1874.4300000004014
45.69999999999948,1379.0884704346,211071.88303458205,211071.88303458205,9.158164530624203,0.06605012238800921,296.2774674063045,15.687794135908742,457947.58494939515,1.2,1872.9000000004014
45.709999999999475,1378.8479526078795,211023.21390901366,211023.21390901366,9.15732492421337,0.06598013383456448,296.281933904505,15.687794135908742,457950.2883512177,1.2,1871.3700000004014
45.71999999999947,1378.6074428259035,210974.54386142286,210974.54386142286,9.1564851848507,0.06591020662302334,296.28640128949655,15.687794135908742,457952.9894650732,1.2,1869.8400000004015
45.72999999999947,1378.366941084841,210925.87288926245,210925.87288926245,9.155645312476066,0.06584034071433512,296.29086956139565,15.687794135908742,457955.6882923446,1.2,1868.3100000004015
45.73999999999947,1378.1264473808637,210877.2009899843,210877.2009899843,9.154805307029324,0.06577053606934298,296.29533872032636,15.687794135908742,457958.3848344191,1.2,1866.7800000004015
45.74999999999947,1377.8859617101452,210828.5281610395,210828.5281610395,9.15396516845028,0.06570079264898857,296.29980876640707,15.687794135908742,457961.07909268007,1.2,1865.2500000004015
45.759999999999465,1377.6454840688634,210779.8543998784,210779.8543998784,9.153124896678722,0.0656311104141937,296.304279699758,15.687794135908742,457963.7710685119,1.2,1863.7200000004016
45.76999999999946,1377.4050144531975,210731.17970395004,210731.17970395004,9.152284491654385,0.06556148932587116,296.3087515205008,15.687794135908742,457966.4607632993,1.2,1862.1900000004016
45.77999999999946,1377.1645528593313,210682.50407070294,210682.50407070294,9.151443953316988,0.0654919293449831,296.31322422875434,15.687794135908742,457969.14817842527,1.2,1860.6600000004016
45.78999999999946,1376.9240992834502,210633.8274975846,210633.8274975846,9.150603281606209,0.06542243043246287,296.3176978246401,15.687794135908742,457971.8333152739,1.2,1859.1300000004017
45.79999999999946,1376.6836537217428,210585.1499820415,210585.1499820415,9.149762476461682,0.06535299254928409,296.3221723082777,15.687794135908742,457974.5161752278,1.2,1857.6000000004017
45.809999999999455,1376.4432161704008,210536.4715215195,210536.4715215195,9.148921537823021,0.06528361565637092,296.3266476797905,15.687794135908742,457977.19675967185,1.2,1856.0700000004017
45.81999999999945,1376.202786625618,210487.79211346328,210487.79211346328,9.148080465629805,0.06521429971476565,296.3311239392948,15.687794135908742,457979.875069986,1.2,1854.5400000004017
45.82999999999945,1375.9623650835924,210439.1117553168,210439.1117553168,9.147239259821566,0.0651450446853945,296.3356010869153,15.687794135908742,457982.55110755545,1.2,1853.0100000004018
45.83999999999945,1375.7219515405232,210390.43044452302,210390.43044452302,9.146397920337817,0.06507585052927248,296.34007912277144,15.687794135908742,457985.2248737612,1.2,1851.4800000004018
45.84999999999945,1375.481545992614,210341.7481785241,210341.7481785241,9.145556447118027,0.06500671720739361,296.3445580469847,15.687794135908742,457987.896369986,1.2,1849.9500000004018
45.859999999999445,1375.24114843607,210293.06495476112,210293.06495476112,9.144714840101633,0.06493764468076542,296.34903785967634,15.687794135908742,457990.5655976115,1.2,1848.4200000004018
45.86999999999944,1375.0007588670996,210244.3807706745,210244.3807706745,9.14387309922804,0.06486863291044202,296.3535185609652,15.687794135908742,457993.232558018,1.2,1846.8900000004019
45.87999999999944,1374.7603772819143,210195.69562370356,210195.69562370356,9.143031224436621,0.06479968185741207,296.3580001509753,15.687794135908742,457995.8972525885,1.2,1845.360000000402
45.88999999999944,1374.5200036767287,210147.00951128683,210147.00951128683,9.142189215666702,0.06473079148275104,296.3624826298253,15.687794135908742,457998.5596827025,1.2,1843.830000000402
45.89999999999944,1374.279638047759,210098.32243086185,210098.32243086185,9.141347072857588,0.06466196174747861,296.36696599763843,15.687794135908742,458001.21984974184,1.2,1842.300000000402
45.909999999999435,1374.0392803912255,210049.63437986537,210049.63437986537,9.140504795948543,0.06459319261266161,296.37145025453543,15.687794135908742,458003.8777550865,1.2,1840.770000000402
45.91999999999943,1373.7989307033504,210000.94535573295,210000.94535573295,9.139662384878806,0.06452448403934935,296.37593540063887,15.687794135908742,458006.5334001177,1.2,1839.240000000402
45.92999999999943,1373.5585889803592,209952.25535589975,209952.25535589975,9.138819839587565,0.06445583598865108,296.380421436068,15.687794135908742,458009.1867862138,1.2,1837.710000000402
45.93999999999943,1373.3182552184803,209903.56437779954,209903.56437779954,9.137977160013985,0.06438724842164614,296.3849083609448,15.687794135908742,458011.8379147548,1.2,1836.180000000402
45.94999999999943,1373.0779294139447,209854.8724188654,209854.8724188654,9.137134346097199,0.06431872129939604,296.389396175393,15.687794135908742,458014.48678712145,1.2,1834.650000000402
45.959999999999425,1372.8376115629853,209806.17947652956,209806.17947652956,9.13629139777629,0.06425025458303216,296.3938848795326,15.687794135908742,458017.1334046919,1.2,1833.1200000004021
45.96999999999942,1372.5973016618395,209757.48554822314,209757.48554822314,9.13544831499033,0.06418184823365562,296.39837447348606,15.687794135908742,458019.7777688453,1.2,1831.5900000004021
45.97999999999942,1372.3569997067466,209708.79063137653,209708.79063137653,9.134605097678335,0.06411350221239855,296.40286495737456,15.687794135908742,458022.4198809602,1.2,1830.0600000004022
45.98999999999942,1372.116705693948,209660.09472341905,209660.09472341905,9.133761745779298,0.06404521648038478,296.40735633132056,15.687794135908742,458025.05974241486,1.2,1828.5300000004022
45.99999999999942,1371.876419619689,209611.39782177936,209611.39782177936,9.132918259232168,0.06397699099876762,296.4118485954451,15.687794135908742,458027.6973545872,1.2,1827.0000000004022
46.009999999999415,1371.6361414802172,209562.69992388488,209562.69992388488,9.132074637975876,0.06390882572867246,296.4163417498721,15.687794135908742,458030.33271885605,1.2,1825.4700000004023
46.01999999999941,1371.3958712717827,209514.0010271623,209514.0010271623,9.131230881949302,0.06384072063127388,296.4208357947225,15.687794135908742,458032.9658365981,1.2,1823.9400000004023
46.02999999999941,1371.155608990639,209465.3011290376,209465.3011290376,9.130386991091294,0.06377267566775668,296.4253307301175,15.687794135908742,458035.59670919046,1.2,1822.4100000004023
46.03999999999941,1370.9153546330417,209416.60022693544,209416.60022693544,9.129542965340677,0.06370469079926988,296.4298265561813,15.687794135908742,458038.2253380109,1.2,1820.8800000004023
46.04999999999941,1370.6751081952498,209367.8983182797,209367.8983182797,9.128698804636224,0.06363676598700982,296.43432327303566,15.687794135908742,458040.85172443604,1.2,1819.3500000004024
46.059999999999405,1370.4348696735237,209319.1954004935,209319.1954004935,9.12785450891669,0.06356890119220364,296.438820880801,15.687794135908742,458043.47586984123,1.2,1817.8200000004024
46.0699999999994,1370.1946390641288,209270.49147099888,209270.49147099888,9.127010078120778,0.06350109637600265,296.44331937960345,15.687794135908742,458046.0977756047,1.2,1816.2900000004024
46.0799999999994,1369.954416363331,209221.78652721705,209221.78652721705,9.126165512187175,0.063433351499684,296.44781876956154,15.687794135908742,458048.7174431001,1.2,1814.7600000004024
46.0899999999994,1369.7142015673999,209173.0805665683,209173.0805665683,9.125320811054513,0.06336566652440248,296.45231905080254,15.687794135908742,458051.334873706,1.2,1813.2300000004025
46.0999999999994,1369.4739946726086,209124.37358647192,209124.37358647192,9.124475974661404,0.06329804141146497,296.45682022344437,15.687794135908742,458053.95006879483,1.2,1811.7000000004025
46.109999999999395,1369.2337956752312,209075.66558434634,209075.66558434634,9.123631002946427,0.06323047612208665,296.4613222876118,15.687794135908742,458056.5630297428,1.2,1810.1700000004025
46.11999999999939,1368.9936045715458,209026.95655760902,209026.95655760902,9.122785895848109,0.06316297061749124,296.46582524342955,15.687794135908742,458059.17375792615,1.2,1808.6400000004026
46.12999999999939,1368.7534213578328,208978.24650367675,208978.24650367675,9.121940653304959,0.06309552485899139,296.47032909101733,15.687794135908742,458061.7822547175,1.2,1807.1100000004026
46.13999999999939,1368.5132460303757,208929.53541996496,208929.53541996496,9.121095275255442,0.06302813880783298,296.47483383049996,15.687794135908742,458064.3885214921,1.2,1805.5800000004026
46.14999999999939,1368.2730785854596,208880.82330388846,208880.82330388846,9.12024976163799,0.0629608124253215,296.4793394619989,15.687794135908742,458066.99255962326,1.2,1804.0500000004026
46.159999999999386,1368.0329190193738,208832.110152861,208832.110152861,9.119404112391004,0.06289354567272512,296.4838459856389,15.687794135908742,458069.5943704855,1.2,1802.5200000004027
46.16999999999938,1367.7927673284094,208783.39596429566,208783.39596429566,9.118558327452847,0.06282633851134191,296.48835340154335,15.687794135908742,458072.1939554527,1.2,1800.9900000004027
46.17999999999938,1367.55262350886,208734.6807356042,208734.6807356042,9.11771240676184,0.0627591909025192,296.4928617098332,15.687794135908742,458074.79131589644,1.2,1799.4600000004027
46.18999999999938,1367.3124875570225,208685.96446419775,208685.96446419775,9.116866350256275,0.06269210280754825,296.49737091063366,15.687794135908742,458077.38645319076,1.2,1797.9300000004027
46.19999999999938,1367.0723594691963,208637.24714748646,208637.24714748646,9.116020157874424,0.06262507418777974,296.50188100406695,15.687794135908742,458079.9793687079,1.2,1796.4000000004028
46.209999999999376,1366.8322392416835,208588.52878287947,208588.52878287947,9.115173829554488,0.06255810500453607,296.5063919902576,15.687794135908742,458082.57006382046,1.2,1794.8700000004028
46.219999999999374,1366.592126870788,208539.8093677851,208539.8093677851,9.114327365234665,0.06249119521916084,296.51090386932964,15.687794135908742,458085.1585399012,1.2,1793.3400000004028
46.22999999999937,1366.352022352818,208491.08889961054,208491.08889961054,9.113480764853106,0.062424344793046774,296.5154166414045,15.687794135908742,458087.74479832035,1.2,1791.8100000004029
46.23999999999937,1366.1119256840834,208442.36737576238,208442.36737576238,9.112634028347932,0.062357553687540104,296.51993030660736,15.687794135908742,458090.32884045044,1.2,1790.2800000004029
46.24999999999937,1365.871836860897,208393.64479364592,208393.64479364592,9.111787155657208,0.062290821864046296,296.5244448650603,15.687794135908742,458092.91066766175,1.2,1788.750000000403
46.259999999999366,1365.6317558795731,208344.92115066582,208344.92115066582,9.110940146718994,0.062224149283933196,296.52896031688846,15.687794135908742,458095.490281326,1.2,1787.220000000403
46.269999999999364,1365.391682736431,208296.19644422558,208296.19644422558,9.110093001471299,0.06215753590858166,296.533476662217,15.687794135908742,458098.06768281467,1.2,1785.690000000403
46.27999999999936,1365.1516174277908,208247.470671728,208247.470671728,9.10924571985209,0.06209098169944804,296.5379939011667,15.687794135908742,458100.64287349605,1.2,1784.160000000403
46.28999999999936,1364.911559949976,208198.74383057485,208198.74383057485,9.108398301799314,0.062024486617906036,296.5425120338646,15.687794135908742,458103.2158547423,1.2,1782.630000000403
46.29999999999936,1364.671510299312,208150.0159181668,208150.0159181668,9.107550747250873,0.061958050625424935,296.547031060432,15.687794135908742,458105.78662792145,1.2,1781.100000000403
46.309999999999356,1364.431468472128,208101.2869319038,208101.2869319038,9.10670305614463,0.06189167368340124,296.55155098099584,15.687794135908742,458108.3551944046,1.2,1779.570000000403
46.319999999999354,1364.1914344647548,208052.5568691848,208052.5568691848,9.105855228418424,0.06182535575332681,296.5560717956775,15.687794135908742,458110.92155555944,1.2,1778.040000000403
46.32999999999935,1363.9514082735263,208003.8257274078,208003.8257274078,9.105007264010055,0.0617590967966391,296.5605935046026,15.687794135908742,458113.4857127557,1.2,1776.5100000004031
46.33999999999935,1363.7113898947791,207955.09350396993,207955.09350396993,9.104159162857279,0.061692896774813495,296.565116107895,15.687794135908742,458116.04766736185,1.2,1774.9800000004032
46.34999999999935,1363.4713793248525,207906.36019626728,207906.36019626728,9.103310924897823,0.0616267556493008,296.56963960568095,15.687794135908742,458118.607420747,1.2,1773.4500000004032
46.359999999999346,1363.231376560088,207857.62580169502,207857.62580169502,9.102462550069387,0.06156067338163775,296.5741639980817,15.687794135908742,458121.1649742777,1.2,1771.9200000004032
46.369999999999344,1362.9913815968298,207808.89031764743,207808.89031764743,9.101614038309613,0.06149464993328661,296.5786892852242,15.687794135908742,458123.72032932285,1.2,1770.3900000004032
46.37999999999934,1362.751394431425,207760.1537415178,207760.1537415178,9.100765389556129,0.06142868526576031,296.5832154672327,15.687794135908742,458126.27348725,1.2,1768.8600000004033
46.38999999999934,1362.511415060223,207711.4160706987,207711.4160706987,9.099916603746516,0.06136277934058163,296.58774254423173,15.687794135908742,458128.82444942585,1.2,1767.3300000004033
46.39999999999934,1362.2714434795762,207662.67730258132,207662.67730258132,9.09906768081833,0.06129693211928501,296.5922705163454,15.687794135908742,458131.3732172174,1.2,1765.8000000004033
46.409999999999336,1362.0314796858388,207613.93743455628,207613.93743455628,9.098218620709071,0.06123114356339765,296.5967993836994,15.687794135908742,458133.9197919915,1.2,1764.2700000004033
46.419999999999334,1361.7915236753688,207565.19646401313,207565.19646401313,9.097369423356223,0.06116541363447603,296.6013291464181,15.687794135908742,458136.4641751141,1.2,1762.7400000004034
46.42999999999933,1361.551575444526,207516.4543883405,207516.4543883405,9.09652008869723,0.06109974229408836,296.60585980462565,15.687794135908742,458139.0063679509,1.2,1761.2100000004034
46.43999999999933,1361.3116349896723,207467.711204926,207467.711204926,9.095670616669493,0.0610341295037782,296.61039135844885,15.687794135908742,458141.54637186875,1.2,1759.6800000004034
46.44999999999933,1361.0717023071734,207418.96691115652,207418.96691115652,9.094821007210378,0.06096857522515337,296.61492380801076,15.687794135908742,458144.0841882316,1.2,1758.1500000004035
46.459999999999326,1360.8317773933973,207370.22150441763,207370.22150441763,9.09397126025723,0.06090307941977071,296.6194571534387,15.687794135908742,458146.61981840624,1.2,1756.6200000004035
46.469999999999324,1360.5918602447132,207321.47498209425,207321.47498209425,9.093121375747335,0.06083764204925214,296.6239913948564,15.687794135908742,458149.15326375625,1.2,1755.0900000004035
46.47999999999932,1360.351950857495,207272.7273415704,207272.7273415704,9.092271353617962,0.06077226307518667,296.6285265323903,15.687794135908742,458151.68452564714,1.2,1753.5600000004035
46.48999999999932,1360.112049228117,207223.97858022884,207223.97858022884,9.091421193806337,0.06070694245923763,296.63306256616295,15.687794135908742,458154.2136054412,1.2,1752.0300000004036
46.49999999999932,1359.872155352958,207175.22869545172,207175.22869545172,9.090570896249645,0.060641680162969905,296.6375994963042,15.687794135908742,458156.7405045052,1.2,1750.5000000004036
46.509999999999316,1359.6322692283984,207126.47768461995,207126.47768461995,9.089720460885042,0.06057647614805176,296.64213732293734,15.687794135908742,458159.26522420143,1.2,1748.9700000004036
46.519999999999314,1359.392390850821,207077.72554511376,207077.72554511376,9.088869887649654,0.06051133037615252,296.64667604618677,15.687794135908742,458161.78776589263,1.2,1747.4400000004036
46.52999999999931,1359.1525202166117,207028.97227431217,207028.97227431217,9.088019176480552,0.060446242808918645,296.651215666179,15.687794135908742,458164.30813094217,1.2,1745.9100000004037
46.53999999999931,1358.9126573221583,206980.2178695936,206980.2178695936,9.087168327314789,0.06038121340801516,296.65575618304007,15.687794135908742,458166.8263207131,1.2,1744.3800000004037
46.54999999999931,1358.6728021638514,206931.46232833504,206931.46232833504,9.086317340089366,0.06031624213511065,296.6602975968966,15.687794135908742,458169.3423365682,1.2,1742.8500000004037
46.559999999999306,1358.4329547380848,206882.70564791287,206882.70564791287,9.085466214741272,0.06025132895192941,296.66483990787196,15.687794135908742,458171.85617986857,1.2,1741.3200000004038
46.569999999999304,1358.1931150412538,206833.94782570252,206833.94782570252,9.084614951207433,0.06018647382015404,296.6693831160935,15.687794135908742,458174.36785197636,1.2,1739.7900000004038
46.5799999999993,1357.9532830697572,206785.18885907836,206785.18885907836,9.08376354942475,0.06012167670146898,296.6739272216889,15.687794135908742,458176.87735425454,1.2,1738.2600000004038
46.5899999999993,1357.7134588199951,206736.42874541372,206736.42874541372,9.082912009330098,0.06005693755763385,296.6784722247817,15.687794135908742,458179.3846880626,1.2,1736.7300000004038
46.5999999999993,1357.4736422883716,206687.66748208134,206687.66748208134,9.082060330860296,0.05999225635037375,296.68301812549834,15.687794135908742,458181.8898547617,1.2,1735.2000000004039
46.609999999999296,1357.2338334712917,206638.90506645245,206638.90506645245,9.081208513952141,0.05992763304139942,296.6875649239672,15.687794135908742,458184.39285571396,1.2,1733.670000000404
46.619999999999294,1356.994032365165,206590.14149589778,206590.14149589778,9.080356558542395,0.05986306759252248,296.6921126203105,15.687794135908742,458186.89369227696,1.2,1732.140000000404
46.62999999999929,1356.7542389664013,206541.3767677869,206541.3767677869,9.079504464567766,0.0597985599654491,296.6966612146585,15.687794135908742,458189.39236581326,1.2,1730.610000000404
46.63999999999929,1356.5144532714144,206492.61087948852,206492.61087948852,9.078652231964945,0.05973411012197883,296.70121070713566,15.687794135908742,458191.88887768134,1.2,1729.080000000404
46.64999999999929,1356.2746752766202,206443.84382837033,206443.84382837033,9.077799860670584,0.059669718023885425,296.7057610978691,15.687794135908742,458194.38322924107,1.2,1727.550000000404
46.659999999999286,1356.0349049784372,206395.07561179905,206395.07561179905,9.076947350621285,0.05960538363296485,296.7103123869853,15.687794135908742,458196.87542185147,1.2,1726.020000000404
46.669999999999284,1355.7951423732861,206346.3062271404,206346.3062271404,9.076094701753627,0.05954110691103252,296.7148645746101,15.687794135908742,458199.3654568708,1.2,1724.490000000404
46.67999999999928,1355.5553874575903,206297.5356717593,206297.5356717593,9.075241914004154,0.05947688781987129,296.7194176608723,15.687794135908742,458201.8533356589,1.2,1722.960000000404
46.68999999999928,1355.315640227776,206248.7639430196,206248.7639430196,9.07438898730936,0.05941272632134651,296.7239716458959,15.687794135908742,458204.33905957226,1.2,1721.430000000404
46.69999999999928,1355.0759006802714,206199.99103828418,206199.99103828418,9.073535921605712,0.05934862237728273,296.72852652980845,15.687794135908742,458206.82262996904,1.2,1719.9000000004041
46.709999999999276,1354.836168811507,206151.216954915,206151.216954915,9.072682716829641,0.059284575949505744,296.7330823127383,15.687794135908742,458209.30404820776,1.2,1718.3700000004042
46.719999999999274,1354.5964446179164,206102.44169027297,206102.44169027297,9.071829372917543,0.05922058699988142,296.7376389948117,15.687794135908742,458211.78331564536,1.2,1716.8400000004042
46.72999999999927,1354.3567280959355,206053.66524171812,206053.66524171812,9.070975889805764,0.05915665549030463,296.74219657615373,15.687794135908742,458214.2604336375,1.2,1715.3100000004042
46.73999999999927,1354.1170192420022,206004.88760660958,206004.88760660958,9.070122267430627,0.05909278138260984,296.7467550568945,15.687794135908742,458216.7354035423,1.2,1713.7800000004042
46.74999999999927,1353.8773180525577,205956.10878230538,205956.10878230538,9.069268505728424,0.059028964638697126,296.7513144371603,15.687794135908742,458219.2082267162,1.2,1712.2500000004043
46.759999999999266,1353.637624524045,205907.32876616254,205907.32876616254,9.068414604635388,0.058965205220479176,296.7558747170775,15.687794135908742,458221.67890451394,1.2,1710.7200000004043
46.769999999999264,1353.3979386529095,205858.5475555374,205858.5475555374,9.06756056408773,0.05890150308986222,296.7604358967735,15.687794135908742,458224.14743829175,1.2,1709.1900000004043
46.77999999999926,1353.1582604355995,205809.76514778502,205809.76514778502,9.066706384021634,0.05883785820875426,296.7649979763765,15.687794135908742,458226.6138294052,1.2,1707.6600000004044
46.78999999999926,1352.9185898685655,205760.9815402596,205760.9815402596,9.065852064373221,0.05877427053908512,296.76956095601406,15.687794135908742,458229.0780792095,1.2,1706.1300000004044
46.79999999999926,1352.6789269482601,205712.19673031443,205712.19673031443,9.0649976050786,0.05871074004283217,296.774124835811,15.687794135908742,458231.540189058,1.2,1704.6000000004044
46.809999999999256,1352.4392716711395,205663.41071530175,205663.41071530175,9.064143006073834,0.05864726668188675,296.7786896158992,15.687794135908742,458234.00016030733,1.2,1703.0700000004044
46.819999999999254,1352.1996240336607,205614.62349257286,205614.62349257286,9.063288267294938,0.05858385041825713,296.78325529640307,15.687794135908742,458236.45799430966,1.2,1701.5400000004045
46.82999999999925,1351.9599840322849,205565.83505947815,205565.83505947815,9.06243338867791,0.05852049121389457,296.7878218774519,15.687794135908742,458238.9136924198,1.2,1700.0100000004045
46.83999999999925,1351.720351663474,205517.04541336704,205517.04541336704,9.061578370158701,0.058457189030796546,296.79238935917243,15.687794135908742,458241.36725599057,1.2,1698.4800000004045
46.84999999999925,1351.480726923694,205468.25455158774,205468.25455158774,9.060723211673222,0.05839394383094581,296.7969577416933,15.687794135908742,458243.8186863757,1.2,1696.9500000004045
46.859999999999246,1351.2411098094117,205419.46247148787,205419.46247148787,9.05986791315735,0.05833075557634641,296.8015270251426,15.687794135908742,458246.267984928,1.2,1695.4200000004046
46.869999999999244,1351.0015003170975,205370.66917041372,205370.66917041372,9.05901247454693,0.058267624229022465,296.80609720964765,15.687794135908742,458248.71515299944,1.2,1693.8900000004046
46.87999999999924,1350.7618984432233,205321.87464571075,205321.87464571075,9.05815689577777,0.05820454975099285,296.81066829533705,15.687794135908742,458251.16019194253,1.2,1692.3600000004046
46.88999999999924,1350.5223041842646,205273.0788947236,205273.0788947236,9.057301176785627,0.05814153210429693,296.81524028233883,15.687794135908742,458253.60310310934,1.2,1690.8300000004047
46.89999999999924,1350.2827175366983,205224.28191479572,205224.28191479572,9.056445317506235,0.05807857125099447,296.8198131707802,15.687794135908742,458256.04388785065,1.2,1689.3000000004047
46.909999999999236,1350.0431384970038,205175.48370326962,205175.48370326962,9.055589317875295,0.05801566715312405,296.82438696079106,15.687794135908742,458258.4825475185,1.2,1687.7700000004047
46.919999999999234,1349.8035670616637,205126.68425748692,205126.68425748692,9.054733177828448,0.05795281977275909,296.82896165249934,15.687794135908742,458260.91908346367,1.2,1686.2400000004047
46.92999999999923,1349.5640032271617,205077.8835747882,205077.8835747882,9.053876897301324,0.05789002907199701,296.8335372460322,15.687794135908742,458263.3534970361,1.2,1684.7100000004048
46.93999999999923,1349.324446989985,205029.08165251283,205029.08165251283,9.053020476229502,0.05782729501291053,296.8381137415196,15.687794135908742,458265.7857895866,1.2,1683.1800000004048
46.94999999999923,1349.084898346623,204980.27848799998,204980.27848799998,9.052163914548524,0.05776461755759341,296.84269113909045,15.687794135908742,458268.21596246556,1.2,1681.6500000004048
46.959999999999226,1348.8453572935673,204931.4740785868,204931.4740785868,9.051307212193896,0.05770199666817773,296.84726943887216,15.687794135908742,458270.64401702164,1.2,1680.1200000004048
46.969999999999224,1348.6058238273113,204882.66842161017,204882.66842161017,9.050450369101094,0.05763943230678965,296.85184864099307,15.687794135908742,458273.06995460426,1.2,1678.5900000004049
46.97999999999922,1348.3662979443516,204833.8615144058,204833.8615144058,9.049593385205545,0.05757692443553367,296.85642874558425,15.687794135908742,458275.49377656326,1.2,1677.060000000405
46.98999999999922,1348.126779641187,204785.05335430842,204785.05335430842,9.048736260442645,0.05751447301660406,296.8610097527709,15.687794135908742,458277.91548424546,1.2,1675.530000000405
46.99999999999922,1347.8872689143186,204736.2439386516,204736.2439386516,9.04787899474776,0.057452078012102836,296.8655916626858,15.687794135908742,458280.3350790013,1.2,1674.000000000405
47.009999999999216,1347.64776576025,204687.43326476816,204687.43326476816,9.047021588056202,0.057389739384230636,296.87017447545566,15.687794135908742,458282.7525621774,1.2,1672.470000000405
47.019999999999214,1347.4082701754865,204638.62132998995,204638.62132998995,9.046164040303253,0.0573274570951483,296.8747581912106,15.687794135908742,458285.16793512215,1.2,1670.940000000405
47.02999999999921,1347.1687821565365,204589.80813164762,204589.80813164762,9.045306351424165,0.05726523110706416,296.87934281007836,15.687794135908742,458287.58119918185,1.2,1669.410000000405
47.03999999999921,1346.9293016999109,204540.99366707107,204540.99366707107,9.04444852135415,0.0572030613821713,296.88392833218865,15.687794135908742,458289.992355704,1.2,1667.880000000405
47.04999999999921,1346.689828802122,204492.17793358906,204492.17793358906,9.04359055002837,0.05714094788265106,296.88851475767285,15.687794135908742,458292.40140603646,1.2,1666.350000000405
47.05999999999921,1346.4503634596858,204443.36092852935,204443.36092852935,9.042732437381963,0.05707889057077285,296.89310208665677,15.687794135908742,458294.80835152324,1.2,1664.8200000004051
47.069999999999204,1346.2109056691188,204394.5426492189,204394.5426492189,9.041874183350028,0.05701688940873267,296.89769031927256,15.687794135908742,458297.21319351223,1.2,1663.2900000004051
47.0799999999992,1345.9714554269417,204345.72309298336,204345.72309298336,9.041015787867616,0.05695494435880698,296.9022794556472,15.687794135908742,458299.6159333477,1.2,1661.7600000004052
47.0899999999992,1345.7320127296766,204296.90225714768,204296.90225714768,9.040157250869752,0.05689305538321708,296.9068694959128,15.687794135908742,458302.01657237613,1.2,1660.2300000004052
47.0999999999992,1345.492577573848,204248.08013903577,204248.08013903577,9.039298572291429,0.056831222444229994,296.9114604401988,15.687794135908742,458304.41511194257,1.2,1658.7000000004052
47.1099999999992,1345.2531499559823,204199.2567359705,204199.2567359705,9.038439752067577,0.056769445504149835,296.91605228863284,15.687794135908742,458306.8115533906,1.2,1657.1700000004053
47.119999999999195,1345.0137298726095,204150.4320452737,204150.4320452737,9.037580790133111,0.05670772452524345,296.9206450413463,15.687794135908742,458309.20589806547,1.2,1655.6400000004053
47.12999999999919,1344.7743173202612,204101.6060642663,204101.6060642663,9.036721686422908,0.05664605946981356,296.92523869846866,15.687794135908742,458311.5981473107,1.2,1654.1100000004053
47.13999999999919,1344.5349122954703,204052.7787902681,204052.7787902681,9.03586244087179,0.0565844503001769,296.9298332601293,15.687794135908742,458313.9883024702,1.2,1652.5800000004053
47.14999999999919,1344.2955147947737,204003.95022059805,204003.95022059805,9.03500305341456,0.056522896978643676,296.93442872645903,15.687794135908742,458316.3763648874,1.2,1651.0500000004054
47.15999999999919,1344.05612481471,203955.1203525743,203955.1203525743,9.034143523985977,0.05646139946755553,296.9390250975872,15.687794135908742,458318.762335905,1.2,1649.5200000004054
47.169999999999185,1343.8167423518194,203906.28918351344,203906.28918351344,9.03328385252075,0.056399957729255976,296.9436223736438,15.687794135908742,458321.1462168655,1.2,1647.9900000004054
47.17999999999918,1343.5773674026455,203857.45671073155,203857.45671073155,9.03242403895357,0.05633857172609338,296.94822055475953,15.687794135908742,458323.5280091118,1.2,1646.4600000004054
47.18999999999918,1343.3379999637336,203808.62293154345,203808.62293154345,9.031564083219077,0.05627724142041979,296.9528196410657,15.687794135908742,458325.9077139859,1.2,1644.9300000004055
47.19999999999918,1343.0986400316315,203759.7878432633,203759.7878432633,9.030703985251884,0.05621596677464171,296.9574196326903,15.687794135908742,458328.2853328287,1.2,1643.4000000004055
47.20999999999918,1342.8592876028883,203710.95144320367,203710.95144320367,9.02984374498655,0.056154747751118485,296.9620205297659,15.687794135908742,458330.66086698265,1.2,1641.8700000004055
47.219999999999175,1342.6199426740577,203662.11372867695,203662.11372867695,9.02898336235761,0.05609358431227341,296.9666223324211,15.687794135908742,458333.03431778756,1.2,1640.3400000004056
47.22999999999917,1342.3806052416935,203613.27469699376,203613.27469699376,9.028122837299561,0.056032476420507904,296.9712250407871,15.687794135908742,458335.40568658453,1.2,1638.8100000004056
47.23999999999917,1342.1412753023524,203564.43434546405,203564.43434546405,9.02726216974685,0.05597142403823538,296.9758286549952,15.687794135908742,458337.77497471403,1.2,1637.2800000004056
47.24999999999917,1341.9019528525932,203515.59267139697,203515.59267139697,9.026401359633892,0.055910427127899336,296.98043317517516,15.687794135908742,458340.1421835158,1.2,1635.7500000004056
47.25999999999917,1341.6626378889787,203466.74967210027,203466.74967210027,9.025540406895077,0.05584948565193839,296.98503860145826,15.687794135908742,458342.5073143295,1.2,1634.2200000004057
47.269999999999165,1341.4233304080708,203417.90534488088,203417.90534488088,9.02467931146473,0.05578859957281995,296.98964493397426,15.687794135908742,458344.87036849407,1.2,1632.6900000004057
47.27999999999916,1341.1840304064367,203369.05968704482,203369.05968704482,9.023818073277166,0.05572776885299072,296.99425217285557,15.687794135908742,458347.23134734895,1.2,1631.1600000004057
47.28999999999916,1340.944737880644,203320.21269589712,203320.21269589712,9.022956692266648,0.05566699345492705,296.99886031823326,15.687794135908742,458349.5902522331,1.2,1629.6300000004057
47.29999999999916,1340.7054528272633,203271.36436874155,203271.36436874155,9.022095168367395,0.0556062733411418,297.0034693702366,15.687794135908742,458351.9470844837,1.2,1628.1000000004058
47.30999999999916,1340.4661752428674,203222.5147028811,203222.5147028811,9.021233501513596,0.05554560847410321,297.0080793289991,15.687794135908742,458354.30184543994,1.2,1626.5700000004058
47.319999999999155,1340.226905124031,203173.6636956177,203173.6636956177,9.02037169163941,0.05548499881635757,297.0126901946492,15.687794135908742,458356.65453643794,1.2,1625.0400000004058
47.32999999999915,1339.9876424673316,203124.8113442522,203124.8113442522,9.019509738678936,0.05542444433040582,297.01730196732,15.687794135908742,458359.0051588159,1.2,1623.5100000004059
47.33999999999915,1339.7483872693483,203075.95764608463,203075.95764608463,9.018647642566254,0.05536394497878628,297.02191464714247,15.687794135908742,458361.35371391044,1.2,1621.9800000004059
47.34999999999915,1339.5091395266631,203027.10259841383,203027.10259841383,9.017785403235399,0.055303500724049735,297.0265282342475,15.687794135908742,458363.70020305796,1.2,1620.450000000406
47.35999999999915,1339.2698992358596,202978.24619853764,202978.24619853764,9.016923020620371,0.055243111528742866,297.03114272876746,15.687794135908742,458366.044627595,1.2,1618.920000000406
47.369999999999145,1339.0306663935244,202929.3884437531,202929.3884437531,9.016060494655118,0.0551827773554577,297.03575813083194,15.687794135908742,458368.38698885654,1.2,1617.390000000406
47.37999999999914,1338.7914409962455,202880.529331356,202880.529331356,9.015197825273566,0.05512249816674217,297.04037444057514,15.687794135908742,458370.7272881792,1.2,1615.860000000406
47.38999999999914,1338.5522230406136,202831.6688586413,202831.6688586413,9.014335012409603,0.05506227392519724,297.0449916581279,15.687794135908742,458373.0655268979,1.2,1614.330000000406
47.39999999999914,1338.313012523222,202782.80702290268,202782.80702290268,9.013472055997061,0.05500210459345252,297.0496097836199,15.687794135908742,458375.40170634625,1.2,1612.800000000406
47.40999999999914,1338.0738094406652,202733.94382143326,202733.94382143326,9.01260895596975,0.05494199013410096,297.05422881718465,15.687794135908742,458377.73582785967,1.2,1611.270000000406
47.419999999999135,1337.8346137895405,202685.07925152467,202685.07925152467,9.011745712261439,0.05488193050975708,297.0588487589548,15.687794135908742,458380.0678927725,1.2,1609.740000000406
47.42999999999913,1337.5954255664478,202636.21331046784,202636.21331046784,9.010882324805848,0.054821925683064106,297.0634696090619,15.687794135908742,458382.39790241845,1.2,1608.2100000004061
47.43999999999913,1337.3562447679883,202587.3459955526,202587.3459955526,9.010018793536673,0.05476197561669388,297.06809136763616,15.687794135908742,458384.7258581297,1.2,1606.6800000004062
47.44999999999913,1337.1170713907663,202538.47730406772,202538.47730406772,9.009155118387563,0.0547020802732815,297.07271403481155,15.687794135908742,458387.0517612407,1.2,1605.1500000004062
47.45999999999913,1336.8779054313877,202489.60723330098,202489.60723330098,9.008291299292129,0.05464223961550845,297.07733761071955,15.687794135908742,458389.37561308354,1.2,1603.6200000004062
47.469999999999125,1336.6387468864614,202440.73578053917,202440.73578053917,9.007427336183943,0.05458245360605204,297.0819620954928,15.687794135908742,458391.69741499063,1.2,1602.0900000004062
47.47999999999912,1336.3995957525967,202391.86294306815,202391.86294306815,9.006563228996542,0.054522722207618196,297.08658748926274,15.687794135908742,458394.01716829377,1.2,1600.5600000004063
47.48999999999912,1336.1604520264073,202342.98871817248,202342.98871817248,9.005698977663425,0.05446304538290201,297.09121379216265,15.687794135908742,458396.3348743251,1.2,1599.0300000004063
47.49999999999912,1335.9213157045078,202294.11310313607,202294.11310313607,9.004834582118042,0.05440342309461801,297.09584100432517,15.687794135908742,458398.6505344156,1.2,1597.5000000004063
47.50999999999912,1335.6821867835151,202245.23609524153,202245.23609524153,9.003970042293815,0.054343855305518975,297.10046912588103,15.687794135908742,458400.9641498958,1.2,1595.9700000004063
47.519999999999115,1335.443065260049,202196.35769177062,202196.35769177062,9.003105358124131,0.05428434197832178,297.10509815696474,15.687794135908742,458403.27572209697,1.2,1594.4400000004064
47.52999999999911,1335.2039511307303,202147.477890004,202147.477890004,9.00224052954232,0.054224883075770794,297.10972809770954,15.687794135908742,458405.58525234956,1.2,1592.9100000004064
47.53999999999911,1334.9648443921828,202098.59668722138,202098.59668722138,9.001375556481687,0.054165478560665656,297.1143589482454,15.687794135908742,458407.8927419821,1.2,1591.3800000004064
47.54999999999911,1334.725745041032,202049.71408070115,202049.71408070115,9.000510438875505,0.05410612839573653,297.11899070870874,15.687794135908742,458410.19819232624,1.2,1589.8500000004065
47.55999999999911,1334.4866530739064,202000.8300677213,202000.8300677213,8.999645176656987,0.05404683254381521,297.1236233792289,15.687794135908742,458412.5016047089,1.2,1588.3200000004065
47.569999999999105,1334.2475684874362,201951.9446455582,201951.9446455582,8.998779769759322,0.05398759096769036,297.1282569599396,15.687794135908742,458414.8029804596,1.2,1586.7900000004065
47.5799999999991,1334.0084912782527,201903.0578114876,201903.0578114876,8.997914218115662,0.05392840363017133,297.13289145097417,15.687794135908742,458417.1023209067,1.2,1585.2600000004065
47.5899999999991,1333.7694214429912,201854.16956278388,201854.16956278388,8.997048521659108,0.05386927049406332,297.1375268524668,15.687794135908742,458419.39962737897,1.2,1583.7300000004066
47.5999999999991,1333.5303589782884,201805.27989672057,201805.27989672057,8.99618268032273,0.05381019152221006,297.1421631645501,15.687794135908742,458421.69490120397,1.2,1582.2000000004066
47.6099999999991,1333.2913038807824,201756.38881057035,201756.38881057035,8.995316694039564,0.05375116667745855,297.146800387357,15.687794135908742,458423.98814370873,1.2,1580.6700000004066
47.619999999999095,1333.052256147114,201707.4963016046,201707.4963016046,8.994450562742593,0.05369219592266241,297.15143852102136,15.687794135908742,458426.2793562206,1.2,1579.1400000004066
47.62999999999909,1332.813215773927,201658.6023670937,201658.6023670937,8.99358428636477,0.053633279220701775,297.15607756567545,15.687794135908742,458428.5685400655,1.2,1577.6100000004067
47.63999999999909,1332.5741827578654,201609.70700430725,201609.70700430725,8.992717864839014,0.05357441653445513,297.1607175214531,15.687794135908742,458430.8556965703,1.2,1576.0800000004067
47.64999999999909,1332.3351570955779,201560.81021051356,201560.81021051356,8.991851298098192,0.05351560782681383,297.16535838848785,15.687794135908742,458433.14082706085,1.2,1574.5500000004067
47.65999999999909,1332.0961387837128,201511.91198298012,201511.91198298012,8.99098458607514,0.05345685306066568,297.1700001669146,15.687794135908742,458435.423932863,1.2,1573.0200000004068
47.669999999999085,1331.8571278189224,201463.0123189731,201463.0123189731,8.99011772870265,0.05339815219894348,297.17464285686566,15.687794135908742,458437.7050153018,1.2,1571.4900000004068
47.67999999999908,1331.6181241978597,201414.11121575796,201414.11121575796,8.989250725913488,0.053339505204585067,297.17928645847417,15.687794135908742,458439.98407570133,1.2,1569.9600000004068
47.68999999999908,1331.379127917181,201365.20867059898,201365.20867059898,8.988383577640361,0.053280912040509165,297.1839309718754,15.687794135908742,458442.261115387,1.2,1568.4300000004068
47.69999999999908,1331.1401389735438,201316.3046807594,201316.3046807594,8.987516283815948,0.053222372669687275,297.18857639720176,15.687794135908742,458444.5361356825,1.2,1566.9000000004069
47.70999999999908,1330.9011573636085,201267.3992435016,201267.3992435016,8.986648844372894,0.053163887055071773,297.19322273458806,15.687794135908742,458446.8091379116,1.2,1565.370000000407
47.719999999999075,1330.6621830840372,201218.49235608644,201218.49235608644,8.985781259243788,0.05310545515962073,297.1978699841697,15.687794135908742,458449.0801233986,1.2,1563.840000000407
47.72999999999907,1330.4232161314944,201169.58401577445,201169.58401577445,8.984913528361194,0.05304707694634401,297.20251814607894,15.687794135908742,458451.3490934655,1.2,1562.310000000407
47.73999999999907,1330.184256502646,201120.6742198246,201120.6742198246,8.984045651657636,0.05298875237824924,297.20716722044926,15.687794135908742,458453.61604943464,1.2,1560.780000000407
47.74999999999907,1329.9453041941601,201071.76296549503,201071.76296549503,8.983177629065585,0.052930481418332995,297.21181720741606,15.687794135908742,458455.880992629,1.2,1559.250000000407
47.75999999999907,1329.7063592027084,201022.85025004297,201022.85025004297,8.982309460517492,0.05287226402962036,297.2164681071134,15.687794135908742,458458.1439243703,1.2,1557.720000000407
47.769999999999065,1329.467421524963,200973.93607072422,200973.93607072422,8.981441145945755,0.05281410017512704,297.2211199196773,15.687794135908742,458460.40484598104,1.2,1556.190000000407
47.77999999999906,1329.228491157598,200925.0204247939,200925.0204247939,8.980572685282734,0.05275598981794315,297.22577264523864,15.687794135908742,458462.66375878046,1.2,1554.660000000407
47.78999999999906,1328.9895680972913,200876.10330950606,200876.10330950606,8.979704078460752,0.05269793292107028,297.2304262839364,15.687794135908742,458464.92066409177,1.2,1553.130000000407
47.79999999999906,1328.750652340721,200827.18472211354,200827.18472211354,8.978835325412097,0.05263992944764113,297.2350808359004,15.687794135908742,458467.17556323303,1.2,1551.6000000004071
47.80999999999906,1328.5117438845687,200778.26465986826,200778.26465986826,8.97796642606901,0.05258197936069928,297.2397363012683,15.687794135908742,458469.42845752585,1.2,1550.0700000004072
47.819999999999055,1328.272842725517,200729.34312002102,200729.34312002102,8.977097380363691,0.05252408262336334,297.24439268017284,15.687794135908742,458471.6793482889,1.2,1548.5400000004072
47.82999999999905,1328.0339488602513,200680.42009982187,200680.42009982187,8.976228188228308,0.052466239198696245,297.24904997275235,15.687794135908742,458473.9282368433,1.2,1547.0100000004072
47.83999999999905,1327.7950622854592,200631.49559651938,200631.49559651938,8.97535884959499,0.05240844904985005,297.25370817913904,15.687794135908742,458476.1751245068,1.2,1545.4800000004072
47.84999999999905,1327.5561829978292,200582.56960736134,200582.56960736134,8.974489364395815,0.05235071213996073,297.25836729946747,15.687794135908742,458478.42001259763,1.2,1543.9500000004073
47.85999999999905,1327.317310994053,200533.64212959458,200533.64212959458,8.973619732562828,0.05229302843215201,297.26302733387394,15.687794135908742,458480.66290243494,1.2,1542.4200000004073
47.869999999999045,1327.0784462708243,200484.7131604647,200484.7131604647,8.972749954028043,0.052235397889586484,297.26768828249305,15.687794135908742,458482.9037953362,1.2,1540.8900000004073
47.87999999999904,1326.8395888248383,200435.7826972162,200435.7826972162,8.971880028723415,0.05217782047542947,297.27235014546,15.687794135908742,458485.142692619,1.2,1539.3600000004074
47.88999999999904,1326.6007386527926,200386.85073709284,200386.85073709284,8.971009956580874,0.052120296152861005,297.27701292290993,15.687794135908742,458487.3795956003,1.2,1537.8300000004074
47.89999999999904,1326.3618957513868,200337.91727733714,200337.91727733714,8.97013973753231,0.052062824885082244,297.2816766149773,15.687794135908742,458489.6145055966,1.2,1536.3000000004074
47.90999999999904,1326.123060117322,200288.98231519057,200288.98231519057,8.969269371509561,0.05200540663526748,297.28634122179966,15.687794135908742,458491.8474239253,1.2,1534.7700000004074
47.919999999999035,1325.8842317473031,200240.04584789355,200240.04584789355,8.968398858444443,0.051948041366651876,297.29100674351093,15.687794135908742,458494.0783519016,1.2,1533.2400000004075
47.92999999999903,1325.6454106380347,200191.10787268556,200191.10787268556,8.967528198268717,0.051890729042444135,297.29567318024806,15.687794135908742,458496.307290842,1.2,1531.7100000004075
47.93999999999903,1325.4065967862248,200142.16838680496,200142.16838680496,8.966657390914104,0.05183346962592088,297.3003405321435,15.687794135908742,458498.53424206004,1.2,1530.1800000004075
47.94999999999903,1325.1677901885837,200093.22738748908,200093.22738748908,8.965786436312301,0.051776263080294475,297.3050087993361,15.687794135908742,458500.7592068723,1.2,1528.6500000004075
47.95999999999903,1324.9289908418223,200044.28487197412,200044.28487197412,8.964915334394952,0.051719109368860317,297.30967798195906,15.687794135908742,458502.98218659195,1.2,1527.1200000004076
47.969999999999025,1324.6901987426554,199995.34083749555,199995.34083749555,8.964044085093656,0.05166200845486488,297.3143480801504,15.687794135908742,458505.2031825344,1.2,1525.5900000004076
47.97999999999902,1324.4514138877985,199946.39528128732,199946.39528128732,8.963172688339986,0.05160496030161406,297.31901909404456,15.687794135908742,458507.4221960125,1.2,1524.0600000004076
47.98999999999902,1324.212636273969,199897.4482005825,199897.4482005825,8.962301144065464,0.05154796487238131,297.32369102377965,15.687794135908742,458509.63922834076,1.2,1522.5300000004077
47.99999999999902,1323.9738658978877,199848.49959261346,199848.49959261346,8.961429452201582,0.05149102213051445,297.32836386948867,15.687794135908742,458511.8542808307,1.2,1521.0000000004077
48.00999999999902,1323.7351027562759,199799.54945461097,199799.54945461097,8.960557612679779,0.051434132039321005,297.3330376313091,15.687794135908742,458514.0673547958,1.2,1519.4700000004077
48.019999999999015,1323.4963468458577,199750.59778380522,199750.59778380522,8.959685625431463,0.05137729456214438,297.33771230937646,15.687794135908742,458516.27845154767,1.2,1517.9400000004077
48.02999999999901,1323.257598163359,199701.64457742506,199701.64457742506,8.958813490388005,0.05132050966230372,297.3423879038295,15.687794135908742,458518.48757239967,1.2,1516.4100000004078
48.03999999999901,1323.018856705508,199652.68983269844,199652.68983269844,8.95794120748072,0.051263777303199455,297.3470644148011,15.687794135908742,458520.69471866166,1.2,1514.8800000004078
48.04999999999901,1322.7801224690343,199603.7335468521,199603.7335468521,8.9570687766409,0.051207097448185225,297.3517418424293,15.687794135908742,458522.8998916453,1.2,1513.3500000004078
48.05999999999901,1322.5413954506698,199554.77571711186,199554.77571711186,8.956196197799791,0.051150470060634445,297.3564201868516,15.687794135908742,458525.103092662,1.2,1511.8200000004078
48.069999999999006,1322.3026756471486,199505.81634070256,199505.81634070256,8.95532347088859,0.051093895103950376,297.3610994482039,15.687794135908742,458527.3043230219,1.2,1510.2900000004079
48.079999999999,1322.0639630552068,199456.8554148477,199456.8554148477,8.954450595838464,0.051037372541564104,297.3657796266211,15.687794135908742,458529.5035840339,1.2,1508.760000000408
48.089999999999,1321.8252576715822,199407.89293677,199407.89293677,8.953577572580542,0.05098090233688943,297.37046072224047,15.687794135908742,458531.7008770081,1.2,1507.230000000408
48.099999999999,1321.5865594930142,199358.9289036911,199358.9289036911,8.952704401045901,0.050924484453346096,297.37514273520003,15.687794135908742,458533.8962032541,1.2,1505.700000000408
48.109999999999,1321.3478685162454,199309.9633128314,199309.9633128314,8.951831081165583,0.05086811885437549,297.37982566563693,15.687794135908742,458536.08956408117,1.2,1504.170000000408
48.119999999998996,1321.1091847380194,199260.99616141032,199260.99616141032,8.950957612870598,0.05081180550346954,297.3845095136854,15.687794135908742,458538.2809607963,1.2,1502.640000000408
48.129999999998994,1320.870508155082,199212.02744664642,199212.02744664642,8.950083996091896,0.050755544364072945,297.3891942794844,15.687794135908742,458540.4703947086,1.2,1501.110000000408
48.13999999999899,1320.6318387641813,199163.057165757,199163.057165757,8.949210230760405,0.05069933539965948,297.39387996317197,15.687794135908742,458542.65786712617,1.2,1499.580000000408
48.14999999999899,1320.3931765620664,199114.08531595828,199114.08531595828,8.948336316807005,0.05064317857375378,297.3985665648827,15.687794135908742,458544.84337935515,1.2,1498.050000000408
48.15999999999899,1320.1545215454898,199065.11189446555,199065.11189446555,8.94746225416254,0.0505870738498335,297.4032540847564,15.687794135908742,458547.02693270356,1.2,1496.5200000004081
48.169999999998986,1319.9158737112043,199016.1368984929,199016.1368984929,8.946588042757798,0.05053102119145086,297.40794252292756,15.687794135908742,458549.2085284768,1.2,1494.9900000004081
48.179999999998984,1319.6772330559666,198967.1603252536,198967.1603252536,8.945713682523547,0.050475020562094575,297.41263187953723,15.687794135908742,458551.38816798275,1.2,1493.4600000004082
48.18999999999898,1319.4385995765333,198918.18217195955,198918.18217195955,8.944839173390507,0.05041907192533634,297.41732215472064,15.687794135908742,458553.565852526,1.2,1491.9300000004082
48.19999999999898,1319.199973269665,198869.20243582182,198869.20243582182,8.943964515289345,0.05036317524473723,297.4220133486149,15.687794135908742,458555.74158341193,1.2,1490.4000000004082
48.20999999999898,1318.9613541321223,198820.22111405025,198820.22111405025,8.943089708150705,0.05030733048384282,297.42670546135963,15.687794135908742,458557.91536194633,1.2,1488.8700000004083
48.219999999998976,1318.722742160669,198771.23820385383,198771.23820385383,8.942214751905183,0.050251537606249286,297.4313984930913,15.687794135908742,458560.08718943334,1.2,1487.3400000004083
48.229999999998974,1318.4841373520708,198722.2537024402,198722.2537024402,8.941339646483328,0.05019579657555124,297.4360924439477,15.687794135908742,458562.25706717715,1.2,1485.8100000004083
48.23999999999897,1318.2455397030944,198673.26760701634,198673.26760701634,8.940464391815661,0.05014010735532023,297.44078731406944,15.687794135908742,458564.4249964831,1.2,1484.2800000004083
48.24999999999897,1318.0069492105094,198624.27991478774,198624.27991478774,8.939588987832654,0.05008446990922223,297.4454831035906,15.687794135908742,458566.5909786526,1.2,1482.7500000004084
48.25999999999897,1317.768365871087,198575.2906229591,198575.2906229591,8.938713434464733,0.05002888420084783,297.45017981265255,15.687794135908742,458568.75501499046,1.2,1481.2200000004084
48.269999999998966,1317.529789681601,198526.29972873395,198526.29972873395,8.937837731642297,0.049973350193854224,297.45487744139234,15.687794135908742,458570.9171067988,1.2,1479.6900000004084
48.279999999998964,1317.291220638825,198477.30722931473,198477.30722931473,8.936961879295692,0.04991786785189536,297.45957598994806,15.687794135908742,458573.0772553801,1.2,1478.1600000004084
48.28999999999896,1317.0526587395375,198428.31312190287,198428.31312190287,8.936085877355229,0.04986243713863326,297.4642754584587,15.687794135908742,458575.23546203633,1.2,1476.6300000004085
48.29999999999896,1316.8141039805164,198379.31740369875,198379.31740369875,8.935209725751177,0.049807058017757436,297.4689758470618,15.687794135908742,458577.391728069,1.2,1475.1000000004085
48.30999999999896,1316.5755563585426,198330.32007190166,198330.32007190166,8.93433342441376,0.04975173045291165,297.47367715589996,15.687794135908742,458579.5460547808,1.2,1473.5700000004085
48.319999999998956,1316.3370158703992,198281.32112370973,198281.32112370973,8.933456973273175,0.04969645440787147,297.4783793851057,15.687794135908742,458581.69844347006,1.2,1472.0400000004086
48.329999999998954,1316.0984825128708,198232.32055632022,198232.32055632022,8.932580372259553,0.0496412298463018,297.4830825348222,15.687794135908742,458583.848895439,1.2,1470.5100000004086
48.33999999999895,1315.8599562827435,198183.31836692913,198183.31836692913,8.931703621303004,0.049586056731945855,297.48778660518695,15.687794135908742,458585.99741198745,1.2,1468.9800000004086
48.34999999999895,1315.621437176806,198134.3145527316,198134.3145527316,8.930826720333599,0.049530935028532154,297.49249159633996,15.687794135908742,458588.1439944153,1.2,1467.4500000004086
48.35999999999895,1315.3829251918492,198085.30911092134,198085.30911092134,8.929949669281346,0.049475864699831895,297.49719750841876,15.687794135908742,458590.2886440211,1.2,1465.9200000004087
48.369999999998946,1315.1444203246647,198036.3020386914,198036.3020386914,8.929072468076232,0.04942084570960058,297.50190434156326,15.687794135908742,458592.4313621044,1.2,1464.3900000004087
48.379999999998944,1314.9059225720466,197987.29333323357,197987.29333323357,8.928195116648203,0.04936587802162184,297.5066120959122,15.687794135908742,458594.5721499633,1.2,1462.8600000004087
48.38999999999894,1314.6674319307913,197938.2829917384,197938.2829917384,8.927317614927144,0.04931096159966456,297.5113207716068,15.687794135908742,458596.71100889676,1.2,1461.3300000004087
48.39999999999894,1314.4289483976963,197889.2710113958,197889.2710113958,8.92643996284292,0.049256096407561414,297.5160303687838,15.687794135908742,458598.84794020164,1.2,1459.8000000004088
48.40999999999894,1314.1904719695617,197840.25738939416,197840.25738939416,8.925562160325349,0.049201282409093564,297.52074088758553,15.687794135908742,458600.98294517625,1.2,1458.2700000004088
48.419999999998936,1313.9520026431892,197791.242122921,197791.242122921,8.924684207304196,0.04914651956810739,297.52545232815015,15.687794135908742,458603.1160251171,1.2,1456.7400000004088
48.429999999998934,1313.7135404153819,197742.22520916283,197742.22520916283,8.9238061037092,0.04909180784846937,297.5301646906149,15.687794135908742,458605.2471813197,1.2,1455.2100000004089
48.43999999999893,1313.4750852829457,197693.20664530492,197693.20664530492,8.922927849470055,0.0490371472139801,297.5348779751242,15.687794135908742,458607.37641508214,1.2,1453.6800000004089
48.44999999999893,1313.2366372426882,197644.1864285315,197644.1864285315,8.922049444516402,0.04898253762853393,297.5395921818152,15.687794135908742,458609.5037276992,1.2,1452.150000000409
48.45999999999893,1312.9981962914176,197595.16455602605,197595.16455602605,8.921170888777853,0.04892797905600988,297.5443073108277,15.687794135908742,458611.62912046624,1.2,1450.620000000409
48.469999999998926,1312.7597624259456,197546.14102497045,197546.14102497045,8.920292182183978,0.048873471460294,297.54902336230225,15.687794135908742,458613.7525946785,1.2,1449.090000000409
48.479999999998924,1312.5213356430854,197497.11583254577,197497.11583254577,8.919413324664303,0.048819014805292126,297.5537403363786,15.687794135908742,458615.8741516304,1.2,1447.560000000409
48.48999999999892,1312.2829159396506,197448.08897593204,197448.08897593204,8.918534316148309,0.04876460905491749,297.55845823319714,15.687794135908742,458617.9937926163,1.2,1446.030000000409
48.49999999999892,1312.0445033124588,197399.0604523081,197399.0604523081,8.917655156565434,0.04871025417309717,297.5631770528982,15.687794135908742,458620.1115189298,1.2,1444.500000000409
48.50999999999892,1311.8060977583286,197350.03025885182,197350.03025885182,8.91677584584509,0.04865595012377912,297.56789679562155,15.687794135908742,458622.22733186465,1.2,1442.970000000409
48.519999999998916,1311.5676992740791,197300.99839273997,197300.99839273997,8.915896383916621,0.04860169687091055,297.5726174615081,15.687794135908742,458624.3412327136,1.2,1441.440000000409
48.529999999998914,1311.329307856534,197251.96485114808,197251.96485114808,8.915016770709352,0.04854749437846743,297.5773390506977,15.687794135908742,458626.4532227692,1.2,1439.9100000004091
48.53999999999891,1311.090923502516,197202.92963125082,197202.92963125082,8.914137006152568,0.048493342610416455,297.58206156333176,15.687794135908742,458628.563303324,1.2,1438.3800000004092
48.54999999999891,1310.852546208852,197153.8927302216,197153.8927302216,8.913257090175485,0.04843924153075493,297.5867849995506,15.687794135908742,458630.6714756696,1.2,1436.8500000004092
48.55999999999891,1310.6141759723682,197104.85414523294,197104.85414523294,8.912377022707302,0.04838519110350627,297.59150935949333,15.687794135908742,458632.7777410968,1.2,1435.3200000004092
48.569999999998906,1310.375812789896,197055.81387345606,197055.81387345606,8.911496803677174,0.048331191292672805,297.59623464330195,15.687794135908742,458634.8821008974,1.2,1433.7900000004092
48.579999999998904,1310.137456658265,197006.77191206132,197006.77191206132,8.910616433014201,0.048277242062270805,297.6009608511187,15.687794135908742,458636.984556362,1.2,1432.2600000004093
48.5899999999989,1309.8991075743093,196957.72825821783,196957.72825821783,8.909735910647456,0.04822334337636601,297.6056879830825,15.687794135908742,458639.08510878053,1.2,1430.7300000004093
48.5999999999989,1309.660765534864,196908.68290909362,196908.68290909362,8.908855236505964,0.04816949519900949,297.6104160393348,15.687794135908742,458641.1837594427,1.2,1429.2000000004093
48.6099999999989,1309.4224305367652,196859.63586185573,196859.63586185573,8.907974410518703,0.04811569749427328,297.61514502001637,15.687794135908742,458643.28050963796,1.2,1427.6700000004093
48.619999999998896,1309.1841025768522,196810.5871136701,196810.5871136701,8.907093432614614,0.04806195022622894,297.6198749252693,15.687794135908742,458645.3753606554,1.2,1426.1400000004094
48.629999999998894,1308.9457816519648,196761.53666170154,196761.53666170154,8.9062123027226,0.04800825335899068,297.6246057552332,15.687794135908742,458647.46831378335,1.2,1424.6100000004094
48.63999999999889,1308.7074677589458,196712.48450311375,196712.48450311375,8.905331020771515,0.04795460685664462,297.62933751005124,15.687794135908742,458649.55937031034,1.2,1423.0800000004094
48.64999999999889,1308.4691608946391,196663.43063506935,196663.43063506935,8.904449586690172,0.04790101068333179,297.6340701898629,15.687794135908742,458651.6485315236,1.2,1421.5500000004095
48.65999999999889,1308.2308610558903,196614.37505472996,196614.37505472996,8.903568000407343,0.04784746480318717,297.6388037948096,15.687794135908742,458653.7357987103,1.2,1420.0200000004095
48.669999999998886,1307.9925682395474,196565.31775925605,196565.31775925605,8.902686261851764,0.04779396918035238,297.6435383250332,15.687794135908742,458655.82117315795,1.2,1418.4900000004095
48.679999999998884,1307.7542824424595,196516.25874580705,196516.25874580705,8.901804370952119,0.04774052377897572,297.6482737806764,15.687794135908742,458657.9046561532,1.2,1416.9600000004095
48.68999999999888,1307.516003661478,196467.19801154113,196467.19801154113,8.900922327637055,0.04768712856324039,297.65301016187976,15.687794135908742,458659.98624898173,1.2,1415.4300000004096
48.69999999999888,1307.277731893456,196418.13555361563,196418.13555361563,8.900040131835176,0.04763378349733725,297.65774746878475,15.687794135908742,458662.06595292926,1.2,1413.9000000004096
48.70999999999888,1307.0394671352483,196369.07136918665,196369.07136918665,8.899157783475044,0.04758048854545661,297.6624857015336,15.687794135908742,458664.1437692814,1.2,1412.3700000004096
48.719999999998876,1306.8012093837115,196320.00545540918,196320.00545540918,8.898275282485177,0.04752724367182428,297.6672248602672,15.687794135908742,458666.2196993224,1.2,1410.8400000004096
48.729999999998874,1306.562958635704,196270.9378094372,196270.9378094372,8.897392628794057,0.047474048840650554,297.67196494512854,15.687794135908742,458668.29374433757,1.2,1409.3100000004097
48.73999999999887,1306.324714888086,196221.86842842345,196221.86842842345,8.89650982233011,0.04742090401618997,297.6767059562582,15.687794135908742,458670.36590560985,1.2,1407.7800000004097
48.74999999999887,1306.0864781377195,196172.79730951978,196172.79730951978,8.895626863021736,0.04736780916268199,297.6814478937993,15.687794135908742,458672.4361844238,1.2,1406.2500000004097
48.75999999999887,1305.8482483814678,196123.72444987687,196123.72444987687,8.894743750797288,0.04731476424440701,297.6861907578924,15.687794135908742,458674.50458206196,1.2,1404.7200000004098
48.769999999998866,1305.6100256161972,196074.6498466442,196074.6498466442,8.893860485585062,0.04726176922562675,297.6909345486811,15.687794135908742,458676.5710998075,1.2,1403.1900000004098
48.779999999998864,1305.3718098387744,196025.57349697035,196025.57349697035,8.89297706731333,0.047208824070643175,297.6956792663066,15.687794135908742,458678.6357389427,1.2,1401.6600000004098
48.78999999999886,1305.1336010460682,195976.49539800253,195976.49539800253,8.892093495910318,0.047155928743758825,297.7004249109113,15.687794135908742,458680.6985007495,1.2,1400.1300000004098
48.79999999999886,1304.8953992349502,195927.4155468872,195927.4155468872,8.891209771304203,0.04710308320928386,297.7051714826381,15.687794135908742,458682.7593865095,1.2,1398.6000000004099
48.80999999999886,1304.6572044022923,195878.33394076955,195878.33394076955,8.890325893423123,0.04705028743156274,297.70991898162816,15.687794135908742,458684.8183975035,1.2,1397.07000000041
48.819999999998856,1304.4190165449686,195829.2505767935,195829.2505767935,8.889441862195174,0.04699754137493304,297.71466740802447,15.687794135908742,458686.87553501246,1.2,1395.54000000041
48.829999999998854,1304.1808356598558,195780.16545210214,195780.16545210214,8.888557677548407,0.0469448450037472,297.7194167619699,15.687794135908742,458688.93080031686,1.2,1394.01000000041
48.83999999999885,1303.9426617438316,195731.07856383754,195731.07856383754,8.887673339410837,0.04689219828239224,297.7241670436055,15.687794135908742,458690.98419469583,1.2,1392.48000000041
48.84999999999885,1303.7044947937752,195681.98990914028,195681.98990914028,8.886788847710422,0.04683960117522722,297.72891825307613,15.687794135908742,458693.03571942996,1.2,1390.95000000041
48.85999999999885,1303.4663348065678,195632.89948515003,195632.89948515003,8.8859042023751,0.04678705364667422,297.73367039052204,15.687794135908742,458695.08537579706,1.2,1389.42000000041
48.869999999998846,1303.2281817790931,195583.80728900558,195583.80728900558,8.885019403332741,0.04673455566113495,297.7384234560868,15.687794135908742,458697.13316507626,1.2,1387.89000000041
48.879999999998844,1302.9900357082352,195534.71331784438,195534.71331784438,8.884134450511189,0.04668210718303884,297.74317744991265,15.687794135908742,458699.1790885454,1.2,1386.36000000041
48.88999999999884,1302.7518965908803,195485.61756880285,195485.61756880285,8.883249343838246,0.04662970817681589,297.747932372143,15.687794135908742,458701.2231474827,1.2,1384.83000000041
48.89999999999884,1302.5137644239176,195436.52003901615,195436.52003901615,8.882364083241653,0.046577358606909564,297.75268822292134,15.687794135908742,458703.26534316543,1.2,1383.3000000004101
48.90999999999884,1302.2756392042365,195387.42072561872,195387.42072561872,8.881478668649134,0.04652505843780605,297.7574450023885,15.687794135908742,458705.30567686993,1.2,1381.7700000004102
48.919999999998836,1302.037520928729,195338.3196257434,195338.3196257434,8.880593099988353,0.04647280763396356,297.7622027106893,15.687794135908742,458707.3441498732,1.2,1380.2400000004102
48.929999999998834,1301.7994095942877,195289.2167365225,195289.2167365225,8.87970737718693,0.046420606159882666,297.76696134796566,15.687794135908742,458709.38076345116,1.2,1378.7100000004102
48.93999999999883,1301.5613051978085,195240.11205508673,195240.11205508673,8.878821500172451,0.046368453980063846,297.77172091436114,15.687794135908742,458711.4155188792,1.2,1377.1800000004102
48.94999999999883,1301.3232077361881,195191.0055785659,195191.0055785659,8.877935468872456,0.04631635105902183,297.77648141001896,15.687794135908742,458713.44841743284,1.2,1375.6500000004103
48.95999999999883,1301.0851172063249,195141.89730408872,195141.89730408872,8.877049283214449,0.046264297361299354,297.7812428350813,15.687794135908742,458715.47946038644,1.2,1374.1200000004103
48.96999999999883,1300.8470336051187,195092.78722878284,195092.78722878284,8.876162943125868,0.0462122928514331,297.78600518969205,15.687794135908742,458717.5086490145,1.2,1372.5900000004103
48.979999999998824,1300.6089569294722,195043.67534977474,195043.67534977474,8.875276448534136,0.04616033749399418,297.79076847399324,15.687794135908742,458719.53598459053,1.2,1371.0600000004104
48.98999999999882,1300.3708871762888,194994.5616641898,194994.5616641898,8.874389799366615,0.04610843125353323,297.7955326881301,15.687794135908742,458721.56146838877,1.2,1369.5300000004104
48.99999999999882,1300.1328243424737,194945.44616915222,194945.44616915222,8.873502995550625,0.046056574094657556,297.800297832244,15.687794135908742,458723.5851016813,1.2,1368.0000000004104
49.00999999999882,1299.8947684249342,194896.3288617852,194896.3288617852,8.872616037013454,0.04600476598194593,297.80506390648,15.687794135908742,458725.6068857417,1.2,1366.4700000004104
49.01999999999882,1299.6567194205786,194847.20973921093,194847.20973921093,8.871728923682346,0.045953006880026355,297.8098309109801,15.687794135908742,458727.6268218413,1.2,1364.9400000004105
49.029999999998815,1299.4186773263177,194798.08879855025,194798.08879855025,8.870841655484478,0.04590129675350751,297.81459884588946,15.687794135908742,458729.64491125254,1.2,1363.4100000004105
49.03999999999881,1299.1806421390634,194748.96603692303,194748.96603692303,8.869954232347014,0.04584963556704586,297.81936771134997,15.687794135908742,458731.66115524626,1.2,1361.8800000004105
49.04999999999881,1298.94261385573,194699.84145144807,194699.84145144807,8.869066654197063,0.04579802328529131,297.8241375075054,15.687794135908742,458733.6755550933,1.2,1360.3500000004105
49.05999999999881,1298.704592473232,194650.71503924296,194650.71503924296,8.868178920961688,0.045746459872908415,297.8289082344996,15.687794135908742,458735.6881120642,1.2,1358.8200000004106
49.06999999999881,1298.4665779884876,194601.58679742418,194601.58679742418,8.867291032567904,0.045694945294576315,297.83367989247625,15.687794135908742,458737.6988274289,1.2,1357.2900000004106
49.079999999998805,1298.2285703984148,194552.45672310735,194552.45672310735,8.866402988942701,0.04564347951498814,297.8384524815792,15.687794135908742,458739.7077024573,1.2,1355.7600000004106
49.0899999999988,1297.990569699935,194503.32481340665,194503.32481340665,8.865514790013004,0.0455920624988443,297.84322600195276,15.687794135908742,458741.7147384184,1.2,1354.2300000004107
49.0999999999988,1297.7525758899692,194454.1910654352,194454.1910654352,8.86462643570571,0.04554069421088012,297.8480004537394,15.687794135908742,458743.7199365806,1.2,1352.7000000004107
49.1099999999988,1297.5145889654418,194405.05547630534,194405.05547630534,8.86373792594767,0.04548937461582494,297.85277583708347,15.687794135908742,458745.72329821234,1.2,1351.1700000004107
49.1199999999988,1297.2766089232791,194355.91804312778,194355.91804312778,8.86284926066568,0.045438103678429057,297.85755215212856,15.687794135908742,458747.7248245813,1.2,1349.6400000004107
49.129999999998795,1297.038635760407,194306.77876301252,194306.77876301252,8.861960439786507,0.045386881363457046,297.8623293990184,15.687794135908742,458749.7245169547,1.2,1348.1100000004108
49.13999999999879,1296.8006694737546,194257.63763306837,194257.63763306837,8.86107146323687,0.04533570763566735,297.86710757789854,15.687794135908742,458751.7223766004,1.2,1346.5800000004108
49.14999999999879,1296.5627100602528,194208.49465040286,194208.49465040286,8.860182330943443,0.04528458245987404,297.87188668891065,15.687794135908742,458753.7184047837,1.2,1345.0500000004108
49.15999999999879,1296.3247575168339,194159.3498121226,194159.3498121226,8.859293042832853,0.04523350580086389,297.87666673220025,15.687794135908742,458755.7126027714,1.2,1343.5200000004108
49.16999999999879,1296.086811840431,194110.203115333,194110.203115333,8.858403598831687,0.04518247762346606,297.8814477079103,15.687794135908742,458757.7049718286,1.2,1341.9900000004109
49.179999999998785,1295.8488730279796,194061.05455713833,194061.05455713833,8.8575139988665,0.04513149789250988,297.886229616185,15.687794135908742,458759.6955132207,1.2,1340.460000000411
49.18999999999878,1295.610941076417,194011.90413464184,194011.90413464184,8.856624242863774,0.045080566572832804,297.89101245716915,15.687794135908742,458761.6842282125,1.2,1338.930000000411
49.19999999999878,1295.3730159826819,193962.75184494554,193962.75184494554,8.855734330749975,0.04502968362929253,297.89579623100695,15.687794135908742,458763.6711180685,1.2,1337.400000000411
49.20999999999878,1295.1350977437141,193913.59768515048,193913.59768515048,8.85484426245152,0.04497884902676907,297.9005809378418,15.687794135908742,458765.6561840522,1.2,1335.870000000411
49.21999999999878,1294.8971863564561,193864.4416523566,193864.4416523566,8.853954037894763,0.04492806273014264,297.90536657781865,15.687794135908742,458767.63942742714,1.2,1334.340000000411
49.229999999998775,1294.659281817852,193815.28374366226,193815.28374366226,8.853063657006043,0.04487732470430753,297.91015315108206,15.687794135908742,458769.6208494566,1.2,1332.810000000411
49.23999999999877,1294.4213841248456,193766.12395616548,193766.12395616548,8.852173119711637,0.04482663491419339,297.914940657775,15.687794135908742,458771.6004514025,1.2,1331.280000000411
49.24999999999877,1294.1834932743845,193716.96228696255,193716.96228696255,8.851282425937775,0.044775993324716754,297.91972909804264,15.687794135908742,458773.57823452714,1.2,1329.750000000411
49.25999999999877,1293.9456092634173,193667.798733149,193667.798733149,8.850391575610661,0.04472539990082193,297.92451847202915,15.687794135908742,458775.55420009233,1.2,1328.2200000004111
49.26999999999877,1293.7077320888939,193618.63329181887,193618.63329181887,8.84950056865644,0.044674854607461824,297.9293087798792,15.687794135908742,458777.52834935935,1.2,1326.6900000004111
49.279999999998765,1293.4698617477661,193569.46596006543,193569.46596006543,8.848609405001216,0.04462435740961607,297.9341000217361,15.687794135908742,458779.50068358815,1.2,1325.1600000004112
49.28999999999876,1293.2319982369868,193520.29673498074,193520.29673498074,8.847718084571047,0.04457390827224657,297.93889219774644,15.687794135908742,458781.47120404016,1.2,1323.6300000004112
49.29999999999876,1292.9941415535113,193471.1256136557,193471.1256136557,8.846826607291959,0.04452350716035462,297.94368530805417,15.687794135908742,458783.43991197506,1.2,1322.1000000004112
49.30999999999876,1292.7562916942961,193421.95259318006,193421.95259318006,8.845934973089923,0.04447315403897708,297.94847935280137,15.687794135908742,458785.4068086512,1.2,1320.5700000004113
49.31999999999876,1292.518448656299,193372.7776706425,193372.7776706425,8.845043181890864,0.04442284887311201,297.9532743321351,15.687794135908742,458787.37189532846,1.2,1319.0400000004113
49.329999999998755,1292.2806124364797,193323.60084313067,193323.60084313067,8.844151233620671,0.04437259162781826,297.9580702461981,15.687794135908742,458789.3351732648,1.2,1317.5100000004113
49.33999999999875,1292.0427830318,193274.42210773082,193274.42210773082,8.843259128205187,0.04432238226812932,297.9628670951367,15.687794135908742,458791.2966437187,1.2,1315.9800000004113
49.34999999999875,1291.8049604392218,193225.24146152838,193225.24146152838,8.8423668655702,0.044272220759112545,297.9676648790955,15.687794135908742,458793.25630794803,1.2,1314.4500000004114
49.35999999999875,1291.5671446557108,193176.0589016075,193176.0589016075,8.841474445641474,0.04422210706587008,297.972463598217,15.687794135908742,458795.21416720893,1.2,1312.9200000004114
49.36999999999875,1291.329335678232,193126.8744250513,193126.8744250513,8.840581868344714,0.04417204115347272,297.97726325264836,15.687794135908742,458797.1702227591,1.2,1311.3900000004114
49.379999999998745,1291.091533503754,193077.68802894154,193077.68802894154,8.839689133605582,0.044122022987044734,297.98206384253274,15.687794135908742,458799.12447585416,1.2,1309.8600000004114
49.38999999999874,1290.853738129245,193028.49971035926,193028.49971035926,8.838796241349698,0.04407205253169845,297.98686536801574,15.687794135908742,458801.07692775043,1.2,1308.3300000004115
49.39999999999874,1290.6159495516767,192979.30946638403,192979.30946638403,8.837903191502644,0.044022129752586354,297.9916678292406,15.687794135908742,458803.0275797024,1.2,1306.8000000004115
49.40999999999874,1290.3781677680213,192930.11729409453,192930.11729409453,8.83700998398994,0.043972254614838266,297.9964712263543,15.687794135908742,458804.976432966,1.2,1305.2700000004115
49.41999999999874,1290.1403927752522,192880.9231905681,192880.9231905681,8.836116618737083,0.0439224270836286,298.0012755595005,15.687794135908742,458806.9234887952,1.2,1303.7400000004116
49.429999999998735,1289.9026245703453,192831.7271528811,192831.7271528811,8.835223095669512,0.04387264712412866,298.0060808288249,15.687794135908742,458808.86874844437,1.2,1302.2100000004116
49.43999999999873,1289.664863150278,192782.52917810873,192782.52917810873,8.834329414712627,0.0438229147015495,298.0108870344706,15.687794135908742,458810.8122131664,1.2,1300.6800000004116
49.44999999999873,1289.4271085120286,192733.32926332505,192733.32926332505,8.83343557579178,0.043773229781083764,298.0156941765838,15.687794135908742,458812.75388421456,1.2,1299.1500000004116
49.45999999999873,1289.1893606525769,192684.12740560304,192684.12740560304,8.832541578832283,0.043723592327945676,298.02050225531,15.687794135908742,458814.6937628422,1.2,1297.6200000004117
49.46999999999873,1288.9516195689057,192634.92360201452,192634.92360201452,8.831647423759401,0.04367400230737038,298.0253112707943,15.687794135908742,458816.63185030123,1.2,1296.0900000004117
49.479999999998725,1288.7138852579974,192585.7178496301,192585.7178496301,8.83075311049835,0.04362445968462688,298.03012122317966,15.687794135908742,458818.5681478428,1.2,1294.5600000004117
49.48999999999872,1288.476157716837,192536.5101455195,192536.5101455195,8.829858638974306,0.04357496442494061,298.0349321126146,15.687794135908742,458820.50265671936,1.2,1293.0300000004117
49.49999999999872,1288.2384369424117,192487.3004867511,192487.3004867511,8.82896400911241,0.04352551649361633,298.0397439392417,15.687794135908742,458822.435378181,1.2,1291.5000000004118
49.50999999999872,1288.0007229317084,192438.0888703921,192438.0888703921,8.828069220837733,0.04347611585592762,298.04455670320755,15.687794135908742,458824.36631347844,1.2,1289.9700000004118
49.51999999999872,1287.7630156817172,192388.87529350887,192388.87529350887,8.827174274075327,0.04342676247718229,298.04937040465705,15.687794135908742,458826.29546386166,1.2,1288.4400000004118
49.529999999998715,1287.525315189429,192339.65975316628,192339.65975316628,8.826279168750188,0.043377456322690106,298.05418504373625,15.687794135908742,458828.22283058066,1.2,1286.9100000004119
49.53999999999871,1287.2876214518365,192290.44224642846,192290.44224642846,8.825383904787268,0.04332819735778798,298.05900062059,15.687794135908742,458830.148414884,1.2,1285.3800000004119
49.54999999999871,1287.0499344659333,192241.22277035806,192241.22277035806,8.824488482111473,0.04327898554781416,298.0638171353642,15.687794135908742,458832.07221802074,1.2,1283.850000000412
49.55999999999871,1286.8122542287156,192192.0013220168,192192.0013220168,8.823592900647672,0.043229820858135086,298.06863458820385,15.687794135908742,458833.9942412389,1.2,1282.320000000412
49.56999999999871,1286.5745807371804,192142.77789846523,192142.77789846523,8.82269716032067,0.043180703254105585,298.073452979256,15.687794135908742,458835.9144857867,1.2,1280.790000000412
49.579999999998705,1286.3369139883266,192093.5524967627,192093.5524967627,8.821801261055251,0.04313163270113381,298.0782723086642,15.687794135908742,458837.8329529109,1.2,1279.260000000412
49.5899999999987,1286.0992539791541,192044.32511396753,192044.32511396753,8.820905202776146,0.043082609164597566,298.08309257657635,15.687794135908742,458839.74964385905,1.2,1277.730000000412
49.5999999999987,1285.8616007066644,191995.09574713692,191995.09574713692,8.820008985408027,0.0430336326099279,298.08791378313646,15.687794135908742,458841.6645598769,1.2,1276.200000000412
49.6099999999987,1285.6239541678615,191945.8643933269,191945.8643933269,8.819112608875539,0.04298470300253818,298.0927359284917,15.687794135908742,458843.5777022112,1.2,1274.670000000412
49.6199999999987,1285.3863143597496,191896.63104959214,191896.63104959214,8.818216073103276,0.04293582030785017,298.0975590127899,15.687794135908742,458845.48907210806,1.2,1273.140000000412
49.629999999998695,1285.1486812793346,191847.39571298668,191847.39571298668,8.817319378015787,0.04288698449136405,298.1023830361725,15.687794135908742,458847.3986708108,1.2,1271.6100000004121
49.63999999999869,1284.9110549236252,191798.15838056293,191798.15838056293,8.816422523537575,0.04283819551852459,298.107207998788,15.687794135908742,458849.3064995653,1.2,1270.0800000004122
49.64999999999869,1284.67343528963,191748.91904937246,191748.91904937246,8.815525509593094,0.04278945335480378,298.11203390078344,15.687794135908742,458851.2125596161,1.2,1268.5500000004122
49.65999999999869,1284.4358223743602,191699.67771646564,191699.67771646564,8.814628336106765,0.04274075796572033,298.1168607423027,15.687794135908742,458853.116852206,1.2,1267.0200000004122
49.66999999999869,1284.1982161748274,191650.43437889163,191650.43437889163,8.81373100300295,0.04269210931675004,298.1216885234955,15.687794135908742,458855.0193785798,1.2,1265.4900000004122
49.679999999998685,1283.9606166880462,191601.18903369864,191601.18903369864,8.812833510205971,0.04264350737345397,298.1265172445044,15.687794135908742,458856.920139979,1.2,1263.9600000004123
49.68999999999868,1283.7230239110313,191551.94167793344,191551.94167793344,8.811935857640114,0.042594952101343515,298.13134690547844,15.687794135908742,458858.8191376469,1.2,1262.4300000004123
49.69999999999868,1283.4854378407995,191502.69230864197,191502.69230864197,8.811038045229605,0.042546443465989126,298.13617750656203,15.687794135908742,458860.71637282486,1.2,1260.9000000004123
49.70999999999868,1283.247858474369,191453.44092286896,191453.44092286896,8.810140072898633,0.042497981432945586,298.1410090479028,15.687794135908742,458862.61184675497,1.2,1259.3700000004123
49.71999999999868,1283.0102858087598,191404.18751765788,191404.18751765788,8.809241940571342,0.042449565967793514,298.1458415296471,15.687794135908742,458864.5055606781,1.2,1257.8400000004124
49.729999999998675,1282.772719840993,191354.9320900511,191354.9320900511,8.808343648171824,0.042401197036128824,298.15067495194137,15.687794135908742,458866.3975158351,1.2,1256.3100000004124
49.73999999999867,1282.5351605680908,191305.67463709004,191305.67463709004,8.807445195624135,0.042352874603555676,298.1555093149325,15.687794135908742,458868.287713466,1.2,1254.7800000004124
49.74999999999867,1282.2976079870778,191256.41515581467,191256.41515581467,8.806546582852281,0.042304598635687425,298.16034461876797,15.687794135908742,458870.1761548112,1.2,1253.2500000004125
49.75999999999867,1282.0600620949795,191207.1536432641,191207.1536432641,8.805647809780218,0.0422563690981887,298.1651808635916,15.687794135908742,458872.0628411086,1.2,1251.7200000004125
49.76999999999867,1281.8225228888232,191157.89009647613,191157.89009647613,8.804748876331868,0.04220818595668292,298.1700180495528,15.687794135908742,458873.9477735982,1.2,1250.1900000004125
49.779999999998665,1281.5849903656367,191108.62451248761,191108.62451248761,8.803849782431096,0.04216004917683989,298.1748561767979,15.687794135908742,458875.83095351816,1.2,1248.6600000004125
49.78999999999866,1281.3474645224505,191059.356888334,191059.356888334,8.802950528001729,0.042111958724330954,298.17969524547425,15.687794135908742,458877.7123821066,1.2,1247.1300000004126
49.79999999999866,1281.1099453562965,191010.08722104982,191010.08722104982,8.802051112967545,0.04206391456484895,298.18453525572875,15.687794135908742,458879.59206060105,1.2,1245.6000000004126
49.80999999999866,1280.8724328642065,190960.8155076684,190960.8155076684,8.801151537252274,0.04201591666411372,298.1893762077069,15.687794135908742,458881.46999023797,1.2,1244.0700000004126
49.81999999999866,1280.634927043216,190911.54174522188,190911.54174522188,8.800251800779611,0.04196796498782281,298.19421810155814,15.687794135908742,458883.34617225477,1.2,1242.5400000004126
49.829999999998655,1280.3974278903602,190862.2659307413,190862.2659307413,8.799351903473193,0.04192005950171884,298.1990609374285,15.687794135908742,458885.2206078874,1.2,1241.0100000004127
49.83999999999865,1280.1599354026762,190812.98806125662,190812.98806125662,8.798451845256615,0.041872200171548184,298.2039047154654,15.687794135908742,458887.0932983714,1.2,1239.4800000004127
49.84999999999865,1279.9224495772032,190763.7081337966,190763.7081337966,8.797551626053433,0.04182438696308902,298.20874943581435,15.687794135908742,458888.9642449413,1.2,1237.9500000004127
49.85999999999865,1279.684970410981,190714.42614538872,190714.42614538872,8.796651245787151,0.041776619842085326,298.21359509862583,15.687794135908742,458890.8334488335,1.2,1236.4200000004128
49.86999999999865,1279.447497901051,190665.1420930596,190665.1420930596,8.795750704381222,0.04172889877435245,298.21844170404466,15.687794135908742,458892.70091128105,1.2,1234.8900000004128
49.879999999998645,1279.2100320444565,190615.85597383455,190615.85597383455,8.79485000175907,0.041681223725676175,298.22328925222007,15.687794135908742,458894.5666335185,1.2,1233.3600000004128
49.88999999999864,1278.9725728382423,190566.56778473777,190566.56778473777,8.793949137844054,0.041633594661887985,298.228137743298,15.687794135908742,458896.4306167789,1.2,1231.8300000004128
49.89999999999864,1278.7351202794534,190517.2775227923,190517.2775227923,8.793048112559497,0.04158601154881603,298.2329871774265,15.687794135908742,458898.29286229523,1.2,1230.3000000004129
49.90999999999864,1278.4976743651378,190467.9851850201,190467.9851850201,8.79214692582868,0.04153847435229754,298.237837554754,15.687794135908742,458900.15337130026,1.2,1228.770000000413
49.91999999999864,1278.260235092344,190418.690768442,190418.690768442,8.79124557757483,0.04149098303819569,298.2426888754277,15.687794135908742,458902.01214502624,1.2,1227.240000000413
49.929999999998635,1278.022802458122,190369.3942700775,190369.3942700775,8.79034406772113,0.04144353757238978,298.24754113959494,15.687794135908742,458903.8691847043,1.2,1225.710000000413
49.93999999999863,1277.7853764595234,190320.09568694516,190320.09568694516,8.789442396190722,0.041396137920760565,298.2523943474041,15.687794135908742,458905.72449156607,1.2,1224.180000000413
49.94999999999863,1277.5479570936018,190270.79501606236,190270.79501606236,8.788540562906698,0.04134878404921066,298.25724849900297,15.687794135908742,458907.5780668418,1.2,1222.650000000413
49.95999999999863,1277.3105443574104,190221.4922544453,190221.4922544453,8.7876385677921,0.04130147592366949,298.2621035945382,15.687794135908742,458909.42991176195,1.2,1221.120000000413
49.96999999999863,1277.0731382480058,190172.18739910904,190172.18739910904,8.786736410769937,0.041254213510044095,298.26695963415995,15.687794135908742,458911.28002755664,1.2,1219.590000000413
49.979999999998626,1276.835738762445,190122.88044706744,190122.88044706744,8.785834091763153,0.04120699677429328,298.2718166180148,15.687794135908742,458913.12841545464,1.2,1218.060000000413
49.98999999999862,1276.5983458977862,190073.5713953334,190073.5713953334,8.784931610694661,0.041159825682385305,298.2766745462498,15.687794135908742,458914.9750766848,1.2,1216.530000000413
